int_no,rue_1,rue_2,street_1,street_2,date_,all_pedest,pi,fi,fli,fri,fti,cli,cri,cti,acc,ln_pi,ln_fi,ln_fli,ln_fri,ln_fti,ln_cli,ln_cri,ln_cti,tot_crossw,number_of_,avg_crossw,tot_road_w,median,green_stra,half_phase,any_ped_pr,ped_countd,lt_protect,lt_restric,lt_prot_re,parking,north_veh,north_ped,east_veh,east_ped,south_veh,south_ped,west_veh,west_ped,total_lane,of_exclusi,any_exclus,commercial,curb_exten,all_red_an,new_half_r,distdt,ln_distdt,traffic_10000,ped_100,borough,X,X.1,node_id,geometry
321,Beauséjour,Gouin,BeausÚjour,Gouin,08/12/2008,0,114.258651733398,14657.826171875,426.756713867188,315.683044433594,13915.38671875,10856.4794921875,11577.8701171875,1016447.9375,1,4.73846483230591,9.59272956848145,6.05621385574341,5.75473880767822,9.54074954986572,9.29251670837402,9.35685062408447,13.8318252563477,67.9000015258789,4,17,58,0,0,0,0,0,0,0,0,1,95.4843826293945,18.2813835144043,7254.8642578125,57.1293258666992,298.145111083984,22.8517303466797,7009.3330078125,15.9962110519409,3,0,0,0,0,0,0,13028.6591796875,9.47490692138672,1.4657826423645,1.14258646965027,Ahuntsic-Cartierville,NA,,23,"c(286478.90625, 5042815)"
1218,Dudemaine,O'Brien,Dudemaine,O'Brien,18/11/2008,0,1242.34057617188,18232.76171875,2672.29077148438,3055.58911132812,12504.880859375,905479.625,677857.75,7977466,5,7.12475204467773,9.81097507476807,7.89069080352783,8.0247278213501,9.43387413024902,13.7162199020386,13.4266929626465,15.8921308517456,61.7000007629395,4,15.3999996185303,52.0999984741211,0,0,0,0,0,0,0,0,0,5423.7607421875,288.223022460938,4295.4599609375,86.135612487793,5430.95849609375,390.923156738281,3082.58203125,477.058776855469,4,0,0,0,0,0,0,10557.85546875,9.26462554931641,1.82327616214752,12.4234056472778,Ahuntsic-Cartierville,NA,,52,"c(289116.3125, 5043195.5)"
2699,Chemin du Golf,Gouin,Chemin du Golf,Gouin,05/12/2008,0,215.03662109375,16485.3046875,778.712463378906,1058.74206542969,14647.8505859375,60484.90625,79184.9765625,1803787.75,0,5.37080812454224,9.71022510528564,6.65764188766479,6.96483707427979,9.59204864501953,11.0101490020752,11.2795419692993,14.4053993225098,77.6999969482422,4,19.3999996185303,62.7000007629395,1,0,0,0,0,0,0,0,0,170.702987670898,2.08773398399353,7802.46875,81.421630859375,941.743408203125,89.7725677490234,7570.3896484375,41.7546844482422,4,0,0,0,0,0,0,12664.05078125,9.44652271270752,1.64853048324585,2.15036630630493,Ahuntsic-Cartierville,NA,,101,"c(286915.625, 5043106.5)"
1221,Gouin,Henri-d'Arles,Gouin,Henri-d'Arles,05/12/2008,0,39.6669502258301,13784.7451171875,128.506744384766,115.080665588379,13541.158203125,2402.57836914062,1641.76184082031,282703.375,0,3.68051791191101,9.53131771087646,4.85598087310791,4.74563312530518,9.51348876953125,7.78429794311523,7.40352487564087,12.552152633667,47.5999984741211,3,15.8999996185303,40.2000007629395,0,0,0,0,0,1,1,1,1,0,0,7225.1474609375,8.35093688964844,51.7862968444824,18.7896060943604,6507.8115234375,12.5264053344727,4,0,0,0,0,0,0,12750.8046875,9.45335006713867,1.37847447395325,0.396669507026672,Ahuntsic-Cartierville,NA,,102,"c(286798.21875, 5042981.5)"
1228,Gouin,Toupin,Gouin,Toupin,08/12/2008,0,89.1217422485352,16019.9404296875,2223.421875,2178.60278320312,11617.916015625,60988.65625,59038.23046875,682862.75,0,4.49000310897827,9.68158912658691,7.70680284500122,7.686439037323,9.36030387878418,11.018443107605,10.9859399795532,13.4340486526489,75.9000015258789,4,19,60.9000015258789,1,0,0,0,0,0,0,0,1,270.863861083984,4.57034587860107,6880.72119140625,29.7072486877441,2511.82373046875,25.1369037628174,6356.53125,29.7072486877441,3,0,0,0,0,0,0,13148.1513671875,9.48403644561768,1.60199403762817,0.891217410564423,Ahuntsic-Cartierville,NA,,105,"c(286334.46875, 5042700.5)"
1229,Grenet,Salaberry,Grenet,Salaberry,25/11/2008,0,1262.21801757812,19765.955078125,2989.0068359375,2569.71801757812,14207.2294921875,759806.625,370373.625,12244668,8,7.14062595367432,9.89171600341797,8.00269603729248,7.8515510559082,9.5615062713623,13.5408191680908,12.8222675323486,16.3206005096436,67.9000015258789,4,17,60.0999984741211,0,0,0,0,0,0,0,0,1,3386.701171875,9.93872356414795,7916.09912109375,251.781021118164,2809.05444335938,86.135612487793,5654.099609375,914.362670898438,7,0,0,0,0,0,0,11446.4658203125,9.34543609619141,1.97659552097321,12.6221799850464,Ahuntsic-Cartierville,NA,,121,"c(288168.3125, 5043101)"
1232,Lachapelle,Salaberry,Lachapelle,Salaberry,26/11/2008,0,386.671875,26195.798828125,6177.31982421875,5360.65087890625,14657.8291015625,872914.1875,840877.5625,2968310.25,4,5.95757722854614,10.1733541488647,8.72863960266113,8.58684062957764,9.59272956848145,13.6795930862427,13.642201423645,14.9035034179688,84.0999984741211,4,21,81.9000015258789,1,1,1,1,0,0,1,1,0,2128.84448242188,4.97860813140869,6459.94189453125,205.782470703125,15261.61328125,51.4456176757812,2345.3994140625,124.465202331543,6,1,1,6,0,0,1,11521.21875,9.3519458770752,2.61957979202271,3.86671876907349,Ahuntsic-Cartierville,NA,,165,"c(288058.53125, 5042971.5)"
1388,Laurentien,Périnault,Laurentien,PÚrinault,02/12/2008,0,361.987274169922,19318.20703125,309.106109619141,223.963119506836,18785.138671875,35808.15234375,19750.3828125,3741709.25,0,5.89160919189453,9.86880302429199,5.73368501663208,5.41148090362549,9.84082126617432,10.4859313964844,9.89092826843262,15.1350526809692,72.8000030517578,4,18.2000007629395,58.5999984741211,0,0,1,1,0,0,1,1,0,14018.98046875,73.2109069824219,186.944427490234,119.98454284668,5016.033203125,126.085456848145,96.2486114501953,42.7063636779785,5,0,0,6,0,0,1,11716.81640625,9.3687801361084,1.93182075023651,3.61987280845642,Ahuntsic-Cartierville,NA,,171,"c(287863.125, 5042996)"
1235,Louisbourg,O'Brien,Louisbourg,O'Brien,18/11/2008,0,293.1923828125,12620.05078125,1198.48193359375,1306.45324707031,10115.115234375,85677.890625,88262.265625,1378456.25,0,5.68082904815674,9.44304180145264,7.08881092071533,7.17507076263428,9.22178554534912,11.3583498001099,11.3880681991577,14.136474609375,55.7000007629395,4,13.8999996185303,52.9000015258789,0,0,0,0,0,0,0,0,1,5044.0615234375,76.196891784668,1551.18835449219,96.074333190918,4052.5244140625,53.0065307617188,1972.27661132812,67.9146194458008,4,0,0,0,0,0,0,10849.228515625,9.29184913635254,1.2620050907135,2.93192386627197,Ahuntsic-Cartierville,NA,,185,"c(288877.6875, 5043414)"
1237,O'Brien,Salaberry,O'Brien,Salaberry,18/06/2009,0,870.180969238281,28314.75390625,3593.697265625,4717.298828125,20003.7578125,755537,710388.6875,7826229.5,4,6.76870107650757,10.2511377334595,8.18693733215332,8.45899200439453,9.9036750793457,13.5351839065552,13.4735679626465,15.8729906082153,73.5999984741211,4,18.3999996185303,63.2999992370605,0,1,0,1,1,0,1,1,0.5,3542.54150390625,173.369400024414,12520.390625,48.3433876037598,4207.5673828125,330.068664550781,8044.2548828125,318.399566650391,4,0,0,0,0,0,0,11145.4736328125,9.31878852844238,2.83147549629211,8.70180988311768,Ahuntsic-Cartierville,NA,,205,"c(288634.8125, 5043629.5)"
1236,Meulles,Salaberry,Meulles,Salaberry,25/11/2008,0,882.890014648438,17381.587890625,518.262451171875,356.305450439453,16507.01953125,135517.296875,76493.9609375,9761494,0,6.78320121765137,9.76316738128662,6.25048208236694,5.87578821182251,9.71154117584229,11.816855430603,11.2449674606323,16.0939559936523,51.0999984741211,3,17,45.2999992370605,0,0,1,1,0,1,1,1,1,0,74.5404357910156,8544.1328125,210.369674682617,266.329315185547,216.995483398438,8571.125,380.984436035156,6,0,0,0,0,0,1,11344.044921875,9.33644866943359,1.73815882205963,8.82890033721924,Ahuntsic-Cartierville,NA,,221,"c(288319.3125, 5043268)"
1254,Dudemaine,Pasteur,Dudemaine,Pasteur,22/09/2004,0,675.251342773438,8739.580078125,445.165954589844,823.812866210938,7470.60107421875,74028.6328125,142084.25,2478305.25,0,6.51508522033691,9.07561683654785,6.0984468460083,6.71394300460815,8.91873073577881,11.2122068405151,11.8641757965088,14.7230863571167,62.7999992370605,4,15.6999998092651,51.5999984741211,0,0,0,0,0,0,0,0,1,583.320922851562,183.179885864258,3638.08032226562,229.872787475586,547.5029296875,161.629302978516,3970.67553710938,100.569343566895,4,0,0,1,0,0,0,10103.8505859375,9.22067165374756,0.873957991600037,6.75251340866089,Ahuntsic-Cartierville,NA,,354,"c(289907.6875, 5044078.5)"
1253,Dudemaine,James-Morrice,Dudemaine,James-Morrice,17/09/2004,0,594.722534179688,10947.9716796875,1356.84423828125,1408.63220214844,8182.49560546875,224893.453125,242799.21875,2472278.5,0,6.38809490203857,9.30090999603271,7.2129168510437,7.25037384033203,9.00975227355957,12.3233823776245,12.3999900817871,14.7206506729126,61.2000007629395,4,15.3000001907349,53.7999992370605,0,0,0,0,0,0,0,0,1,2159.55737304688,210.553939819336,3614.798828125,121.89965057373,1149.6923828125,77.572509765625,4023.92358398438,184.696441650391,4,0,0,0,0,0,0,10199.9404296875,9.23013687133789,1.09479713439941,5.94722557067871,Ahuntsic-Cartierville,NA,,355,"c(289723, 5043874.5)"
1395,Henri-Bourassa,Marcelin-Wilson,Henri-Bourassa,Marcelin-Wilson,09/03/2004,0,1030.71875,38385.9375,2655.99389648438,3343.61303710938,32386.330078125,783966.1875,897182,18800794,0,6.93801212310791,10.5554456710815,7.8845739364624,8.11480712890625,10.3854923248291,13.5721206665039,13.7070140838623,16.7494106292725,99.5999984741211,4,24.8999996185303,81,1,0,1,1,1,0,0,0,0,1569.45104980469,201.579696655273,15872.9755859375,258.630554199219,2330.55590820312,247.22038269043,18612.953125,323.288177490234,8,0,0,2,0,0,1,9304.0771484375,9.13820838928223,3.83859372138977,10.3071870803833,Ahuntsic-Cartierville,NA,,393,"c(290772.625, 5044064)"
1737,Birnam,Sauvé,Birnam,SauvÚ,06/10/2004,0,364.2822265625,37480.76953125,5754.24609375,4473.283203125,27253.240234375,475778.96875,347624.40625,5426545,0,5.89792919158936,10.5315828323364,8.65769290924072,8.4058780670166,10.2129278182983,13.0727090835571,12.7588777542114,15.5068130493164,83.8000030517578,4,21,68.8000030517578,1,0,0,0,1,1,0,1,0,353.021240234375,88.1946487426758,16566.783203125,69.0218963623047,2415.673828125,76.6909942626953,18145.291015625,130.374694824219,7,3,1,3,0,0,0,8306.1494140625,9.02475166320801,3.74807691574097,3.642822265625,Ahuntsic-Cartierville,NA,,484,"c(291888.90625, 5044077)"
1250,Acadie,Port-Royal,Acadie,Port-Royal,01/10/2004,0,985.905578613281,47219.07421875,4685.66748046875,2919.60986328125,39613.796875,347246.90625,1944188.125,3096236.25,0,6.89356088638306,10.7625532150269,8.45226383209229,7.97920513153076,10.5869331359863,12.7577905654907,14.4803552627563,14.9456977844238,75,3,25,66.0999984741211,1,0,1,1,1,0,1,1,0,21881.76171875,63.097957611084,4481.4990234375,910.976745605469,20427.060546875,11.8308668136597,428.75390625,0,7,1,1,2,0,0,1,8148.69287109375,9.00561237335205,4.72190761566162,9.859055519104,Ahuntsic-Cartierville,NA,,520,"c(292005.8125, 5043960.5)"
1239,Acadie,Chabanel,Acadie,Chabanel,07/10/2004,0,1435.65625,119594.5703125,39538.19140625,40174.94140625,39881.4375,16828238,16221448,28628020,1,7.2693772315979,11.6918630599976,10.5850219726562,10.600998878479,10.5936660766602,16.6385688781738,16.6018447875977,17.1698951721191,108.599998474121,4,27.1000003814697,87.4000015258789,1,0,0,0,1,1,0,1,0,32409.576171875,576.553466796875,29673.541015625,408.551116943359,26768.369140625,141.274688720703,30743.08203125,309.277038574219,8,3,1,3,0,0,0,7580.52783203125,8.9333381652832,11.9594573974609,14.3565626144409,Ahuntsic-Cartierville,NA,,521,"c(292527.09375, 5043731.5)"
1251,Bois-de-Boulogne,Henri-Bourassa,Bois-de-Boulogne,Henri-Bourassa,12/01/2004,0,2265.31713867188,43953.2265625,5603.408203125,5645.31396484375,32704.505859375,3297610.5,3923447.25,31371374,0,7.72547006607056,10.6908807754517,8.63113021850586,8.63858127593994,10.3952684402466,15.0087089538574,15.1824808120728,17.2614059448242,96.5999984741211,4,24.2000007629395,89.6999969482422,1,1,1,1,1,1,0,1,0,2382.64575195312,902.287292480469,19516.142578125,527.93408203125,4016.97314453125,422.347259521484,18037.466796875,412.748443603516,8,2,1,4,0,0,1,9306.9404296875,9.13851547241211,4.39532279968262,22.6531715393066,Ahuntsic-Cartierville,NA,,525,"c(290851.84375, 5044241)"
1731,Acadie,Salaberry,Acadie,Salaberry,16/09/2004,0,2056.47631835938,24423.8671875,7025.8369140625,4658.65478515625,12739.3759765625,4301686,1565611.5,13054868,2,7.62874889373779,10.1033163070679,8.85735034942627,8.44648170471191,9.45245265960693,15.2745180130005,14.2637872695923,16.384672164917,90.5,4,22.6000003814697,79.6999969482422,1,1,0,1,1,1,0,1,0,3447.30346679688,754.637390136719,4244.7763671875,354.071563720703,9261.7890625,307.577301025391,7469.9990234375,640.190002441406,5,2,1,0,0,0,0,10653.09375,9.27360534667969,2.44238662719727,20.5647640228271,Ahuntsic-Cartierville,NA,,542,"c(289514.34375, 5044555)"
1245,Acadie,Louisbourg,Acadie,Louisbourg,23/09/2004,0,3140.14990234375,17897.712890625,1615.13488769531,1085.16870117188,15197.41015625,1376377.125,934294.4375,25734606,0,8.05202579498291,9.7924280166626,7.38717412948608,6.98949098587036,9.62887954711914,14.1349649429321,13.7475471496582,17.063346862793,118.699996948242,4,29.7000007629395,72.9000015258789,1,1,0,1,1,0,0,0,1,7787.978515625,604.425170898438,716.716125488281,675.954772949219,8731.8232421875,1094.40295410156,661.195861816406,765.366821289062,7,0,0,0,0,0,0,10333.298828125,9.24312686920166,1.78977131843567,31.4014987945557,Ahuntsic-Cartierville,NA,,543,"c(289798.53125, 5044407)"
1591,Acadie,Arthur-Lismer,Acadie,Arthur-Lismer,29/09/2004,0,765.04541015625,45473.4453125,3632.96362304688,1724.37841796875,40116.10546875,929732.0625,446101.5625,20172252,3,6.63993501663208,10.7248840332031,8.19780445098877,7.4526219367981,10.5995330810547,13.7426519393921,13.0083017349243,16.8198184967041,68.5999984741211,3,22.8999996185303,62.9000015258789,1,1,1,1,1,1,1,1,0,23609.146484375,247.831604003906,3597.1455078125,262.198669433594,18267.154296875,255.01513671875,0,0,7,1,1,0,0,0,1,8478.4013671875,9.04527759552002,4.54734468460083,7.65045404434204,Ahuntsic-Cartierville,NA,,558,"c(291630.625, 5043948)"
1204,Chabanel,Saint-Laurent,Chabanel,Saint-Laurent,18/09/2003,0,2417.70068359375,43204.859375,7313.53271484375,6344.45166015625,29546.873046875,5114836.5,3230470.5,37913900,4,7.79057216644287,10.6737079620361,8.89748191833496,8.75533580780029,10.2937326431274,15.4476556777954,14.9881381988525,17.4508285522461,76.5,4,19.1000003814697,69.5999984741211,1,0,1,1,1,0,0,0,0,18569.00390625,904.849548339844,1347.62817382812,522.166137695312,16731.787109375,382.683410644531,6556.43798828125,608.001647949219,6,0,0,2,0,0,1,7836.6181640625,8.96656227111816,4.32048606872559,24.1770076751709,Ahuntsic-Cartierville,NA,,579,"c(293003.59375, 5044960)"
1206,Fleury,Saint-Laurent,Fleury,Saint-Laurent,15/09/2003,0,1687.28747558594,30805.923828125,3236.91137695312,3300.07080078125,24268.94140625,1397073.25,1312611.25,19568546,7,7.43087720870972,10.3354616165161,8.08237457275391,8.10169887542725,10.0969533920288,14.1498899459839,14.0875291824341,16.7894344329834,69.1999969482422,4,17.2999992370605,60.9000015258789,0,0,0,0,0,0,0,0,0,9721.2607421875,311.561462402344,7036.9931640625,388.440277099609,9647.5751953125,424.856567382812,4400.09423828125,562.429138183594,6,0,0,2,0,0,0,8973.1884765625,9.10199642181396,3.08059239387512,16.872875213623,Ahuntsic-Cartierville,NA,,629,"c(291925.59375, 5045411.5)"
1207,Legendre,Saint-Laurent,Legendre,Saint-Laurent,19/09/2003,0,1747.22839355469,47095.9609375,3376.57421875,4743.77587890625,38975.609375,1143941.625,2082330.375,37000308,4,7.46578598022461,10.7599420547485,8.1246166229248,8.46458911895752,10.5706911087036,13.949990272522,14.5489978790283,17.4264373779297,66.4000015258789,4,16.6000003814697,57.4000015258789,0,1,0,1,1,0,0,0,0,21160.5546875,572.558959960938,4878.4248046875,240.105377197266,16168.197265625,406.332183837891,4888.7822265625,528.231811523438,6,0,0,0,0,0,0,7581.26806640625,8.93343544006348,4.70959615707397,17.4722843170166,Ahuntsic-Cartierville,NA,,687,"c(293247.59375, 5044858.5)"
1210,Port-Royal,Saint-Laurent,Port-Royal,Saint-Laurent,16/09/2003,0,2248.59106445312,34270.203125,4006.26318359375,5020.443359375,25243.494140625,2075241,2641148.25,26279714,4,7.71805906295776,10.4420309066772,8.29561424255371,8.52127265930176,10.136323928833,14.5455875396729,14.7867240905762,17.0843086242676,63.2999992370605,4,15.8000001907349,58.5,0,0,0,0,1,0,0,0,0.5,14072.3779296875,699.322570800781,3244.36669921875,591.734497070312,14016.8759765625,326.350524902344,2936.58081054688,631.183471679688,6,0,0,2,0,0,0,8334.6796875,9.02818012237549,3.42702031135559,22.4859104156494,Ahuntsic-Cartierville,NA,,718,"c(292527.375, 5045154.5)"
1212,Saint-Laurent,Sauriol,Saint-Laurent,Sauriol,16/09/2003,0,702.908813476562,21782.1640625,580.252258300781,782.0791015625,20419.83203125,107937.5,170040.015625,8053241.5,1,6.55522680282593,9.98884677886963,6.36346292495728,6.66195583343506,9.92426204681396,11.5893077850342,12.0437889099121,15.9015846252441,48.5,3,16.2000007629395,45.7000007629395,0,0,0,0,0,1,1,1,0.5,11917.8759765625,147.037048339844,100.913429260254,96.8292770385742,9112.482421875,247.452606201172,650.891662597656,211.589904785156,6,0,0,0,0,0,0,8779.771484375,9.0802059173584,2.17821645736694,7.02908802032471,Ahuntsic-Cartierville,NA,,734,"c(292107.5, 5045333.5)"
1213,Saint-Laurent,Sauvé,Saint-Laurent,SauvÚ,15/09/2003,0,3835.84765625,48458.93359375,3573.7607421875,6052.76123046875,38832.41015625,3260753.5,6232342.5,74470584,4,8.25214576721191,10.7884721755981,8.18137359619141,8.70827007293701,10.5670108795166,14.9974689483643,15.6452627182007,18.1259155273438,83.5999984741211,4,20.8999996185303,70.6999969482422,1,1,0,1,1,0,0,0,0.5,11610.775390625,890.175659179688,11668.6708984375,1197.69079589844,12910.802734375,1015.60949707031,12268.68359375,732.371765136719,6,1,1,0,0,0,0,8555.7119140625,9.05435466766357,4.84589338302612,38.3584747314453,Ahuntsic-Cartierville,NA,,737,"c(292317.125, 5045241.5)"
1468,André-Grasset,Émile-Journault,AndrÚ-Grasset,?mile-Journault,28/10/2003,0,1259.63757324219,12820.412109375,2113.52807617188,2028.98693847656,8677.8974609375,670667.8125,627751.5,5330937,2,7.13857889175415,9.45879364013672,7.65611410140991,7.61529207229614,9.06853485107422,13.4160289764404,13.3499002456665,15.4890384674072,67,4,16.7999992370605,36,0,0,0,0,0,0,0,0,1,2774.93798828125,218.235092163086,4222.0830078125,271.836700439453,2685.423828125,516.87255859375,3137.96752929688,252.693252563477,4,0,0,0,0,0,0,7976.703125,8.98428058624268,1.28204119205475,12.5963754653931,Ahuntsic-Cartierville,NA,,816,"c(294223.71875, 5046420)"
1203,Beauharnois,Saint-Laurent,Beauharnois,Saint-Laurent,19/09/2003,0,1063.8515625,38240.21875,2050.802734375,2491.00024414062,33698.41796875,333552.40625,1111248.375,26064952,0,6.969651222229,10.551643371582,7.62598705291748,7.82043981552124,10.4252061843872,12.7175550460815,13.920994758606,17.0761013031006,70.5,4,17.6000003814697,64.9000015258789,1,0,0,0,0,0,0,0,0,18472.76171875,166.226791381836,300.370086669922,210.553939819336,16768.9375,609.498229980469,2698.15209960938,77.572509765625,6,0,0,0,0,0,0,7330.06591796875,8.89974021911621,3.82402181625366,10.6385154724121,Ahuntsic-Cartierville,NA,,831,"c(293490.34375, 5044761.5)"
1170,Berri,Émile-Journault,Berri,?mile-Journault,22/10/2003,0,1464.79809570312,23647.37890625,2551.83935546875,700.999328613281,20394.541015625,964224.5,263425.65625,14603705,1,7.28947305679321,10.0710077285767,7.84457015991211,6.55250692367554,9.92302322387695,13.7790794372559,12.4815263748169,16.4967861175537,57.7000007629395,4,14.3999996185303,48.9000015258789,0,0,0,0,0,1,1,1,1,19219.484375,333.605834960938,2703.13403320312,379.620452880859,0,375.785888671875,1724.76086425781,375.785888671875,3,0,0,0,0,0,0,7490.21923828125,8.92135334014893,2.36473798751831,14.6479806900024,Ahuntsic-Cartierville,NA,,833,"c(293683.875, 5045239)"
1172,Berri,Legendre,Berri,Legendre,23/10/2003,0,1160.74340820312,28494.55859375,1537.15405273438,2755.93310546875,24201.470703125,470069.0625,762979,15732441,2,7.05681610107422,10.2574682235718,7.33768796920776,7.92151117324829,10.0941686630249,13.0606346130371,13.5449857711792,16.5712356567383,57.4000015258789,4,14.3999996185303,49.7999992370605,0,0,0,0,0,1,1,1,0.5,21002.798828125,316.913482666016,3104.15576171875,240.548797607422,14.9238262176514,397.096435546875,4372.68115234375,206.184677124023,3,0,0,0,0,0,0,7734.68994140625,8.95347023010254,2.84945583343506,11.6074342727661,Ahuntsic-Cartierville,NA,,834,"c(293443.96875, 5045337.5)"
679,Berri,Chabanel,Berri,Chabanel,27/10/2003,0,522.691223144531,22347.630859375,1551.05432128906,414.997802734375,20381.580078125,154686.890625,37736.16015625,5618789,1,6.25899076461792,10.0144758224487,7.34669017791748,6.02827310562134,9.92238712310791,11.9491577148438,10.5383739471436,15.5416269302368,56.7000007629395,4,14.1999998092651,48.5999984741211,0,0,0,0,0,1,1,1,1,20713.578125,203.02880859375,1053.05688476562,133.912612915039,0,73.4359512329102,580.996948242188,112.313812255859,3,0,0,0,0,0,0,7980.7529296875,8.984787940979,2.23476314544678,5.22691202163696,Ahuntsic-Cartierville,NA,,835,"c(293203.46875, 5045436)"
1178,Chabanel,Lajeunesse,Chabanel,Lajeunesse,23/10/2003,0,1512.02099609375,18411.02734375,741.216674804688,1124.26159667969,16545.548828125,302672.96875,452461.40625,8985104,3,7.32120180130005,9.82070541381836,6.60829305648804,7.0248818397522,9.71387195587158,12.6204080581665,13.0224580764771,16.011079788208,55.2999992370605,4,13.8000001907349,47.5,0,0,0,0,0,1,1,1,1,0,313.095245361328,1278.47448730469,477.279357910156,15983.41796875,183.275268554688,1149.13464355469,538.37109375,3,0,0,0,0,0,0,8004.4521484375,8.98775291442871,1.84110271930695,15.1202096939087,Ahuntsic-Cartierville,NA,,843,"c(293234.4375, 5045507.5)"
1177,Chabanel,Christophe-Colomb,Chabanel,Christophe-Colomb,28/10/2003,0,849.96826171875,30454.6953125,696.221008300781,646.490905761719,29111.984375,84157.1640625,199863.734375,20620218,0,6.74519920349121,10.3239946365356,6.54566717147827,6.47155904769897,10.278904914856,11.3404407501221,12.2053909301758,16.8417835235596,63.4000015258789,3,21.1000003814697,56.2999992370605,1,0,0,0,0,1,1,1,1,13720.5263671875,604.932373046875,611.679870605469,141.661376953125,16122.4892578125,103.37451171875,0,0,6,0,0,0,0,0,0,8319.6171875,9.02637195587158,3.0454695224762,8.49968242645264,Ahuntsic-Cartierville,NA,,847,"c(293626.71875, 5046358)"
1292,Christophe-Colomb,Crémazie inter. Nord,Christophe-Colomb,CrÚmazie inter. Nord,20/11/2003,0,757.179504394531,72445.6171875,12508.73828125,8033.54345703125,51903.33203125,2141191.5,1096826.375,20433838,2,6.62960004806519,11.1905908584595,9.43418312072754,8.99138069152832,10.8571376800537,14.5768728256226,13.9079313278198,16.8327026367188,65.5,3,21.7999992370605,85,1,1,0,1,1,1,1,1,0,16389.22265625,257.366424560547,33333.5078125,85.7888107299805,22722.884765625,387.914611816406,0,26.1096363067627,7,2,1,0,1,0,0,7100.7080078125,8.86794948577881,7.24456167221069,7.57179498672485,Ahuntsic-Cartierville,NA,,854,"c(294673.59375, 5045655.5)"
1436,Christophe-Colomb,Jacques-Casault,Christophe-Colomb,Jacques-Casault,06/02/2004,0,225.066589355469,38596.55078125,3316.29711914062,2012.00390625,33268.25,269186.34375,93355.546875,5804512,0,5.41639614105225,10.5609178543091,8.10660362243652,7.60688591003418,10.4123592376709,12.5031585693359,11.4441709518433,15.574146270752,72,4,18,54.7000007629395,1,0,1,1,1,1,0,1,1,15277.1923828125,82.6775207519531,3228.564453125,32.1523704528809,20003.0625,91.8639144897461,87.7327270507812,18.37278175354,4,0,0,0,0,0,1,7234.6640625,8.88663959503174,3.85965514183044,2.25066590309143,Ahuntsic-Cartierville,NA,,855,"c(294616.75, 5045782.5)"
1183,Christophe-Colomb,Étienne-Blanchard,Christophe-Colomb,?tienne-Blanchard,31/10/2003,0,997.736450195312,36112.30859375,612.505554199219,1260.74060058594,34239.0625,104812.1640625,356043.3125,19844686,0,6.90548896789551,10.4943885803223,6.41755819320679,7.13945484161377,10.4411220550537,11.5599250793457,12.782808303833,16.8034477233887,73.1999969482422,4,18.2999992370605,54.9000015258789,0,0,1,1,1,0,0,0,0.5,14159.0869140625,477.178314208984,617.609802246094,212.955612182617,21269.255859375,102.5341796875,66.3547744750977,205.068359375,6,0,0,0,0,0,1,7693.97119140625,8.94819259643555,3.61123085021973,9.9773645401001,Ahuntsic-Cartierville,NA,,856,"c(294269.5, 5046090.5)"
1180,Christophe-Colomb,Émile-Journault,Christophe-Colomb,?mile-Journault,27/10/2003,0,539.97021484375,38957.91796875,3159.1708984375,3869.8544921875,31928.89453125,391187.75,479612.25,8322056,1,6.29151391983032,10.570237159729,8.05806541442871,8.26097202301025,10.3712673187256,12.8769426345825,13.0807332992554,15.934419631958,84.5999984741211,4,21.2000007629395,70.4000015258789,1,1,0,1,1,0,0,0,0,14094.36328125,138.232376098633,3911.35424804688,177.110244750977,16044.8525390625,116.633575439453,4907.34912109375,107.994049072266,6,0,0,0,0,0,0,7885.61279296875,8.9727954864502,3.89579176902771,5.39970207214355,Ahuntsic-Cartierville,NA,,857,"c(294070.125, 5046172)"
1184,Christophe-Colomb,Legendre,Christophe-Colomb,Legendre,05/12/2003,0,728.36669921875,34792.05859375,2076.43530273438,2337.95092773438,30377.671875,332250.46875,422839.5,9149937,3,6.59080505371094,10.4571437835693,7.63840818405151,7.75703001022339,10.3214626312256,12.71364402771,12.9547481536865,16.0292587280273,81.5,4,20.3999996185303,67.5,1,0,0,0,0,0,0,0,1,14895.9384765625,174.997192382812,1569.09460449219,335.805450439453,16726.548828125,122.971008300781,1600.4765625,94.5930786132812,6,0,0,0,0,0,0,8102.60888671875,8.9999418258667,3.4792058467865,7.28366708755493,Ahuntsic-Cartierville,NA,,858,"c(293845.15625, 5046263)"
1303,Crémazie,Saint-Laurent inter. Nord-Est,CrÚmazie,Saint-Laurent inter. Nord-Est,31/05/2004,0,824.957336425781,48096.8984375,10757.54296875,6024.01220703125,31315.34375,2999835.5,1376542.875,13295670,0,6.71533203125,10.7809734344482,9.28336238861084,8.70350933074951,10.3518629074097,14.9140682220459,14.1350860595703,16.4029483795166,37.4000015258789,2,18.7000007629395,36.0999984741211,1,1,0,1,0,0,1,1,0,0,228.509307861328,26338.525390625,174.286758422852,21758.373046875,143.302444458008,0,278.858795166016,4,0,0,0,0,0,0,7105.42822265625,8.86861419677734,4.80968999862671,8.24957370758057,Ahuntsic-Cartierville,NA,,861,"c(293761.625, 5044740)"
1188,Émile-Journault,Lajeunesse,?mile-Journault,Lajeunesse,23/10/2003,0,2126.7568359375,25713.751953125,1372.99194335938,2701.21264648438,21639.548828125,752912.0625,1447170,23664524,1,7.66235303878784,10.1547813415527,7.22474813461304,7.90145587921143,9.98227787017822,13.5317039489746,14.1851196289062,16.9794883728027,54.7999992370605,4,13.6999998092651,45.0999984741211,0,0,0,0,0,1,1,1,0.5,0,603.281127929688,3979.68701171875,496.370544433594,18147.373046875,526.916381835938,3586.69287109375,500.188781738281,3,0,0,0,0,0,0,7514.89990234375,8.92464256286621,2.57137513160706,21.2675685882568,Ahuntsic-Cartierville,NA,,874,"c(293713.96875, 5045309)"
1189,Émile-Journault,Saint-Hubert,Emile-Journault,Saint-Hubert,24/10/2003,0,5461.9169921875,33692.91015625,3404.51025390625,3578.05346679688,26710.34765625,5209629.5,5405183.5,59658492,2,8.60555458068848,10.4250431060791,8.13285636901855,8.18257427215576,10.1928062438965,15.4660186767578,15.5028686523438,17.904146194458,73.6999969482422,4,18.3999996185303,60.5,0,1,0,1,1,0,0,0,0,15164.6171875,638.866821289062,4854.10693359375,2480.53833007812,9769.4638671875,1273.7900390625,3904.72314453125,1068.7216796875,3,1,1,0,0,0,0,7643.72021484375,8.94163990020752,3.36929106712341,54.6191711425781,Ahuntsic-Cartierville,NA,,877,"c(293852.8125, 5045639.5)"
1194,Lajeunesse,Legendre,Lajeunesse,Legendre,22/10/2003,0,1752.38928222656,25992.44921875,2218.99072265625,1230.53112792969,22542.927734375,1082207.125,492042.4375,19306768,4,7.4687352180481,10.1655607223511,7.70480823516846,7.11520099639893,10.0231771469116,13.894513130188,13.1063203811646,16.7759666442871,55.5,4,13.8999996185303,46.4000015258789,0,1,0,1,1,0,1,1,1,0,448.642333984375,2642.6162109375,368.116790771484,17898.177734375,383.454986572266,5451.65673828125,552.175170898438,3,0,0,1,0,0,0,7759.27099609375,8.95664405822754,2.59924483299255,17.5238933563232,Ahuntsic-Cartierville,NA,,910,"c(293473.875, 5045408)"
1195,Lajeunesse,Louvain,Lajeunesse,Louvain,24/10/2003,0,2101.95068359375,22050.201171875,1270.94909667969,2557.21069335938,18222.041015625,457775.75,1326607.625,17896028,2,7.65062093734741,10.0010766983032,7.1475191116333,7.84667205810547,9.81038665771484,13.0341348648071,14.0981359481812,16.7000885009766,55.5,4,13.8999996185303,46.7999992370605,0,1,0,1,1,1,1,1,1,0,339.151519775391,3302.42602539062,776.893615722656,15741.3935546875,591.543334960938,3006.38159179688,394.362243652344,2,0,0,1,0,0,0,8252.9833984375,9.01832962036133,2.20502018928528,21.0195064544678,Ahuntsic-Cartierville,NA,,911,"c(292992.4375, 5045608)"
1469,Henri-Julien,Legendre,Henri-Julien,Legendre,22/10/2003,0,552.175170898438,11442.931640625,1855.88305664062,1628.94091796875,7958.107421875,226876.359375,311229.8125,1525788,2,6.31386518478394,9.34512710571289,7.52611589431763,7.39568519592285,8.98194599151611,12.3321599960327,12.648286819458,14.2380218505859,42.5,3,14.1999998092651,36.5999984741211,0,0,0,0,0,1,1,1,1,0,138.043792724609,4337.1181640625,107.367393493652,1790.32202148438,222.403900146484,5315.4912109375,84.3600997924805,2,0,0,0,0,0,0,7673.27490234375,8.9454984664917,1.14429318904877,5.52175188064575,Ahuntsic-Cartierville,NA,,913,"c(293371.53125, 5045159)"
1173,Berri,Louvain,Berri,Louvain,23/10/2003,0,1202.74401855469,24549.693359375,4084.15380859375,437.765563964844,20027.775390625,1185809.375,126767.453125,11806411,2,7.09236097335815,10.1084547042847,8.31486988067627,6.08168411254883,9.90487480163574,13.985936164856,11.7501096725464,16.2841529846191,57.7000007629395,4,14.3999996185303,49.7999992370605,0,1,0,1,1,0,1,1,1,21082.392578125,305.458801269531,2198.77709960938,297.822326660156,0,282.549377441406,1268.52526855469,316.913482666016,3,0,0,0,0,0,0,8226.640625,9.01513290405273,2.45496940612793,12.027440071106,Ahuntsic-Cartierville,NA,,921,"c(292963.84375, 5045534)"
1199,Louvain,Saint-Hubert,Louvain,Saint-Hubert,20/10/2003,0,1460.07958984375,34486.31640625,4201.8525390625,4248.5400390625,26035.923828125,1558633.375,1886584,17978704,0,7.28624582290649,10.448317527771,8.34328079223633,8.35433101654053,10.1672334671021,14.2593202590942,14.4502782821655,16.7046985626221,89.8000030517578,4,22.5,73.3000030517578,1,0,0,0,0,0,0,0,0,11485.064453125,285.104278564453,7718.958984375,544.289978027344,11417.626953125,358.540252685547,3864.6669921875,272.144989013672,6,3,1,0,0,0,0,8371.0068359375,9.03252983093262,3.44863152503967,14.6007957458496,Ahuntsic-Cartierville,NA,,923,"c(293126.125, 5045934)"
1198,Legendre,Saint-Hubert,Legendre,Saint-Hubert,24/10/2003,0,7950.3427734375,34688.234375,3766.90942382812,3858.78515625,27062.5390625,6247827.5,9369970,180217264,2,8.98097038269043,10.454155921936,8.23400974273682,8.25810813903809,10.2059059143066,15.647744178772,16.0530204772949,19.0096740722656,63.7000007629395,4,15.8999996185303,55.5,0,0,1,1,1,0,0,0,0.5,14225.4423828125,2665.888671875,321.5654296875,575.768859863281,16210.9814453125,4061.93090820312,3930.244140625,646.754089355469,6,2,1,2,0,0,1,7888.298828125,8.97313594818115,3.46882343292236,79.5034255981445,Ahuntsic-Cartierville,NA,,945,"c(293607.34375, 5045739)"
1179,Chabanel,Saint-Hubert,Chabanel,Saint-Hubert,20/10/2003,0,1179.29504394531,25662.427734375,1436.92993164062,1260.55578613281,22964.94140625,484497.34375,427041.5625,12303423,2,7.07267189025879,10.1527833938599,7.27026414871216,7.13930797576904,10.0417242050171,13.0908670425415,12.9646368026733,16.3253879547119,64,4,16,58.2999992370605,1,0,0,0,0,0,0,0,0,13222.8671875,285.104278564453,238.623733520508,107.994049072266,10893.6923828125,250.546188354492,1307.24304199219,535.650451660156,6,2,1,0,0,0,0,8127.18310546875,9.00296974182129,2.56624269485474,11.792950630188,Ahuntsic-Cartierville,NA,,946,"c(293367.5625, 5045834.5)"
1176,Berri,Sauvé,Berri,SauvÚ,25/02/2009,0,6952.9306640625,36980.40234375,1659.14697265625,4789.5732421875,30531.681640625,1464084.125,9214433,105763488,8,8.84691905975342,10.5181427001953,7.41405916213989,8.47419738769531,10.3265199661255,14.1967401504517,16.0362815856934,18.4767150878906,100.300003051758,4,25.1000003814697,72.5,1,1,0,1,1,0,1,1,0,18506.033203125,2643.45922851562,8665.1376953125,500.595184326172,0,1507.72143554688,9809.2314453125,2301.15502929688,5,0,0,0,0,0,0,8574.6611328125,9.05656719207764,3.6980402469635,69.5293045043945,Ahuntsic-Cartierville,NA,,986,"c(292623.40625, 5045669)"
1175,Berri,Sauriol,Berri,Sauriol,21/10/2003,0,1305.58178710938,22602.318359375,3754.62036132812,581.841857910156,18265.85546875,1041568.625,181280.609375,10242669,2,7.17440414428711,10.0258083343506,8.23074245452881,6.36619901657104,9.81278896331787,13.8562383651733,12.1078014373779,16.1420726776123,61.5999984741211,4,15.3999996185303,50.5999984741211,0,0,0,0,0,0,1,1,1,17858.068359375,283.32275390625,3252.3466796875,325.438293457031,19.8920288085938,256.521942138672,1472.01013183594,440.298858642578,2,0,0,0,0,0,0,8843.3701171875,9.08742332458496,2.26023173332214,13.0558176040649,Ahuntsic-Cartierville,NA,,987,"c(292363.25, 5045775)"
1171,Berri,Fleury,Berri,Fleury,20/10/2003,0,1105.85900878906,33386.57421875,3003.54663085938,2028.3017578125,28354.724609375,845657.5,471993.3125,15983370,2,7.00837802886963,10.4159088134766,8.00754928588867,7.61495399475098,10.2525491714478,13.6478700637817,13.0647201538086,16.5870590209961,64.1999969482422,4,16.1000003814697,54,0,0,0,0,0,0,1,1,0.5,20127.392578125,345.580963134766,6935.65087890625,306.703094482422,5.18747282028198,250.546188354492,6318.341796875,203.02880859375,3,0,0,2,0,0,0,9093.2275390625,9.11528491973877,3.33865737915039,11.0585899353027,Ahuntsic-Cartierville,NA,,988,"c(292123.03125, 5045875)"
1174,Berri,Prieur,Berri,Prieur,21/10/2003,0,624.075744628906,24352.81640625,1327.79296875,3804.3505859375,19220.671875,211116.421875,481714.0625,7773475,0,6.43627214431763,10.1004028320312,7.19127321243286,8.24390125274658,9.86374187469482,12.2601652145386,13.0851058959961,15.8662281036377,63.2999992370605,4,15.8000001907349,49.2999992370605,0,0,0,0,0,0,1,1,1,19578.728515625,241.20719909668,1685.84936523438,141.661376953125,0,191.434280395508,3088.23754882812,49.7729148864746,3,0,0,1,0,0,0,9342.3583984375,9.14231395721436,2.43528175354004,6.24075746536255,Ahuntsic-Cartierville,NA,,989,"c(291883.40625, 5045973)"
1266,Berri,Henri-Bourassa,Berri,Henri-Bourassa,20/01/2004,0,5721.35888671875,67600.21875,4028.81005859375,7093.46044921875,56477.9453125,6494986,9882669,166203664,8,8.65196228027344,11.1213655471802,8.30122566223145,8.86692905426025,10.9416055679321,15.6865406036377,16.1062927246094,18.9287242889404,74.0999984741211,4,18.5,86.1999969482422,1,1,0,1,1,1,1,1,0,26106.91796875,1356.96166992188,21435.3359375,1616.443359375,0,1280.39331054688,20057.96484375,1467.56042480469,8,0,0,2,1,0,0,9604.3251953125,9.1699686050415,6.76002168655396,57.2135887145996,Ahuntsic-Cartierville,NA,,990,"c(291632.375, 5046077)"
1265,Berri,Gouin,Berri,Gouin,,0,417.326751708984,33274.390625,880.222290039062,1646.06530761719,30748.103515625,160165.171875,316141.5,7715155.5,1,6.03386878967285,10.412543296814,6.78017377853394,7.40614318847656,10.3335838317871,11.9839611053467,12.6639451980591,15.858696937561,62.4000015258789,4,15.6000003814697,47.2000007629395,0,0,0,0,0,0,1,1,0,22487.9375,103.37451171875,2566.07177734375,61.2589721679688,0,199.091659545898,8220.380859375,53.6016006469727,4,0,0,0,0,0,0,9847.041015625,9.19492626190186,3.32743906974792,4.17326736450195,Ahuntsic-Cartierville,NA,,991,"c(291400.03125, 5046172.5)"
1192,Fleury,Lajeunesse,Fleury,Lajeunesse,03/11/2003,0,1472.73767089844,30119.001953125,2444.45556640625,2671.84692382812,25002.69921875,1117542.375,916208.5625,18405560,2,7.29487800598145,10.3129119873047,7.80157804489136,7.89052486419678,10.1267385482788,13.926643371582,13.7279987335205,16.7281627655029,47.7000007629395,3,15.8999996185303,51.5,0,0,0,0,0,0,1,1,0.5,0,371.349334716797,7354.0390625,316.490905761719,15586.634765625,286.951751708984,7178.32763671875,497.945678710938,4,0,0,4,1,0,0,9116.96484375,9.11789226531982,3.0119001865387,14.7273769378662,Ahuntsic-Cartierville,NA,,1017,"c(292158.09375, 5045956.5)"
1193,Fleury,Saint-Hubert,Fleury,Saint-Hubert,20/10/2003,0,1956.85217285156,29978.404296875,2427.73706054688,3537.85620117188,24012.810546875,1050472.5,1550633.5,23519532,0,7.57909202575684,10.3082332611084,7.79471492767334,8.1712760925293,10.0863428115845,13.8647508621216,14.2541742324829,16.9733428955078,60.9000015258789,4,15.1999998092651,52.9000015258789,0,1,0,1,1,0,0,0,0.5,8071.70751953125,751.638549804688,6588.09033203125,466.534301757812,7454.39794921875,298.063568115234,7864.20849609375,440.61572265625,4,0,0,0,0,0,0,9223.0751953125,9.1294641494751,2.9978404045105,19.5685214996338,Ahuntsic-Cartierville,NA,,1018,"c(292291.5, 5046280.5)"
1182,Christophe-Colomb,Fleury,Christophe-Colomb,Fleury,31/10/2003,0,3257.43212890625,36280.74609375,2802.21313476562,3629.09545898438,29849.439453125,2252908,2672015.75,48238072,0,8.08869361877441,10.499041557312,7.93816518783569,8.19673919677734,10.3039207458496,14.6277322769165,14.7983436584473,17.6916599273682,76.6999969482422,4,19.2000007629395,67.5,0,1,0,1,1,0,0,0,0.5,8789.455078125,1025.341796875,7237.7744140625,701.964782714844,13046.369140625,548.163513183594,7207.14892578125,981.961975097656,4,0,0,0,0,0,0,9421.7900390625,9.15078067779541,3.62807464599609,32.5743217468262,Ahuntsic-Cartierville,NA,,1024,"c(292512.9375, 5046813)"
1272,Gouin,Lajeunesse,Gouin,Lajeunesse,31/10/2003,0,1175.19946289062,33116.13671875,4690.77197265625,7094.8564453125,21330.505859375,1094881.5,1629329,12104467,1,7.06919288635254,10.4077758789062,8.4533519744873,8.86712455749512,9.96789360046387,13.906156539917,14.3036794662476,16.3090858459473,88.0999984741211,4,22,72.5,1,1,0,1,1,1,1,1,0,770.736206054688,193.237487792969,7972.78076171875,437.742065429688,17573.806640625,350.982391357422,6798.81201171875,193.237487792969,4,1,1,0,0,0,0,9857.0283203125,9.1959400177002,3.3116135597229,11.7519950866699,Ahuntsic-Cartierville,NA,,1055,"c(291443.9375, 5046246.5)"
1274,Gouin,Saint-Hubert,Gouin,Saint-Hubert,30/10/2003,0,1573.11279296875,10038.7607421875,3273.29248046875,1358.06811523438,5407.39990234375,895178.8125,486442.09375,2185228.5,1,7.36081218719482,9.21420860290527,8.09355163574219,7.21381902694702,8.59552383422852,13.7047786712646,13.0948734283447,14.5972309112549,58.7999992370605,4,14.6999998092651,44.7999992370605,0,0,0,0,0,0,0,0,1,228.832000732422,675.827575683594,2203.75170898438,57.2735214233398,3984.66162109375,588.008178710938,3621.51513671875,252.003494262695,2,0,0,0,0,0,0,9864.79296875,9.19672775268555,1.00387609004974,15.7311277389526,Ahuntsic-Cartierville,NA,,1058,"c(291670.09375, 5046540.5)"
1283,Henri-Bourassa,Saint-Hubert,Henri-Bourassa,Saint-Hubert,13/01/2004,0,6538.08837890625,48368.67578125,5423.39794921875,5630.00390625,37315.2734375,5880004.5,10890281,152447136,3,8.785400390625,10.7866077423096,8.59847831726074,8.63586521148682,10.5271577835083,15.5870676040649,16.2033805847168,18.8423271179199,101.199996948242,4,25.2999992370605,89.1999969482422,1,1,1,1,1,0,1,1,0,969.898681640625,718.891967773438,19065.109375,3462.59204101562,7191.02392578125,1565.39782714844,21142.64453125,791.20654296875,8,0,0,0,0,0,1,9780.9853515625,9.18819522857666,4.83686780929565,65.3808822631836,Ahuntsic-Cartierville,NA,,1084,"c(291750.84375, 5046506.5)"
1196,Lajeunesse,Sauriol,Lajeunesse,Sauriol,22/10/2003,0,1614.34545898438,22109.216796875,877.509948730469,2471.14868164062,18760.556640625,352362.25,1093307.375,15552363,2,7.38668489456177,10.0037498474121,6.7770881652832,7.81243801116943,9.83951187133789,12.7724151611328,13.9047183990479,16.5597229003906,56.0999984741211,4,14,46,0,0,0,0,0,0,1,1,1,0,475.484191894531,3515.0830078125,414.131378173828,16319.66796875,371.951324462891,2274.46533203125,352.778594970703,2,0,0,1,0,0,0,8867.958984375,9.09019947052002,2.21092176437378,16.1434555053711,Ahuntsic-Cartierville,NA,,1095,"c(292397.5625, 5045856)"
1397,Lajeunesse,Prieur,Lajeunesse,Prieur,21/10/2003,0,746.593688964844,15789.2978515625,2884.34423828125,34.8110504150391,12870.142578125,722304.5625,5731.064453125,2710165.25,0,6.61552095413208,9.66708755493164,7.96705293655396,3.54993510246277,9.46266460418701,13.4902019500732,8.65365695953369,14.8125200271606,41,3,13.6999998092651,36.0999984741211,0,0,1,1,1,0,0,0,0,0,45.9442291259766,0,0,14073.6103515625,164.633483886719,1715.6875,536.015991210938,2,0,0,3,0,0,1,9367.1396484375,9.14496326446533,1.57892978191376,7.4659366607666,Ahuntsic-Cartierville,NA,,1096,"c(291917.1875, 5046056)"
1200,Prieur,Saint-Hubert,Prieur,Saint-Hubert,23/10/2003,0,1256.19921875,14988.49609375,2198.77709960938,1024.76940917969,11764.94921875,1343271.5,435252.65625,12157500,0,7.13584613800049,9.61503791809082,7.69565677642822,6.93222284317017,9.37287998199463,14.1106185913086,12.983681678772,16.3134574890137,39.4000015258789,3,13.1000003814697,36,0,0,0,0,0,0,1,1,1,5486.9931640625,423.824066162109,3238.47021484375,221.457626342773,6258.0576171875,610.917602539062,4.97460889816284,0,2,0,0,0,0,0,0,9468.6748046875,9.1557445526123,1.49884963035583,12.5619926452637,Ahuntsic-Cartierville,NA,,1128,"c(292052.96875, 5046380)"
1185,Christophe-Colomb,Prieur,Christophe-Colomb,Prieur,27/10/2003,0,695.481689453125,21922.259765625,2557.42407226562,2282.48803710938,17082.34765625,406223.9375,324992.59375,6844923,0,6.54460477828979,9.99525833129883,7.84675598144531,7.7330207824707,9.74580097198486,12.9146604537964,12.6915578842163,15.7390184402466,75.1999969482422,4,18.7999992370605,62.2000007629395,0,0,0,0,0,0,0,0,1,6821.5263671875,263.505493164062,4948.8486328125,107.994049072266,10151.8837890625,159.831192016602,0,164.150955200195,4,0,0,0,0,0,0,9663.1513671875,9.17607498168945,2.19222593307495,6.9548168182373,Ahuntsic-Cartierville,NA,,1132,"c(292274.125, 5046913.5)"
1201,Saint-Hubert,Sauriol,Saint-Hubert,Sauriol,24/10/2003,0,970.131103515625,31120.38671875,1587.41027832031,2215.228515625,27317.748046875,412102.84375,551496.75,13356093,1,6.87743091583252,10.3456182479858,7.36985921859741,7.70311117172241,10.2152919769287,12.929027557373,13.2203912734985,16.4074821472168,54.0999984741211,4,13.5,49.2000007629395,0,0,0,0,0,0,0,0,1,10279.8857421875,216.899230957031,6176.09814453125,232.673721313477,9320.29296875,279.997192382812,5344.111328125,240.560958862305,3,0,0,0,0,0,0,8975.57421875,9.10226249694824,3.11203861236572,9.7013111114502,Ahuntsic-Cartierville,NA,,1141,"c(292530.90625, 5046178)"
1186,Christophe-Colomb,Sauriol,Christophe-Colomb,Sauriol,05/12/2003,0,1295.92517089844,33970.8984375,2275.18725585938,2798.21875,28897.4921875,626281.375,1312106.125,17732270,1,7.16697978973389,10.4332599639893,7.72981786727905,7.93673801422119,10.2715101242065,13.3475551605225,14.0871438980103,16.690896987915,78,4,19.5,61.7000007629395,0,1,0,1,1,0,0,0,0,10811.0625,250.671661376953,4586.98681640625,652.692260742188,13792.341796875,331.075775146484,4780.50830078125,61.4855041503906,4,0,0,0,0,0,0,9179.96484375,9.12477874755859,3.39708995819092,12.9592514038086,Ahuntsic-Cartierville,NA,,1143,"c(292753.84375, 5046713)"
1202,Saint-Hubert,Sauvé,Saint-Hubert,SauvÚ,24/10/2003,0,1963.92395019531,37847.7421875,2649.08666992188,4216.080078125,30982.57421875,1200337.875,2080542.625,30391824,4,7.5826997756958,10.5413274765015,7.88196992874146,8.34666061401367,10.3411798477173,13.9981136322021,14.5481386184692,17.2296848297119,59.7000007629395,4,14.8999996185303,51.9000015258789,0,0,0,0,0,0,0,0,0,9182.4794921875,552.107116699219,8779.2470703125,508.727294921875,9407.064453125,516.614501953125,10478.94921875,386.474975585938,4,0,0,2,0,0,0,8729.392578125,9.0744514465332,3.78477430343628,19.6392402648926,Ahuntsic-Cartierville,NA,,1146,"c(292772.21875, 5046078.5)"
1187,Christophe-Colomb,Sauvé,Christophe-Colomb,Sauve,29/10/2003,0,1307.58154296875,46518.11328125,3202.40698242188,4614.49169921875,38701.21484375,1038928.1875,1799791.625,21935610,4,7.17593479156494,10.7475967407227,8.07165813446045,8.43695735931396,10.5636262893677,13.8536996841431,14.4031810760498,16.903621673584,76.3000030517578,4,19.1000003814697,65,0,1,0,1,1,0,0,0,0,12678.505859375,203.231140136719,7473.9638671875,486.987823486328,17151.7890625,145.712890625,9213.8544921875,471.649627685547,4,0,0,0,0,0,0,8938.9384765625,9.09817218780518,4.65181112289429,13.0758152008057,Ahuntsic-Cartierville,NA,,1148,"c(292994.40625, 5046612)"
1269,Christophe-Colomb,Henri-Bourassa,Christophe-Colomb,Henri-Bourassa,03/04/2008,0,1528.70520019531,42881.22265625,7383.97021484375,5514.267578125,29982.984375,2867196.75,1995990.25,16056727,8,7.33217620849609,10.6661891937256,8.90706729888916,8.61509418487549,10.3083848953247,14.8688449859619,14.5066509246826,16.5916385650635,127.300003051758,4,31.7999992370605,100.5,1,1,1,1,1,1,1,1,0.5,921.302734375,486.882110595703,19049.2890625,282.705749511719,7295.90478515625,523.529174804688,15614.7265625,235.588119506836,8,0,0,0,0,0,1,9823.978515625,9.19258117675781,4.28812217712402,15.287052154541,Ahuntsic-Cartierville,NA,,1159,"c(292116.28125, 5046981)"
1281,Henri-Bourassa,Millen,Henri-Bourassa,Millen,07/11/2003,0,2816.13110351562,41046.41015625,2222.16064453125,2949.32080078125,35874.9296875,1730737.25,1899934.125,52241820,3,7.94311904907227,10.6224594116211,7.7062349319458,7.98932981491089,10.4877939224243,14.3640575408936,14.457329750061,17.7713947296143,128.399993896484,4,32.0999984741211,102.699996948242,1,1,0,1,1,0,1,1,0,2145.88500976562,647.209289550781,19150.244140625,832.126281738281,25.425178527832,712.700744628906,19724.853515625,624.094665527344,8,0,0,0,0,0,0,9690.736328125,9.17892551422119,4.10464096069336,28.1613101959229,Ahuntsic-Cartierville,NA,,1167,"c(291717.8125, 5046324.5)"
1439,Lille,Port-Royal,Lille,Port-Royal,06/11/2003,0,1115.25451660156,18381.501953125,2299.54614257812,1922.89636230469,14159.05859375,381777.28125,497809.625,9378785,3,7.01683807373047,9.81910037994385,7.7404670715332,7.56158781051636,9.55811023712158,12.852593421936,13.1179733276367,16.0539608001709,55.9000015258789,4,14,44.2000007629395,0,0,0,0,0,0,0,0,0,3037.97802734375,141.738037109375,7265.37646484375,324.505493164062,3994.47021484375,52.2192726135254,4083.6767578125,596.791687011719,2,0,0,0,0,0,0,9401.1171875,9.14858341217041,1.83815014362335,11.1525449752808,Ahuntsic-Cartierville,NA,,1264,"c(293820.375, 5047900.5)"
1467,Lille,Sauvé,Lille,SauvÚ,07/11/2003,0,1067.12487792969,13114.3076171875,1739.08227539062,1566.19104003906,9809.0341796875,440574.09375,444805.46875,4964069,0,6.97272300720215,9.48145866394043,7.46111297607422,7.3564019203186,9.19105911254883,12.9958343505859,13.005392074585,15.4177360534668,54.2000007629395,4,13.6000003814697,43,0,0,0,0,0,0,0,0,1,2003.50415039062,342.866851806641,3183.232421875,200.326690673828,3249.337890625,300.490051269531,4678.23291015625,223.441314697266,3,0,0,0,0,0,0,9573.2392578125,9.16672706604004,1.31143081188202,10.6712484359741,Ahuntsic-Cartierville,NA,,1265,"c(293660.125, 5047997.5)"
1464,Lorimier,Port-Royal,Lorimier,Port-Royal,06/11/2003,0,619.17138671875,14307.736328125,4276.95751953125,4376.07568359375,5654.70263671875,264598.84375,770948.6875,1430024.25,0,6.42838191986084,9.56855583190918,8.36099720001221,8.38390827178955,8.64024257659912,12.485969543457,13.5553770065308,14.1732015609741,58,4,14.5,45.5,0,0,0,0,0,0,1,1,1,1556.15832519531,96.9786529541016,4916.27099609375,298.395843505859,4628.82763671875,37.2994804382324,3206.47924804688,186.497406005859,3,0,0,0,0,0,0,9246.166015625,9.13196468353271,1.4307736158371,6.19171380996704,Ahuntsic-Cartierville,NA,,1269,"c(293617.03125, 5047558.5)"
1470,Lorimier,Sauvé,Lorimier,SauvÚ,07/11/2003,0,920.732299804688,13709.2568359375,2115.375,783.095520019531,10810.7861328125,438850.1875,187062.78125,4506040.5,5,6.8251690864563,9.52582740783691,7.65698719024658,6.66325521469116,9.28829956054688,12.9919128417969,12.1392002105713,15.3209285736084,53.4000015258789,4,13.3999996185303,44.2999992370605,0,0,0,0,0,0,0,0,0.5,1098.36779785156,304.342468261719,4586.7021484375,196.474258422852,3259.50805664062,238.851058959961,4764.6787109375,181.064514160156,4,0,0,2,0,0,0,9421.396484375,9.15073871612549,1.37092566490173,9.20732307434082,Ahuntsic-Cartierville,NA,,1270,"c(293454.75, 5047654.5)"
1168,Papineau,Sauvé,Papineau,SauvÚ,26/05/2009,0,2595.1640625,50957.4296875,4237.55126953125,3018.40356445312,43701.4765625,2510545.5,2034534.625,70565624,9,7.86140489578247,10.8387460708618,8.35174083709717,8.01248264312744,10.6851367950439,14.7360105514526,14.5257778167725,18.0720539093018,83.0999984741211,4,20.7999992370605,69.9000015258789,1,1,1,1,1,1,1,1,0,20336.931640625,918.265441894531,5489.84814453125,481.937316894531,18615.0234375,906.102966308594,6515.62646484375,288.858337402344,8,2,1,2,0,0,1,9271.8623046875,9.13473987579346,5.09574317932129,25.9516410827637,Ahuntsic-Cartierville,NA,,1280,"c(293280.25, 5047320.5)"
1167,Papineau,Sauriol,Papineau,Sauriol,09/04/2008,0,1622.42663574219,51103.05859375,1750.66467285156,4434.56298828125,44917.83203125,1127898.5,1644141.75,56283904,7,7.39167785644531,10.8416004180908,7.46775102615356,8.39718437194824,10.7125902175903,13.9358673095703,14.3127288818359,17.8459186553955,86.6999969482422,4,21.7000007629395,69.4000015258789,1,0,0,0,0,0,1,1,0.5,19645.58984375,400.339019775391,5653.8974609375,163.296188354492,22043.388671875,990.312316894531,3760.18237304688,68.4790420532227,6,0,0,1,0,0,0,9522.171875,9.16137790679932,5.11030578613281,16.2242660522461,Ahuntsic-Cartierville,NA,,1281,"c(293052.59375, 5047455.5)"
1552,Industriel,Port-Royal/Saint-Michel,Industriel,Port-Royal/Saint-Michel,17/02/2009,0,675.437194824219,39572.984375,5901.07080078125,6913.21533203125,26758.697265625,278295.15625,1072899.125,7634131,2,6.51535987854004,10.5859022140503,8.68288898468018,8.84119033813477,10.1946153640747,12.5364379882812,13.88587474823,15.8481397628784,88.4000015258789,4,22.1000003814697,66.9000015258789,1,1,0,1,1,0,1,1,0,9991.044921875,124.422637939453,11332.291015625,156.022033691406,13617.3779296875,31.5993995666504,4632.26806640625,363.393096923828,6,0,0,2,0,0,0,9682.0732421875,9.1780309677124,3.95729851722717,6.75437211990356,Ahuntsic-Cartierville,NA,,1318,"c(294148.78125, 5048455)"
891,Saint-Michel,Sauvé,Saint-Michel,SauvÚ,17/02/2009,0,2403.529296875,21443.38671875,2843.939453125,2562.443359375,16037.00390625,1861706.625,2774563.25,18572398,9,7.7846941947937,9.97317218780518,7.95294618606567,7.84871578216553,9.68265438079834,14.4370040893555,14.8360042572021,16.7371864318848,66.0999984741211,3,22,55.5999984741211,1,0,1,1,1,1,0,1,0,9216.9306640625,106.647979736328,202.842849731445,61.2238388061523,9049.2744140625,1050.68005371094,2974.33837890625,1184.9775390625,6,0,0,3,0,0,1,9850.603515625,9.19528770446777,2.14433860778809,24.0352935791016,MontrÚal-Nord,NA,,1319,"c(293989.71875, 5048554)"
1711,Crémazie,De Lorimier inter. Nord,CrÚmazie,De Lorimier inter. Nord,03/10/2003,0,228.730102539062,27302.435546875,7196.9404296875,1179.0732421875,18926.421875,328164.53125,59622.36328125,1368133.875,0,5.43254280090332,10.2147312164307,8.88141059875488,7.07248401641846,9.84831428527832,12.7012701034546,10.9957857131958,14.1289577484131,61.0999984741211,3,20.3999996185303,56.9000015258789,1,0,0,0,0,1,1,1,0,1694.59875488281,55.2107124328613,19421.53125,35.4925994873047,6186.30615234375,114.365043640137,0,23.6617336273193,4,1,1,0,0,0,0,7074.98486328125,8.86432075500488,2.73024344444275,2.2873010635376,Villeray-Saint-Michel-Parc-Extension,NA,,1389,"c(295567.96875, 5046267)"
1490,Crémazie,Iberville inter. Nord,CrÚmazie,Iberville inter. Nord,19/11/2003,0,209.769607543945,31893.701171875,8063.861328125,160.774795532227,23669.06640625,386640.6875,10388.7099609375,2170525.25,0,5.34601020812988,10.3701639175415,8.99514770507812,5.08000516891479,10.0719242095947,12.8652505874634,9.24847507476807,14.590479850769,65.6999969482422,3,21.8999996185303,70.5,1,0,0,0,0,1,1,1,0,1894.12817382812,67.4259490966797,20528.93359375,37.4588584899902,9470.640625,59.9341735839844,0,44.9506301879883,6,0,0,0,1,0,0,7081.203125,8.86519908905029,3.18937015533447,2.09769606590271,Villeray-Saint-Michel-Parc-Extension,NA,,1390,"c(296003.4375, 5046518.5)"
877,6 e Avenue,Crémazie inter. Nord,6 e Avenue,CrÚmazie inter. Nord,05/11/2003,0,640.546508789062,23196.7890625,718.46240234375,346.670684814453,22131.65625,271819.09375,18180.2421875,3075773.5,0,6.46232223510742,10.0517692565918,6.57711315155029,5.84837484359741,10.0047636032104,12.5128917694092,9.80809116363525,14.9390668869019,41.2000007629395,3,13.6999998092651,37.9000015258789,0,1,0,1,0,1,1,1,0,1401.75537109375,142.343658447266,21795.03515625,67.4259490966797,0,378.33447265625,0,52.4424018859863,3,0,0,0,0,0,0,7139.1337890625,8.87334632873535,2.31967902183533,6.4054651260376,Villeray-Saint-Michel-Parc-Extension,NA,,1394,"c(296259.84375, 5046708)"
882,Denis-Papin,Saint-Michel,Denis-Papin,Saint-Michel,02/04/2004,0,2584.57250976562,36485.5703125,2454.04077148438,2221.09643554688,31810.435546875,1517151.5,1415982,45611772,1,7.85731506347656,10.5046720504761,7.80549097061157,7.70575618743896,10.3675498962402,14.2323446273804,14.1633338928223,17.6356754302979,78.5999984741211,4,19.6000003814697,62.2999992370605,1,0,0,0,0,0,0,0,0,17757.9375,1059.7509765625,2188.59252929688,476.506713867188,15141.376953125,385.017425537109,1397.66552734375,663.29736328125,6,0,0,3,0,0,0,8441.2744140625,9.04088878631592,3.64855694770813,25.8457260131836,Villeray-Saint-Michel-Parc-Extension,NA,,1402,"c(295313.625, 5047692.5)"
1480,Crémazie,Jarry inter. Sud,CrÚmazie,Jarry inter. Sud,05/03/2004,0,3.91756796836853,29943.65625,0,0,29943.65625,0,0,71464.3984375,0,1.36547100543976,10.3070726394653,0,0,10.3070726394653,0,0,11.1769552230835,21.2999992370605,1,21.2999992370605,51.7000007629395,1,0,0,0,0,0,1,1,0,6190.22314453125,0,0,0,5511.39990234375,0,18242.033203125,3.91756796836853,5,0,0,0,1,0,0,7020.0029296875,8.85651874542236,2.99436569213867,0.0391756780445576,Villeray-Saint-Michel-Parc-Extension,NA,,1437,"c(295727.8125, 5046298)"
1479,Crémazie,Jarry inter. Nord,CrÚmazie,Jarry inter. Nord,03/03/2004,0,83.8027496337891,31001.423828125,0,5860.67431640625,25140.75,0,111622.8671875,1422608.625,0,4.42846584320068,10.3417882919312,0,8.6760196685791,10.1322450637817,0,11.6228809356689,14.1680030822754,45.2000007629395,3,15.1000003814697,51.7999992370605,1,0,0,0,0,0,1,1,0,5860.67431640625,0,17954.63671875,57.1382369995117,7186.11328125,7.61843204498291,0,19.0460796356201,5,0,0,0,1,0,0,7115.06494140625,8.86996936798096,3.10014247894287,0.838027477264404,Villeray-Saint-Michel-Parc-Extension,NA,,1438,"c(295858.125, 5046480)"
1019,Iberville,Jarry,Iberville,Jarry,20/05/2004,0,400.535064697266,18892.58984375,2125.09936523438,2708.36059570312,14059.130859375,155865.921875,381756.03125,3561597.75,0,5.99280118942261,9.84652519226074,7.66157388687134,7.90409898757935,9.55102729797363,11.956750869751,12.8525371551514,15.0857200622559,86.0999984741211,4,21.5,65.6999969482422,1,0,0,0,0,0,0,0,0,420.962432861328,82.1610412597656,10189.3193359375,147.205200195312,2804.7255859375,61.6207809448242,5477.58349609375,109.548057556152,5,1,1,0,0,0,0,7176.22021484375,8.87852764129639,1.88925898075104,4.0053505897522,Villeray-Saint-Michel-Parc-Extension,NA,,1439,"c(295917.25, 5046581)"
887,Legendre,Saint-Michel,Legendre,Saint-Michel,07/04/2004,0,3554.64868164062,37799.4296875,2478.21240234375,2515.67993164062,32805.5390625,2045039.125,2265577.5,81535736,13,8.17601203918457,10.5400485992432,7.8152928352356,7.83029794692993,10.3983526229858,14.5309267044067,14.633339881897,18.216552734375,76.5999984741211,4,19.1000003814697,60.7999992370605,1,0,1,1,1,0,0,0,0.5,16999.57421875,956.308044433594,1247.13500976562,515.22021484375,17904.1484375,1560.48706054688,1648.57336425781,522.633422851562,6,0,0,3,0,0,1,8915.7529296875,9.0955753326416,3.77994298934937,35.5464859008789,Villeray-Saint-Michel-Parc-Extension,NA,,1458,"c(294852.8125, 5047981.5)"
888,Louvain,Saint-Michel,Louvain,Saint-Michel,02/04/2004,0,3583.33056640625,37238.578125,3066.19653320312,2464.87524414062,31707.505859375,2736721.25,2011125.125,67030052,5,8.18404769897461,10.5251007080078,8.02819347381592,7.80989599227905,10.3643093109131,14.8222713470459,14.5142049789429,18.0206527709961,78.1999969482422,4,19.5,63.5,1,0,1,1,1,0,0,0,0,17205.37109375,872.960327148438,1229.72900390625,1128.36791992188,16035.232421875,1257.97778320312,2768.24462890625,324.024566650391,6,0,0,5,0,0,1,9160.208984375,9.12262439727783,3.72385787963867,35.8333053588867,Villeray-Saint-Michel-Parc-Extension,NA,,1471,"c(294619, 5048129)"
884,Émile-Journault,Saint-Michel,?mile-Journault,Saint-Michel,02/04/2004,0,9747.421875,38701.25,1641.44445800781,1495.17712402344,35564.62890625,1469860.625,2754377.75,143988832,2,9.18475818634033,10.563627243042,7.40333223342896,7.30999994277954,10.4791069030762,14.2006778717041,14.8287019729614,18.7852458953857,56.5999984741211,3,18.8999996185303,53,1,0,1,1,1,1,1,1,0.5,17514.158203125,1372.33935546875,5.41730785369873,5111.9638671875,19767.7578125,2676.06176757812,1413.91748046875,587.056274414062,6,0,0,2,0,0,1,8661.1259765625,9.06659984588623,3.87012505531311,97.4742202758789,Villeray-Saint-Michel-Parc-Extension,NA,,1510,"c(295100.46875, 5047828)"
1484,19 e Avenue,Crémazie inter. Sud,19 e Avenue,CrÚmazie inter. Sud,18/11/2003,0,400.196838378906,17563.07421875,5747.0146484375,39.6345825195312,11776.4248046875,367634.15625,5040.1455078125,1679572.875,1,5.99195718765259,9.7735538482666,8.6564359664917,3.67970204353333,9.373854637146,12.8148441314697,8.52519035339355,14.3340501785278,50.9000015258789,4,12.6999998092651,38.9000015258789,0,0,0,0,0,1,1,1,0.5,6584.294921875,153.346450805664,0,48.6220474243164,0,127.165351867676,10978.779296875,71.06298828125,3,0,0,0,0,0,0,7721.5751953125,8.95177364349365,1.75630736351013,4.00196838378906,Villeray-Saint-Michel-Parc-Extension,NA,,1530,"c(296882.375, 5047574.5)"
1355,17 e Avenue,Crémazie inter. Nord,17 e Avenue,CrÚmazie inter. Nord,18/11/2003,0,388.976379394531,16800.109375,1203.900390625,1184.08312988281,14412.125,131655.265625,101933.234375,2834692.75,1,5.96351909637451,9.72914123535156,7.09332180023193,7.0767240524292,9.57582473754883,11.7879419326782,11.5320730209351,14.8574438095093,42.5,3,14.1999998092651,44,0,0,0,0,0,0,1,1,0,2269.07983398438,71.06298828125,12579.025390625,97.2440948486328,1952.00317382812,119.685035705566,0,100.984245300293,4,0,0,0,1,0,0,7629.10693359375,8.93972587585449,1.68001091480255,3.88976383209229,Villeray-Saint-Michel-Parc-Extension,NA,,1540,"c(296730.46875, 5047426)"
1485,19 e Avenue,Crémazie inter. Nord,19 e Avenue,CrÚmazie inter. Nord,18/11/2003,0,523.622009277344,19554.712890625,3220.30981445312,614.335998535156,15720.06640625,445645.21875,45954.26953125,3364704.75,0,6.26076984405518,9.88097190856934,8.07723331451416,6.42054176330566,9.66269302368164,13.0072784423828,10.7354021072388,15.0288505554199,52.2000007629395,4,13.1000003814697,39.9000015258789,0,0,0,0,0,1,1,1,0,2199.71923828125,183.267715454102,17354.9921875,127.165351867676,0,138.385818481445,0,74.8031463623047,3,0,0,1,0,0,0,7763.98291015625,8.95725059509277,1.95547127723694,5.23621988296509,Villeray-Saint-Michel-Parc-Extension,NA,,1543,"c(296837.40625, 5047604.5)"
901,Everett,Pie-IX,Everett,Pie-IX,15/10/2002,0,972.486206054688,45542.80078125,2009.09484863281,2237.85327148438,41295.8515625,722361.625,520517.75,27653206,3,6.87985610961914,10.7264080047607,7.60544013977051,7.71327209472656,10.6285171508789,13.4902811050415,13.1625785827637,17.1352519989014,75.1999969482422,4,18.7999992370605,77.1999969482422,1,1,0,1,1,0,0,0,0,21473.4453125,306.294860839844,3665.10620117188,3.82868599891663,18504.560546875,390.525939941406,1899.68872070312,271.836700439453,6,0,0,0,1,0,0,7521.39306640625,8.92550659179688,4.55428028106689,9.72486209869385,Villeray-Saint-Michel-Parc-Extension,NA,,1557,"c(297470.40625, 5047532.5)"
1356,17 e Avenue,Jarry,17 e Avenue,Jarry,05/04/2004,0,922.817443847656,24896.662109375,2312.38354492188,3826.44409179688,18757.833984375,516901.34375,882829.0625,9292062,1,6.82743120193481,10.1224889755249,7.74603414535522,8.24969100952148,9.8393669128418,13.1556072235107,13.6908874511719,16.0446701049805,75.3000030517578,4,18.7999992370605,52.5,0,0,1,1,1,0,0,0,0,3314.41625976562,225.484802246094,9877.1806640625,275.592529296875,2240.80981445312,192.079650878906,9464.2548828125,229.660446166992,4,0,0,4,0,0,1,7808.39208984375,8.9629545211792,2.489666223526,9.22817420959473,Villeray-Saint-Michel-Parc-Extension,NA,,1575,"c(296524.15625, 5047542)"
1460,19 e Avenue,Jarry,19 e Avenue,Jarry,05/04/2004,0,338.227203369141,19490.08984375,2345.41748046875,1783.83862304688,15360.8330078125,304384.15625,172629.96875,1713287.5,1,5.82371807098389,9.87766075134277,7.76021909713745,7.48652315139771,9.63957595825195,12.6260461807251,12.0589056015015,14.3539247512817,66.3000030517578,4,16.6000003814697,49,0,0,0,0,1,0,0,0,1,1976.53735351562,154.498840332031,8880.6533203125,37.5807991027832,0,79.3372421264648,8632.8984375,66.8103103637695,4,0,0,0,0,0,0,7941.9130859375,8.97990989685059,1.94900894165039,3.38227200508118,Villeray-Saint-Michel-Parc-Extension,NA,,1578,"c(296640.96875, 5047726)"
890,Robert,Saint-Michel inter. Sud,Robert,Saint-Michel inter. Sud,01/04/2004,0,645.898681640625,39635.11328125,1705.36047363281,1304.09924316406,36625.65234375,528715.25,195179.5625,14193876,2,6.47064304351807,10.5874710083008,7.44153213500977,7.17326784133911,10.5085039138794,13.178204536438,12.1816749572754,16.4683208465576,61.4000015258789,3,20.5,54.5,1,0,1,1,1,1,1,1,0.5,19218.3046875,36.9084968566895,1689.52124023438,217.760116577148,18722.0078125,350.630706787109,5.27975416183472,40.5993461608887,5,0,0,2,0,0,1,8156.72021484375,9.0065975189209,3.9635112285614,6.45898675918579,Villeray-Saint-Michel-Parc-Extension,NA,,1618,"c(295592.34375, 5047516)"
908,Pie-IX,Villeray,Pie-IX,Villeray,08/10/2002,0,1259.63757324219,43936.51953125,2103.58203125,2401.96240234375,39430.97265625,962761.75,586796.25,35968296,3,7.13857889175415,10.6905012130737,7.65139722824097,7.78404092788696,10.5823068618774,13.7775611877441,13.2824325561523,17.3981475830078,77.1999969482422,4,19.2999992370605,68,1,1,0,1,1,0,0,0,0,20623.060546875,516.87255859375,2695.36987304688,114.860572814941,18867.58984375,424.984130859375,1750.49853515625,202.920349121094,6,0,0,0,0,0,0,7722.037109375,8.95183372497559,4.39365196228027,12.5963754653931,Villeray-Saint-Michel-Parc-Extension,NA,,1634,"c(297237.21875, 5047680)"
1354,17 e Avenue,Crémazie inter. Sud,17 e Avenue,CrÚmazie inter. Sud,18/11/2003,0,860.236206054688,15655.66015625,1327.75854492188,1620.06359863281,12707.837890625,279227.78125,246429.765625,5300750.5,1,6.75720691680908,9.65858840942383,7.19124698638916,7.390221118927,9.44997406005859,12.5397825241089,12.4148321151733,15.483359336853,42.4000015258789,3,14.1000003814697,44.5999984741211,0,0,0,0,0,0,1,1,0,2189.81079101562,310.433074951172,0,157.086608886719,2779.375,145.866134643555,10686.474609375,246.850387573242,3,0,0,0,1,0,0,7592.658203125,8.93493747711182,1.56556606292725,8.60236167907715,Villeray-Saint-Michel-Parc-Extension,NA,,1641,"c(296771.03125, 5047401.5)"
893,26 e Avenue,Bélanger,26 e Avenue,BÚlanger,06/04/2004,0,2313.0947265625,15791.9375,955.327819824219,876.156982421875,13960.453125,475238.375,464748.71875,14907726,1,7.74634218215942,9.66725540161133,6.8620548248291,6.77554512023926,9.54398441314697,13.071572303772,13.0492515563965,16.5173892974854,53.7999992370605,4,13.5,45.7999992370605,0,0,1,1,1,0,0,0,1,1884.26525878906,751.293212890625,8307.6572265625,492.226593017578,0,507.030395507812,5600.015625,562.544677734375,4,0,0,0,0,0,1,7350.5908203125,8.90253639221191,1.57919371128082,23.1309471130371,Rosemont-La-Petite-Patrie,NA,,1677,"c(298142.375, 5047491)"
889,Robert,Saint-Michel inter. Nord,Robert,Saint-Michel inter. Nord,06/04/2004,0,1158.39782714844,37099.44140625,870.87890625,1082.00109863281,35146.5625,243489.109375,170315.40625,6894013.5,2,7.05479288101196,10.5213565826416,6.76950311660767,6.98656702041626,10.4672822952271,12.4028272628784,12.0454072952271,15.7461643218994,61,3,20.2999992370605,52.5999984741211,1,0,1,1,1,1,1,1,0,18267.345703125,192.449493408203,0,640.2646484375,17987.607421875,3.70095205307007,844.488647460938,321.982788085938,6,0,0,5,0,0,1,8201.0830078125,9.0120210647583,3.70994424819946,11.5839786529541,Villeray-Saint-Michel-Parc-Extension,NA,,1707,"c(295548.3125, 5047543.5)"
883,Deville,Saint-Michel,Deville,Saint-Michel,01/04/2004,0,513.028076171875,41055.3671875,1916.55065917969,2053.82421875,37084.9921875,249801,394353.90625,12181886,4,6.24033117294312,10.6226768493652,7.55828189849854,7.62745904922485,10.5209684371948,12.4284200668335,12.8850040435791,16.3154602050781,61,3,20.2999992370605,52.4000015258789,1,0,0,0,0,1,1,1,1,20036.666015625,103.343788146973,0,25.8359470367432,19007.11328125,225.141815185547,2011.58618164062,158.706527709961,6,0,0,2,0,0,0,7967.10302734375,8.98307609558105,4.10553693771362,5.1302809715271,Villeray-Saint-Michel-Parc-Extension,NA,,1708,"c(295781.71875, 5047398)"
845,Bélair,Saint-Michel,BÚlair,Saint-Michel,07/04/2004,0,922.948425292969,45143.07421875,3318.556640625,2451.44995117188,39373.0703125,1421278.125,626062.375,12259045,3,6.8275728225708,10.7175922393799,8.10728454589844,7.80443477630615,10.5808372497559,14.1670665740967,13.3472051620483,16.3217754364014,61.5999984741211,3,20.5,56.2999992370605,1,0,0,0,1,1,1,1,0.5,19461.728515625,0,3361.37670898438,596.765869140625,22319.970703125,311.356109619141,0,14.8264808654785,6,0,0,1,0,0,0,6490.63916015625,8.77811622619629,4.51430749893188,9.22948455810547,Villeray-Saint-Michel-Parc-Extension,NA,,1730,"c(297358.78125, 5046434)"
1003,Bélanger,Iberville,BÚlanger,Iberville,24/03/2004,0,1047.53430175781,32800.61328125,1085.90148925781,2496.50903320312,29218.203125,186017.84375,698793.625,14423743,3,6.95419406890869,10.3982028961182,6.99016618728638,7.8226490020752,10.2825469970703,12.1335983276367,13.4571113586426,16.4843864440918,64,4,16,56,0,0,0,0,0,0,0,0,0,8532.84375,251.408248901367,7697.12548828125,335.210998535156,10571.5712890625,125.704124450684,5999.07373046875,335.210998535156,4,0,0,1,0,0,0,5983.16796875,8.69670581817627,3.2800612449646,10.4753427505493,Villeray-Saint-Michel-Parc-Extension,NA,,1744,"c(297111.78125, 5045813)"
846,Bélanger,Saint-Michel,BÚlanger,Saint-Michel,08/04/2004,0,4082.07958984375,56345.53515625,3357.92358398438,5950.28271484375,47037.328125,3312362.25,5640019,93802176,13,8.31436157226562,10.9392576217651,8.11907768249512,8.69119358062744,10.7586965560913,15.0131721496582,15.5453977584839,18.3566989898682,85.4000015258789,4,21.3999996185303,69.5999984741211,1,0,0,0,0,0,1,1,0,20944.783203125,878.422180175781,7312.458984375,1284.41564941406,20517.123046875,1077.72802734375,7571.1669921875,841.513671875,6,0,0,2,0,0,0,6416.18896484375,8.76657962799072,5.6345534324646,40.8207969665527,Villeray-Saint-Michel-Parc-Extension,NA,,1752,"c(297463.90625, 5046387.5)"
821,16 e Avenue,Bélanger,16 e Avenue,BÚlanger,08/04/2004,0,1778.98950195312,14709.39453125,464.618347167969,776.123840332031,13468.65234375,89035.0859375,169905.203125,12588399,0,7.48380088806152,9.59624195098877,6.14121580123901,6.65431213378906,9.50811958312988,11.396785736084,12.0429964065552,16.3482856750488,60.2999992370605,4,15.1000003814697,44.4000015258789,0,0,0,0,0,1,1,1,1,1372.73596191406,789.841796875,7032.63232421875,553.62744140625,0,47.9810447692871,6304.0263671875,387.539184570312,3,0,0,0,0,0,0,6721.4189453125,8.81305503845215,1.47093939781189,17.7898941040039,Rosemont-La-Petite-Patrie,NA,,1757,"c(297696.96875, 5046764)"
1012,Crémazie,Iberville inter. Sud,CrÚmazie,Iberville inter. Sud,19/11/2003,0,198.531951904297,32305.6875,1929.29760742188,5843.1591796875,24533.23046875,130724.6015625,217824.15625,2393167.5,1,5.29094982147217,10.382999420166,7.56491088867188,8.67302703857422,10.1077842712402,11.7808475494385,12.2914428710938,14.6881284713745,89.6999969482422,4,22.3999996185303,67.1999969482422,1,0,0,0,1,1,1,1,0,2808.53491210938,71.1718292236328,0,44.9506301879883,7812.650390625,33.7129745483398,21684.501953125,48.6965179443359,5,0,0,0,0,0,0,7036.125,8.85881328582764,3.23056864738464,1.98531949520111,Villeray-Saint-Michel-Parc-Extension,NA,,1760,"c(296032, 5046482.5)"
878,6 e Avenue,Crémazie inter. Sud,6 e Avenue,CrÚmazie inter. Sud,05/11/2003,0,842.824340820312,20096.849609375,713.438171386719,437.106506347656,18946.306640625,82846.203125,189932.71875,5519924.5,2,6.73675918579102,9.90831756591797,6.57009601593018,6.08017683029175,9.84936428070068,11.3247413635254,12.1544246673584,15.5238752365112,41,3,13.6999998092651,39.7999992370605,0,1,0,1,0,1,1,1,0,1642.91748046875,131.106002807617,0,116.122467041016,0,434.522766113281,18453.93359375,161.073089599609,3,0,0,0,0,0,0,7096.52001953125,8.86736011505127,2.00968503952026,8.42824363708496,Villeray-Saint-Michel-Parc-Extension,NA,,1762,"c(296305.40625, 5046682)"
1014,Everett,Iberville,Everett,Iberville,14/04/2004,0,663.485046386719,19392.146484375,743.998962402344,786.819091796875,17861.328125,92254.71875,144294.3125,3274110,3,6.4975061416626,9.87262344360352,6.6120400428772,6.66799783706665,9.79039287567139,11.4323091506958,11.8796100616455,15.0015573501587,56.4000015258789,4,14.1000003814697,47.7999992370605,0,0,0,0,0,0,0,0,1,7311.52978515625,70.42578125,904.574340820312,389.195129394531,10458.8056640625,96.3721237182617,717.236450195312,107.491989135742,4,0,0,0,0,0,0,6411.908203125,8.76591205596924,1.9392147064209,6.63485050201416,Villeray-Saint-Michel-Parc-Extension,NA,,1771,"c(296651.8125, 5046087)"
1020,Iberville,Jean-Talon,Iberville,Jean-Talon,25/03/2004,0,3595.77221679688,36077.4921875,2756.61254882812,2378.56274414062,30942.318359375,2068108.375,1938296.375,55234396,12,8.18751430511475,10.4934253692627,7.92175817489624,7.77425193786621,10.339879989624,14.5421447753906,14.4773197174072,17.8270969390869,67.8000030517578,4,16.8999996185303,56.7999992370605,0,1,0,1,1,0,0,0,0,7975.798828125,1513.41040039062,9635.0166015625,1130.31652832031,9834.54296875,519.642150878906,8632.134765625,432.402984619141,6,0,0,2,0,0,0,6234.2470703125,8.73781299591064,3.60774922370911,35.9577217102051,Villeray-Saint-Michel-Parc-Extension,NA,,1800,"c(296834.4375, 5045972.5)"
1021,Iberville,L.-O.-David,Iberville,L.-O.-David,25/03/2004,0,572.744323730469,19522.06640625,672.08837890625,719.344604492188,18130.634765625,97129.9140625,104040.734375,5222630,0,6.35043907165527,9.87930107116699,6.51038980484009,6.57834100723267,9.80535793304443,11.4838047027588,11.5525379180908,15.4685115814209,54.0999984741211,4,13.5,45.7000007629395,0,0,0,0,0,0,0,0,1,8317.09375,136.548309326172,960.876342773438,144.134323120117,9372.482421875,151.720336914062,871.614624023438,140.341323852539,4,0,0,0,0,0,0,6589.73779296875,8.79326915740967,1.9522066116333,5.7274432182312,Villeray-Saint-Michel-Parc-Extension,NA,,1801,"c(296471.46875, 5046200.5)"
1026,Iberville,Villeray,Iberville,Villeray,25/03/2004,0,1149.28161621094,25597.115234375,1228.66162109375,1485.94543457031,22882.509765625,320347.46875,422874.59375,13311438,1,7.0468921661377,10.1502351760864,7.11368083953857,7.30380582809448,10.0381278991699,12.6771621704102,12.9548311233521,16.4041347503662,53.7000007629395,4,13.3999996185303,45.0999984741211,0,0,0,0,0,0,0,0,0,8248.8349609375,280.682647705078,3040.14965820312,337.577758789062,9561.5068359375,311.026702880859,4746.6240234375,219.994491577148,4,0,0,0,0,0,0,6770.12109375,8.82027435302734,2.55971145629883,11.4928159713745,Villeray-Saint-Michel-Parc-Extension,NA,,1802,"c(296292.9375, 5046315.5)"
1025,Iberville,Tillemont,Iberville,Tillemont,04/03/2004,0,352.749786376953,20750.728515625,1806.23754882812,1701.22375488281,17243.267578125,151619.859375,110334.1640625,3072268.75,2,5.86575889587402,9.94033718109131,7.49900102615356,7.43910312652588,9.75517654418945,11.9291324615479,11.6112689971924,14.9379272460938,53.5,4,13.3999996185303,46.2999992370605,0,0,0,0,0,0,1,1,0.5,9204.4599609375,102.411231994629,1149.90124511719,128.962295532227,8605.8818359375,75.8601684570312,1790.48547363281,45.5161018371582,4,0,0,2,0,0,0,6952.14697265625,8.84680557250977,2.07507276535034,3.5274977684021,Villeray-Saint-Michel-Parc-Extension,NA,,1803,"c(296113.53125, 5046430)"
858,Jean-Talon,Saint-Michel,Jean-Talon,Saint-Michel,07/04/2004,0,2702.12622070312,61826.8515625,3066.98876953125,4704.85693359375,54055.0078125,1646915.375,3115412,73172752,10,7.90179395675659,11.0320930480957,8.02845096588135,8.4563512802124,10.8977565765381,14.3144149780273,14.9518718719482,18.1083335876465,84.9000015258789,4,21.2000007629395,73.6999969482422,1,1,0,1,1,0,1,1,0,18428.6953125,530.046691894531,9350.8359375,644.951904296875,22881.984375,826.576293945312,11165.3369140625,700.551208496094,5,0,0,2,0,0,0,6674.93896484375,8.80611515045166,6.18268537521362,27.0212631225586,Villeray-Saint-Michel-Parc-Extension,NA,,1813,"c(297122.125, 5046551.5)"
872,Saint-Michel,Shaugnessy,Saint-Michel,Shaugnessy,07/04/2004,0,3306.30517578125,52588.41796875,2413.982421875,5266.87060546875,44907.56640625,1621163.375,3989133.75,101257552,6,8.10358715057373,10.8702507019043,7.78903293609619,8.56919193267822,10.7123622894287,14.2986545562744,15.1990852355957,18.433177947998,122.199996948242,4,30.6000003814697,73.6999969482422,1,0,0,0,0,0,0,0,0,20264.60546875,2005.28149414062,3837.75024414062,585.64599609375,27570.783203125,303.94287109375,915.279357910156,411.434844970703,6,0,0,0,0,0,0,6756.705078125,8.81829071044922,5.25884199142456,33.0630531311035,Villeray-Saint-Michel-Parc-Extension,NA,,1845,"c(297032.90625, 5046607.5)"
1005,Bélanger,Papineau,BÚlanger,Papineau,10/03/2004,0,3500.66943359375,42632.28125,2038.72692871094,2980.90625,37612.6484375,1716842.875,2730248.75,59242280,13,8.16070938110352,10.6603670120239,7.62008094787598,7.9999828338623,10.5350961685181,14.3559980392456,14.8199033737183,17.8971462249756,69.6999969482422,4,17.3999996185303,60.0999984741211,0,1,1,1,1,0,0,0,0.5,16575.966796875,822.790588378906,7494.85009765625,1005.63299560547,12264.2998046875,499.007263183594,6297.16455078125,1173.23852539062,4,0,0,0,0,0,1,5551.98193359375,8.62191009521484,4.26322793960571,35.0066947937012,Rosemont-La-Petite-Patrie,NA,,1881,"c(296714.5, 5045164.5)"
1004,Bélanger,Lorimier,BÚlanger,Lorimier,18/03/2004,0,1877.53930664062,30306.984375,981.879089355469,2478.32592773438,26846.779296875,446594.4375,1188263.125,25477572,2,7.53771686553955,10.3191328048706,6.8894681930542,7.81533908843994,10.1979007720947,13.0094060897827,13.9880027770996,17.0533084869385,67.9000015258789,4,17,54.2000007629395,0,0,0,0,0,0,0,0,0.5,5786.2607421875,595.502319335938,7083.18115234375,515.849182128906,11714.2900390625,398.265899658203,5723.25244140625,367.921844482422,4,0,0,0,0,0,0,5712.39208984375,8.65039348602295,3.03069853782654,18.7753925323486,Rosemont-La-Petite-Patrie,NA,,1885,"c(296880.84375, 5045423)"
1383,Bélanger,Sagard,BÚlanger,Sagard,18/03/2004,1,842.047912597656,14801.6962890625,661.586975097656,1160.40258789062,12979.70703125,146063.3125,239170.203125,6344174.5,0,6.73583698272705,9.60249710083008,6.49464082717896,7.05652189254761,9.47114181518555,11.8917951583862,12.3849306106567,15.6630477905273,56.9000015258789,4,14.1999998092651,44.4000015258789,0,0,0,1,1,0,1,1,1,1790.48547363281,238.959533691406,7119.93603515625,261.717590332031,0,109.997245788574,5891.27490234375,231.373519897461,4,0,0,0,0,0,0,5792.67919921875,8.66435050964355,1.48016965389252,8.42047882080078,Rosemont-La-Petite-Patrie,NA,,1887,"c(296951.3125, 5045542)"
1070,Christophe-Colomb,Jean-Talon,Christophe-Colomb,Jean-Talon,28/11/2003,0,3251.45629882812,58818.609375,1306.85424804688,4978.25,52533.50390625,562833.875,5513092,70434808,7,8.08685779571533,10.982213973999,7.17537784576416,8.51283359527588,10.8692064285278,13.2407398223877,15.5226364135742,18.070198059082,77.0999984741211,4,19.2999992370605,70.6999969482422,0,1,0,1,1,0,0,0,1,20802.880859375,531.63623046875,11243.0146484375,627.947143554688,17828.134765625,269.670532226562,8944.578125,1822.20239257812,4,0,0,0,0,0,0,5528.44921875,8.61766242980957,5.88186073303223,32.5145645141602,Rosemont-La-Petite-Patrie,NA,,1916,"c(296052.8125, 5044736)"
1068,Christophe-Colomb,Everett,Christophe-Colomb,Everett,28/11/2003,0,1618.02331542969,47407.7890625,1032.26232910156,2908.64038085938,43466.88671875,573196.875,951416.6875,46579396,6,7.38895988464355,10.7665424346924,6.93950796127319,7.97544097900391,10.6797552108765,13.2589845657349,13.7657070159912,17.6566696166992,66.1999969482422,4,16.6000003814697,58.0999984741211,0,0,0,0,0,0,0,0,1,21072.388671875,547.045959472656,2796.76977539062,211.884002685547,21794.462890625,562.455688476562,1744.16723632812,296.637603759766,4,0,0,0,0,0,0,5822.64599609375,8.66950988769531,4.74077892303467,16.180233001709,Villeray-Saint-Michel-Parc-Extension,NA,,1917,"c(295785.90625, 5044906)"
1016,Everett,Papineau,Everett,Papineau,12/03/2004,0,4642.31787109375,36106.94140625,1750.93347167969,2004.14538574219,32351.86328125,2059255.375,2395724.75,67113960,7,8.44296932220459,10.4942398071289,7.46790409088135,7.60297298431396,10.3844270706177,14.5378551483154,14.6891956329346,18.0219020843506,67.3000030517578,4,16.7999992370605,56.2999992370605,0,0,0,0,0,0,0,0,1,18452.14453125,1077.3310546875,2203.482421875,1081.24865722656,12886.8701171875,951.968933105469,2564.44409179688,1531.76892089844,6,0,0,0,0,0,0,6118.796875,8.71912097930908,3.61069416999817,46.4231796264648,Villeray-Saint-Michel-Parc-Extension,NA,,1938,"c(296169.875, 5045512.5)"
1015,Everett,Lorimier,Everett,Lorimier,19/03/2004,0,787.431091308594,19136.35546875,1853.29577636719,1244.50964355469,16038.55078125,406013.1875,388052.125,8733663,0,6.66877603530884,9.85934543609619,7.52472114562988,7.1264967918396,9.6827507019043,12.9141407012939,12.8688945770264,15.9826946258545,42.0999984741211,3,14,39.2000007629395,0,0,0,0,0,1,1,1,0.5,6114.79833984375,176.290542602539,0,0,11674.685546875,368.251342773438,1346.87194824219,242.889190673828,4,0,0,0,0,0,0,6222.4228515625,8.73591423034668,1.91363549232483,7.8743109703064,Villeray-Saint-Michel-Parc-Extension,NA,,1939,"c(296374.625, 5045743.5)"
1394,Garnier,Jean-Talon,Garnier,Jean-Talon,29/03/2004,0,7230.70947265625,20850.201171875,848.682006835938,1505.72619628906,18495.79296875,1414695.375,2505615.5,72064480,1,8.88609218597412,9.94511890411377,6.74368476867676,7.31703090667725,9.82529926300049,14.1624250411987,14.7340450286865,18.0930728912354,60.2999992370605,4,15.1000003814697,51,0,0,0,0,1,0,0,0,1,5.4753680229187,1656.41174316406,11498.2724609375,2338.71606445312,0,1677.86791992188,9346.453125,1557.71362304688,4,0,0,0,0,0,0,5726.80517578125,8.65291309356689,2.08502006530762,72.3070983886719,Villeray-Saint-Michel-Parc-Extension,NA,,1944,"c(296313.1875, 5045142)"
1029,Jarry,Papineau,Jarry,Papineau,16/03/2004,0,3917.4921875,45172.89453125,2125.84497070312,2356.80102539062,40690.24609375,2557847,2335647.75,87716368,8,8.27320671081543,10.7182521820068,7.66192483901978,7.76505994796753,10.6137437820435,14.7546758651733,14.663800239563,18.2896194458008,78.5999984741211,4,19.7000007629395,71.3000030517578,1,0,0,0,0,0,0,0,0,16219.41015625,1102.98327636719,8083.4599609375,840.549255371094,13510.92578125,1346.40014648438,7359.09814453125,627.559387207031,6,0,0,6,0,0,0,6823.06005859375,8.82806301116943,4.51728963851929,39.1749229431152,Villeray-Saint-Michel-Parc-Extension,NA,,1950,"c(295507.75, 5045931)"
1027,Jarry,Lorimier,Jarry,Lorimier,19/02/2004,0,1249.65051269531,27640.931640625,2599.353515625,3100.98291015625,21940.595703125,859602.625,812324.375,13825535,1,7.13061904907227,10.2270526885986,7.86301803588867,8.03947353363037,9.99609375,13.6642246246338,13.6076545715332,16.4420280456543,87.5999984741211,4,21.8999996185303,73.5,1,0,0,0,1,0,0,0,0,3756.52172851562,329.089477539062,8636.009765625,217.910583496094,8476.400390625,266.829284667969,6771.99951171875,435.821166992188,6,0,0,0,0,0,0,6955.06982421875,8.8472261428833,2.76409316062927,12.4965047836304,Villeray-Saint-Michel-Parc-Extension,NA,,1951,"c(295670.96875, 5046189)"
1452,Jean-Talon,Normanville,Jean-Talon,Normanville,08/03/2004,0,2304.38623046875,19656.5703125,618.716552734375,1199.10559082031,17838.748046875,351970.375,593063.0625,15921608,3,7.74256992340088,9.8861665725708,6.42764711380005,7.08933115005493,9.78912830352783,12.7713022232056,13.2930555343628,16.5831871032715,59.5,4,14.8999996185303,51.4000015258789,0,0,0,0,0,1,1,1,1,1817.82214355469,845.370788574219,8930.3251953125,536.402770996094,0,600.771118164062,8908.423828125,321.841674804688,4,0,0,0,0,0,0,5600.171875,8.63055229187012,1.96565699577332,23.0438613891602,Rosemont-La-Petite-Patrie,NA,,1953,"c(296154.0625, 5044892.5)"
1091,Jean-Talon,Lanaudière,Jean-Talon,LanaudiÞre,08/03/2004,0,4239.7275390625,20477.875,1357.89123535156,1483.82470703125,17636.16015625,2040676.375,1432599.375,44261120,0,8.35225391387939,9.92710018157959,7.21368789672852,7.30237817764282,9.77770709991455,14.5287923812866,14.1750011444092,17.6056175231934,59.2000007629395,4,14.8000001907349,51.4000015258789,0,0,0,0,0,0,0,0,1,2682.93017578125,630.809631347656,8941.275390625,1664.994140625,0,1055.640625,8853.669921875,888.282958984375,4,0,0,0,0,0,0,5681.4267578125,8.64495754241943,2.04778742790222,42.397274017334,Villeray-Saint-Michel-Parc-Extension,NA,,1954,"c(296256.59375, 5045054.5)"
1031,Jean-Talon,Papineau,Jean-Talon,Papineau,10/03/2004,0,5492.88916015625,49105.10546875,1996.142578125,4056.16162109375,43052.80078125,2615848,5724864.5,108506312,10,8.61120986938477,10.8017177581787,7.59897184371948,8.30799198150635,10.6701831817627,14.7770986557007,15.5603294372559,18.5023193359375,75.4000015258789,4,18.8999996185303,67.0999984741211,0,1,0,1,1,0,1,1,0.5,17156.1796875,1584.6337890625,11338.08984375,2110.3056640625,12716.7587890625,114.276473999023,7894.07861328125,1683.67333984375,5,0,0,0,0,0,0,5837.2568359375,8.67201614379883,4.91051054000854,54.9288902282715,Villeray-Saint-Michel-Parc-Extension,NA,,1956,"c(296441.0625, 5045342.5)"
1030,Jean-Talon,Lorimier,Jean-Talon,Lorimier,18/03/2004,0,2901.65161132812,38172.51953125,288.787963867188,2399.5654296875,35484.1640625,321642,1640254.75,50848852,3,7.97303485870361,10.5498714447021,5.6656928062439,7.78304290771484,10.4768419265747,12.6811943054199,14.3103618621826,17.7443675994873,72.1999969482422,4,18,60.9000015258789,0,1,0,1,1,0,1,1,0,6279.82568359375,1266.86486816406,11446.5048828125,474.126068115234,12155.3486328125,565.158264160156,8290.83984375,595.502319335938,6,0,0,0,0,0,0,5990.80419921875,8.6979808807373,3.81725192070007,29.0165157318115,Villeray-Saint-Michel-Parc-Extension,NA,,1957,"c(296602.21875, 5045599)"
1032,Jean-Talon,Sagard,Jean-Talon,Sagard,19/03/2004,0,3431.78930664062,23247.009765625,856.610534667969,1336.09692382812,21054.302734375,623530.0625,939801.1875,30227836,0,8.14083671569824,10.0539321899414,6.75298309326172,7.19750785827637,9.95485973358154,13.3431520462036,13.7534236907959,17.2242736816406,61.7000007629395,4,15.3999996185303,51,0,0,0,0,0,1,1,1,1,1971.82055664062,1300.63244628906,11583.0986328125,732.585144042969,10.774974822998,724.75,9681.3154296875,673.821655273438,3,0,0,0,0,0,0,6066.55712890625,8.71054649353027,2.32470107078552,34.3178939819336,Villeray-Saint-Michel-Parc-Extension,NA,,1958,"c(296673.5, 5045717.5)"
1033,L.-O.-David,Papineau,L.-O.-David,Papineau,12/03/2004,0,1962.70141601562,33553.2734375,495.648864746094,851.223083496094,32206.40234375,207491.59375,424100.90625,26774520,8,7.58207702636719,10.4208898544312,6.20586776733398,6.74667406082153,10.3799209594727,12.2428455352783,12.957727432251,17.1029605865479,66,4,16.5,54.7000007629395,0,0,0,0,0,0,0,0,1,18511.408203125,430.932434082031,1120.59741210938,622.893249511719,13285.544921875,391.756774902344,635.723571777344,517.118896484375,4,0,0,0,0,0,0,6350.77783203125,8.75633239746094,3.35532736778259,19.6270141601562,Villeray-Saint-Michel-Parc-Extension,NA,,1961,"c(295950.25, 5045652)"
1036,Lorimier,Tillemont,Lorimier,Tillemont,19/03/2004,0,2103.73388671875,18150.4453125,1136.75988769531,1233.73474121094,15779.951171875,534231.1875,675302.6875,16668470,1,7.65146923065186,9.80644989013672,7.03593683242798,7.11780118942261,9.66649627685547,13.1885843276978,13.4229164123535,16.6290283203125,84.9000015258789,4,21.2000007629395,51.5,0,0,0,0,0,0,0,0,1,5339.00048828125,720.832458496094,1880.23315429688,560.212158203125,9648.990234375,336.910827636719,1282.22204589844,485.778381347656,4,0,0,0,0,0,0,6728.77392578125,8.81414794921875,1.81504452228546,21.0373382568359,Villeray-Saint-Michel-Parc-Extension,NA,,1969,"c(295886.6875, 5046053.5)"
1041,Papineau,Villeray,Papineau,Villeray,15/03/2004,0,1501.927734375,42226.03515625,1593.33203125,1872.57580566406,38760.12890625,666464.625,671069.8125,22931552,8,7.31450510025024,10.6507921218872,7.37358283996582,7.53506994247437,10.5651473999023,13.4097423553467,13.4166278839111,16.9480247497559,67.0999984741211,4,16.7999992370605,59.7000007629395,0,0,0,0,0,0,0,0,0.5,18501.267578125,154.483993530273,4752.619140625,665.139465332031,14350.939453125,334.71533203125,4621.21044921875,347.588989257812,6,0,0,4,0,0,0,6452.83203125,8.77227401733398,4.22260332107544,15.0192775726318,Villeray-Saint-Michel-Parc-Extension,NA,,1973,"c(295854.90625, 5045713)"
1040,Papineau,Tillemont,Papineau,Tillemont,15/03/2004,0,3287.076171875,36537.12890625,1106.02429199219,1237.43310546875,34193.671875,907204.8125,1055300.25,68137304,5,8.09775352478027,10.5060844421387,7.00852680206299,7.12079381942749,10.4397964477539,13.7181243896484,13.8693361282349,18.0370349884033,63.0999984741211,4,15.8000001907349,56.2999992370605,0,1,0,1,1,0,0,0,1,19092.607421875,1476.18041992188,1708.31481933594,733.799011230469,14246.9072265625,562.150085449219,1489.30004882812,514.946655273438,6,0,0,1,0,0,0,6585.85693359375,8.79267978668213,3.65371298789978,32.8707618713379,Villeray-Saint-Michel-Parc-Extension,NA,,1974,"c(295729.15625, 5045791.5)"
1073,Christophe-Colomb,Villeray,Christophe-Colomb,Villeray,24/11/2003,0,3413.8818359375,62418.890625,1462.5390625,4739.0400390625,56217.3125,1361882.125,3417594,100636088,4,8.13560485839844,11.0416231155396,7.28792905807495,8.46358966827393,10.9369802474976,14.1243782043457,15.0444469451904,18.4270210266113,70.5999984741211,4,17.7000007629395,63,0,0,0,0,0,0,0,0,0,24175.822265625,1038.09020996094,8423.8115234375,1295.50280761719,24356.701171875,805.996826171875,5462.5576171875,274.292114257812,5,0,0,0,0,0,0,6177.259765625,8.72863006591797,6.24188899993896,34.1388168334961,Villeray-Saint-Michel-Parc-Extension,NA,,1979,"c(295465.1875, 5045108)"
1058,Berri,Jarry,Berri,Jarry,21/11/2003,0,17081.703125,23157.25390625,1825.52783203125,1037.34729003906,20294.37890625,11083289,5922342,169255696,4,9.74576282501221,10.0500631332397,7.50962400436401,6.94442176818848,9.91809940338135,16.2209491729736,15.5942430496216,18.9469203948975,56.5,4,14.1000003814697,51.2000007629395,0,0,0,0,1,0,1,1,1,2415.39208984375,1698.92443847656,10653.150390625,5435.78759765625,35.5952491760254,7065.3681640625,10053.1162109375,2881.62231445312,4,0,0,0,0,0,0,6435.85498046875,8.76963996887207,2.31572532653809,170.817031860352,Villeray-Saint-Michel-Parc-Extension,NA,,1995,"c(294739.09375, 5044817)"
1295,Crémazie,Lajeunesse inter. Sud,CrÚmazie,Lajeunesse inter. Sud,13/11/2003,0,2323.7578125,35697.48046875,3731.80639648438,2066.61791992188,29899.0546875,2477661.25,986672.375,33959896,5,7.75094079971313,10.482834815979,8.22464847564697,7.63366889953613,10.3055820465088,14.7228260040283,13.8020925521851,17.340690612793,32.2999992370605,2,16.2000007629395,55.2000007629395,0,1,0,1,1,0,1,1,0,0,663.930786132812,0,477.433380126953,13351.244140625,604.251586914062,22346.236328125,578.141967773438,4,1,1,0,1,0,0,7173.34521484375,8.8781270980835,3.56974816322327,23.2375774383545,Villeray-Saint-Michel-Parc-Extension,NA,,2025,"c(294049.84375, 5045168)"
1074,Drolet,Jarry,Drolet,Jarry,13/11/2003,0,5300.25634765625,18346.810546875,619.489807128906,1219.15588378906,16508.1640625,638760.1875,1526184.875,14507241,3,8.57551002502441,9.81721115112305,6.42889595031738,7.10591411590576,9.71160984039307,13.367283821106,14.2382822036743,16.4901580810547,59.2999992370605,4,14.8000001907349,51.5999984741211,0,0,0,0,0,0,1,1,1,0,2234.23901367188,8925.6083984375,402.834411621094,1580.93798828125,2308.837890625,7840.2626953125,354.345062255859,4,0,0,2,0,0,0,6374.76220703125,8.76010227203369,1.83468103408813,53.0025634765625,Villeray-Saint-Michel-Parc-Extension,NA,,2040,"c(294678.625, 5044670)"
1085,Guizot,Saint-Denis,Guizot,Saint-Denis,01/12/2003,0,2274.35571289062,33706.421875,664.453979492188,2705.65673828125,30336.310546875,362248.5,1778140.625,35049128,4,7.72945213317871,10.425443649292,6.49896621704102,7.90310001373291,10.3201007843018,12.8000860214233,14.3910789489746,17.3722610473633,63.7999992370605,4,16,54.2999992370605,0,0,0,0,0,0,0,0,1,16956.865234375,253.857467651367,1589.37390136719,803.0185546875,12135.587890625,906.633850097656,3024.59448242188,310.845886230469,4,0,0,0,0,0,0,6653.33203125,8.80287265777588,3.37064218521118,22.7435569763184,Villeray-Saint-Michel-Parc-Extension,NA,,2063,"c(294466.40625, 5044851)"
1084,Guizot,Lajeunesse,Guizot,Lajeunesse,10/11/2003,0,1371.46057128906,14315.3115234375,2232.568359375,671.837707519531,11410.9052734375,790593,208770.46875,7875769.5,1,7.22363185882568,9.56908512115479,7.71090793609619,6.51001691818237,9.34232521057129,13.5805387496948,12.2489910125732,15.879301071167,60.4000015258789,4,15.1000003814697,48.0999984741211,0,0,0,0,0,0,1,1,1,5.16798210144043,341.810180664062,625.325866699219,295.391510009766,10826.9228515625,350.249938964844,2857.89428710938,384.008972167969,2,0,0,0,0,0,0,6705.2890625,8.8106517791748,1.43153119087219,13.7146053314209,Villeray-Saint-Michel-Parc-Extension,NA,,2064,"c(294518.6875, 5044978)"
1137,Guizot,Saint-Laurent,Guizot,Saint-Laurent,24/09/2003,0,2611.21118164062,41630.69140625,2190.01171875,2563.54174804688,36877.13671875,1446407.125,1822780.625,55616292,3,7.86756896972656,10.6365928649902,7.6916618347168,7.84914493560791,10.5153465270996,14.1845932006836,14.4158735275269,17.8339862823486,76.3000030517578,4,19.1000003814697,66.1999969482422,1,0,0,0,0,0,0,0,1,17080.044921875,725.536010742188,2113.25903320312,359.176239013672,19070.5,811.73828125,3366.88720703125,714.7607421875,6,0,0,4,0,0,0,6503.88623046875,8.78015518188477,4.16306924819946,26.1121120452881,Villeray-Saint-Michel-Parc-Extension,NA,,2066,"c(294296.9375, 5044442.5)"
1089,Jarry,Saint-Denis,Jarry,Saint-Denis,01/12/2003,0,10200.92578125,48212.78125,946.182495117188,3992.03955078125,43274.55859375,2432247.75,10881390,211237552,8,9.23023414611816,10.7833786010742,6.85243511199951,8.29205799102783,10.6753196716309,14.7043256759644,16.202564239502,19.168493270874,80.6999969482422,4,20.2000007629395,66.9000015258789,0,0,0,0,1,0,1,1,0.5,16956.865234375,1683.74853515625,9004.6806640625,2854.60131835938,13039.2451171875,2574.84008789062,9211.990234375,3087.73583984375,4,0,0,0,0,0,0,6407.578125,8.76523685455322,4.82127809524536,102.009254455566,Villeray-Saint-Michel-Parc-Extension,NA,,2076,"c(294711.1875, 5044749.5)"
1086,Jarry,Lajeunesse,Jarry,Lajeunesse,21/11/2003,0,11904.0283203125,30957.697265625,2328.9462890625,2893.38549804688,25735.3671875,6936191.5,9052749,169536832,10,9.3846321105957,10.3403768539429,7.75317096710205,7.9701828956604,10.1556205749512,15.7522630691528,16.0185794830322,18.9485816955566,68,4,17,61.5999984741211,0,0,0,0,1,0,1,1,1,0,2642.77124023438,11090.462890625,3937.18994140625,9509.0166015625,1772.12072753906,10358.2177734375,3551.9462890625,4,0,0,0,0,0,0,6461.8408203125,8.77366924285889,3.09576964378357,119.040283203125,Villeray-Saint-Michel-Parc-Extension,NA,,2077,"c(294765.59375, 5044879)"
1090,Jarry,Saint-Hubert,Jarry,Saint-Hubert,25/11/2003,0,3912.20458984375,60413.01171875,5791.603515625,6014.5478515625,48606.859375,5986136.5,6000664,94661328,7,8.2718563079834,11.0089597702026,8.66416358947754,8.70193576812744,10.7915201187134,15.6049566268921,15.6073808670044,18.365816116333,67.8000030517578,4,17,58.9000015258789,0,1,0,1,1,0,0,0,0,15363.3544921875,1267.91333007812,15586.2998046875,867.716491699219,12772.244140625,770.472412109375,16691.11328125,1006.10235595703,5,0,0,0,0,0,0,6566.23291015625,8.78969573974609,6.04130125045776,39.1220474243164,Villeray-Saint-Michel-Parc-Extension,NA,,2079,"c(294934.0625, 5045175)"
1094,Lajeunesse,Liège,Lajeunesse,LiÞge,11/11/2003,0,2423.6220703125,16086.6865234375,3066.72583007812,1184.08312988281,11835.876953125,3087719.25,1114409.5,15978911,0,7.79301786422729,9.68574714660645,8.02836608886719,7.0767240524292,9.37889099121094,14.9429426193237,13.9238348007202,16.5867805480957,57.0999984741211,4,14.3000001907349,49.7999992370605,0,0,0,0,0,0,1,1,1,0,1080.90551757812,1902.4599609375,284.251953125,10508.1181640625,344.094482421875,3676.107421875,714.370056152344,2,0,0,0,0,0,0,6945.2470703125,8.84581279754639,1.60866868495941,24.2362213134766,Villeray-Saint-Michel-Parc-Extension,NA,,2091,"c(294277.90625, 5045076)"
1097,Leman,Saint-Hubert,Leman,Saint-Hubert,25/11/2003,0,830.31494140625,20159.138671875,901.686767578125,936.367004394531,18321.0859375,175663.890625,183891.1875,7146963.5,0,6.72180509567261,9.91141319274902,6.80426692962646,6.84200716018677,9.81580829620361,12.0763282775879,12.1220998764038,15.7821979522705,52.9000015258789,4,13.1999998092651,45.0999984741211,0,0,0,0,0,0,0,0,1,9492.482421875,172.047241210938,733.23974609375,194.488189697266,8977.232421875,216.929122924805,956.184326171875,246.850387573242,4,0,0,0,0,0,0,6903.06201171875,8.83972072601318,2.01591396331787,8.30314922332764,Villeray-Saint-Michel-Parc-Extension,NA,,2093,"c(294599.09375, 5045327.5)"
1098,Liège,Saint-Denis,LiÞge,Saint-Denis,11/11/2003,0,2715.35424804688,29572.353515625,391.391510009766,3329.30493164062,25851.65625,303557.59375,1990820.5,37847232,5,7.90667819976807,10.2945947647095,5.96970796585083,8.11051940917969,10.1601295471191,12.623327255249,14.504056930542,17.449068069458,63.2999992370605,4,15.8000001907349,54.2999992370605,0,0,0,0,0,0,0,0,1,14526.07421875,1032.28344726562,1570.52026367188,680.708618164062,10295.0830078125,471.259826660156,3180.67529296875,531.102355957031,4,0,0,0,0,0,0,6895.0859375,8.83856391906738,2.95723533630371,27.1535415649414,Villeray-Saint-Michel-Parc-Extension,NA,,2097,"c(294226.6875, 5044950)"
1141,Liège,Saint-Laurent,LiÞge,Saint-Laurent,23/09/2003,0,2363.3515625,43054.71484375,3047.58569335938,3390.69140625,36616.4375,1791871.125,1966235.875,43324140,2,7.76783609390259,10.6702270507812,8.02210521697998,8.12878894805908,10.5082530975342,14.3987712860107,14.4916324615479,17.5842208862305,75.5,4,18.8999996185303,66.1999969482422,1,1,0,1,1,0,0,0,0.5,15813.134765625,537.9404296875,3405.82836914062,867.877258300781,20096.91015625,645.528503417969,3738.84252929688,312.005462646484,6,2,1,0,0,0,0,6750.30908203125,8.81734371185303,4.30547142028809,23.6335163116455,Villeray-Saint-Michel-Parc-Extension,NA,,2103,"c(294058.625, 5044542)"
1100,Mistral,Saint-Hubert,Mistral,Saint-Hubert,25/11/2003,0,1237.99206542969,21566.16796875,500.386596679688,649.016296386719,20416.763671875,148109.859375,249172.203125,18598934,2,7.12124586105347,9.97888088226318,6.21538114547729,6.4754581451416,9.92411231994629,11.9057102203369,12.4258985519409,16.7386150360107,50.0999984741211,4,12.5,44.7000007629395,0,0,0,0,0,1,1,1,0.5,9819.4677734375,501.181091308594,1843.00805664062,134.645660400391,9873.96484375,448.818878173828,29.7259368896484,153.346450805664,4,0,0,0,0,0,0,6735.8369140625,8.8151969909668,2.15661668777466,12.3799209594727,Villeray-Saint-Michel-Parc-Extension,NA,,2114,"c(294764.96875, 5045252)"
1138,Jarry,Saint-Laurent,Jarry,Saint-Laurent,24/09/2003,0,8189.21826171875,56382.5703125,3356.65356445312,6723.541015625,46302.375,5693368,13672159,165716544,3,9.01057434082031,10.9399147033691,8.11870002746582,8.81336975097656,10.7429485321045,15.5548133850098,16.430871963501,18.9257888793945,93.1999969482422,4,23.2999992370605,78.6999969482422,1,1,1,1,1,0,0,0,0,18175.05078125,984.142883300781,7485.95166015625,3336.74731445312,19372.39453125,2014.97875976562,11349.173828125,1853.34936523438,6,4,1,2,0,0,1,6251.2861328125,8.7405424118042,5.63825702667236,81.8921813964844,Villeray-Saint-Michel-Parc-Extension,NA,,2121,"c(294542.4375, 5044340)"
1706,Christophe-Colomb,Mistral,Christophe-Colomb,Mistral,01/12/2003,0,1119.04516601562,46171.578125,1233.2265625,1913.62744140625,43024.72265625,319673.15625,619518.1875,26285240,1,7.02023077011108,10.740119934082,7.11738920211792,7.55675601959229,10.669529914856,12.6750535964966,13.3366966247559,17.0845184326172,77.3000030517578,4,19.2999992370605,66.0999984741211,1,0,1,1,1,1,1,1,1,24148.916015625,481.811126708984,563.456970214844,191.688293457031,21459.205078125,129.519119262695,0,316.026641845703,5,0,0,0,0,0,1,6837.3369140625,8.830153465271,4.61715793609619,11.1904516220093,Villeray-Saint-Michel-Parc-Extension,NA,,2126,"c(294876.9375, 5045482)"
1528,Boyer,Jean-Talon,Boyer,Jean-Talon,20/11/2003,0,6303.6123046875,33873.703125,1343.05383300781,1798.99829101562,30731.650390625,1964841.5,2321830,88797552,3,8.74887752532959,10.4303941726685,7.20270109176636,7.49498510360718,10.3330478668213,14.4909219741821,14.657865524292,18.3018703460693,70,4,17.5,54.5999984741211,0,0,1,1,1,1,1,1,1,64.4269409179688,1324.13159179688,16086.9111328125,1230.88293457031,3895.35180664062,2137.26025390625,13827.01171875,1611.33764648438,3,0,0,0,0,0,1,5485.77490234375,8.60991382598877,3.38737034797668,63.0361213684082,Villeray-Saint-Michel-Parc-Extension,NA,,2150,"c(296002.6875, 5044647.5)"
1061,Castelnau,Saint-Denis,Castelnau,Saint-Denis,13/11/2003,0,3920.17553710938,39226.09375,916.844909667969,4584.224609375,33725.0234375,775181.8125,5006434,70710432,0,8.27389240264893,10.5770969390869,6.82093811035156,8.43037605285645,10.4259948730469,13.5608530044556,15.4262342453003,18.074104309082,64.5999984741211,4,16.2000007629395,57.2000007629395,0,0,0,0,0,0,0,0,1,16840.2109375,574.411987304688,1779.17468261719,1197.31335449219,17132.609375,1559.11828613281,3474.0986328125,589.331787109375,4,0,0,0,0,0,0,5492.9150390625,8.61121463775635,3.92260932922363,39.2017555236816,Villeray-Saint-Michel-Parc-Extension,NA,,2167,"c(295639.09375, 5044365.5)"
1503,Castelnau,Châteaubriand,Castelnau,ChÔteaubriand,18/11/2003,0,2015.94482421875,17686.931640625,896.732421875,1714.19567871094,15076.00390625,376380.28125,944786.375,13608412,0,7.60884284973145,9.7805814743042,6.79875802993774,7.44669914245605,9.62086009979248,12.8383550643921,13.758713722229,16.4261989593506,59.5,4,14.8999996185303,48.7999992370605,0,0,0,0,0,1,1,1,1,14179.271484375,422.637786865234,1456.57092285156,388.976379394531,4.95432281494141,445.078735351562,2046.13525390625,759.251953125,3,0,0,0,0,0,0,5571.3359375,8.62539005279541,1.76869320869446,20.1594486236572,Villeray-Saint-Michel-Parc-Extension,NA,,2169,"c(295762.46875, 5044571)"
1062,Castelnau,Saint-Hubert,Castelnau,Saint-Hubert,19/11/2003,0,2592.15307617188,12183.7158203125,1848.91027832031,417.009643554688,9917.7958984375,1240848.625,266267.15625,13248617,2,7.86024379730225,9.40785598754883,7.52235221862793,6.03310918807983,9.20208644866943,14.0313062667847,12.4922552108765,16.3994045257568,54,4,13.5,44.2999992370605,0,0,0,0,0,1,1,1,1,0,678.00537109375,793.825561523438,584.358215332031,10033.3525390625,666.767700195312,1356.53735351562,663.021789550781,2,0,0,0,0,0,0,5597.02392578125,8.62999057769775,1.21837162971497,25.9215316772461,Villeray-Saint-Michel-Parc-Extension,NA,,2170,"c(295806, 5044638)"
1063,Châteaubriand,Faillon,ChÔteaubriand,Faillon,18/11/2003,0,1881.29919433594,18296.314453125,1030.49914550781,1193.99182128906,16071.8232421875,401136.28125,429338.875,17235648,3,7.53971815109253,9.81445503234863,6.93779897689819,7.0850567817688,9.68482303619385,12.9020566940308,12.9700021743774,16.6624908447266,57.2999992370605,4,14.3000001907349,49.2000007629395,0,0,0,0,0,1,1,1,1,15076.00390625,751.771606445312,1545.74865722656,411.417297363281,9.90864562988281,366.535430908203,1664.65246582031,351.574798583984,3,0,0,0,0,0,0,5821.875,8.66937732696533,1.82963144779205,18.8129920959473,Villeray-Saint-Michel-Parc-Extension,NA,,2179,"c(295540.71875, 5044713.5)"
1066,Châteaubriand,Villeray,ChÔteaubriand,Villeray,18/11/2003,0,1750.39367675781,23186.23046875,2140.26733398438,1857.87109375,19188.091796875,763582.0625,803847.625,16756390,4,7.46759605407715,10.0513143539429,7.66868591308594,7.52718687057495,9.86204528808594,13.5457763671875,13.5971651077271,16.6342906951904,59.0999984741211,4,14.8000001907349,54.7000007629395,0,0,0,0,0,1,1,1,0.5,12851.513671875,493.700775146484,5920.41552734375,340.354309082031,4.95432281494141,370.275573730469,4409.34716796875,546.06298828125,4,0,0,0,0,0,0,6085.505859375,8.71366500854492,2.31862306594849,17.5039367675781,Villeray-Saint-Michel-Parc-Extension,NA,,2180,"c(295310.5, 5044864.5)"
1131,Clark,Jean-Talon,Clark,Jean-Talon,29/09/2003,0,2795.96069335938,44469.375,3305.333984375,4389.56787109375,36774.47265625,2547980,3457277.75,52214604,3,7.93593120574951,10.7025556564331,8.10329341888428,8.38698577880859,10.5125589370728,14.7508106231689,15.0559921264648,17.7708721160889,71.9000015258789,4,18,59.5999984741211,0,1,0,1,1,0,1,1,1,16721.41015625,513.874145507812,14016.08984375,704.047973632812,0,801.158081054688,13731.873046875,776.880554199219,5,0,0,2,0,0,0,5168.82177734375,8.55039978027344,4.44693756103516,27.9596061706543,Villeray-Saint-Michel-Parc-Extension,NA,,2186,"c(295516.78125, 5043801.5)"
1077,Faillon,Saint-Denis,Faillon,Saint-Denis,14/11/2003,0,1679.66223144531,38529.31640625,762.75537109375,2751.00439453125,35015.55859375,326208.96875,1137911.375,30514760,2,7.4263482093811,10.5591745376587,6.63693714141846,7.9197211265564,10.463547706604,12.6952934265137,13.9447050094604,17.2337207794189,66,4,16.5,55.7000007629395,0,0,0,0,0,0,0,0,1,17441.673828125,458.43994140625,1830.61291503906,423.768005371094,16739.9375,419.915557861328,2517.0927734375,377.538757324219,6,0,0,0,0,0,0,5717.287109375,8.65124988555908,3.85293173789978,16.7966232299805,Villeray-Saint-Michel-Parc-Extension,NA,,2198,"c(295409.0625, 5044461.5)"
1076,Faillon,Lajeunesse,Faillon,Lajeunesse,14/11/2003,0,1017.04321289062,9000.513671875,1820.44287109375,396.632781982422,6783.43798828125,575077.5,104668.1796875,3498891,0,6.92465496063232,9.10503673553467,7.50683498382568,5.98301076889038,8.82223892211914,13.2622604370117,11.5585498809814,15.0679569244385,68.6999969482422,4,17.2000007629395,54.4000015258789,0,0,0,0,0,1,0,1,1,0,315.899780273438,1388.21472167969,165.654769897461,4729.08349609375,219.5888671875,2883.21533203125,315.899780273438,2,0,0,0,0,0,0,5775.83203125,8.66143798828125,0.900051355361938,10.1704320907593,Villeray-Saint-Michel-Parc-Extension,NA,,2199,"c(295468.40625, 5044592)"
1078,Faillon,Saint-Hubert,Faillon,Saint-Hubert,20/11/2003,0,2995.1484375,12508.73828125,1883.24890136719,421.253051757812,10204.2353515625,1318520.75,329852.03125,15071930,3,8.0047492980957,9.43418312072754,7.54075384140015,6.04323387145996,9.23055839538574,14.0920209884644,12.7063989639282,16.5283451080322,56.2999992370605,4,14.1000003814697,44.9000015258789,0,0,0,0,0,1,1,1,1,0,731.06982421875,505.503662109375,850.428161621094,10585.841796875,742.259704589844,1417.392578125,671.390686035156,3,0,0,0,0,0,0,5848.32080078125,8.67391014099121,1.25087380409241,29.9514846801758,Villeray-Saint-Michel-Parc-Extension,NA,,2201,"c(295584.65625, 5044783.5)"
1136,Gounod,Saint-Laurent,Gounod,Saint-Laurent,26/09/2003,0,675.988952636719,44232.0859375,1289.51989746094,1035.75891113281,41906.80859375,320199.59375,176723.859375,17644704,1,6.5161771774292,10.6972055435181,7.162024974823,6.94289016723633,10.6432037353516,12.6766996383667,12.0823440551758,16.6859455108643,58.9000015258789,3,19.6000003814697,55,1,0,0,0,0,1,1,1,1,20606.423828125,129.287506103516,1237.73193359375,229.023590087891,22387.9296875,291.820373535156,0,25.8575019836426,6,0,0,0,0,0,0,6006.080078125,8.70052719116211,4.42320871353149,6.75988960266113,Villeray-Saint-Michel-Parc-Extension,NA,,2212,"c(294783.4375, 5044242.5)"
1082,Gounod,Saint-Denis,Gounod,Saint-Denis,14/11/2003,0,1698.92443847656,34674.859375,559.353942871094,2339.11645507812,31776.388671875,257683.921875,954453.125,29082004,2,7.43775081634521,10.4537696838379,6.3267822265625,7.75752878189087,10.3664789199829,12.4594888687134,13.7688941955566,17.1856307983398,65.3000030517578,4,16.2999992370605,55.7999992370605,0,0,0,0,0,0,0,0,1,17543.373046875,458.43994140625,1550.93591308594,312.047332763672,13846.552734375,466.144805908203,1733.99719238281,462.292358398438,6,0,0,0,0,0,0,6168.35693359375,8.72718811035156,3.4674859046936,16.9892444610596,Villeray-Saint-Michel-Parc-Extension,NA,,2215,"c(294952, 5044651)"
1081,Gounod,Lajeunesse,Gounod,Lajeunesse,10/11/2003,0,1776.56896972656,11488.4248046875,2036.18505859375,578.814025878906,8873.42578125,1035587,277989.875,7579177,0,7.4824390411377,9.34909534454346,7.61883306503296,6.36098098754883,9.09081554412842,13.8504791259766,12.5353403091431,15.8409147262573,59.5999984741211,4,14.8999996185303,50.2999992370605,0,0,0,0,0,1,1,1,1,0,506.385437011719,708.013610839844,417.768005371094,8558.1787109375,337.590301513672,2222.232421875,514.8251953125,2,0,0,0,0,0,0,6226.4228515625,8.73655700683594,1.1488424539566,17.7656898498535,Villeray-Saint-Michel-Parc-Extension,NA,,2216,"c(295005.34375, 5044782)"
1083,Gounod,Saint-Hubert,Gounod,Saint-Hubert,28/11/2003,0,1356.0576171875,17675.583984375,706.820007324219,686.479858398438,16282.28515625,223107.96875,241933.75,10560927,1,7.21233701705933,9.77993965148926,6.5607762336731,6.53157711029053,9.69783306121826,12.3154106140137,12.3964185714722,16.1726722717285,54.2999992370605,4,13.6000003814697,41.2999992370605,0,0,0,0,0,1,0,1,1,8044.52685546875,346.719268798828,849.200988769531,404.505828857422,8776.771484375,300.490051269531,5.08503580093384,304.342468261719,4,0,0,2,0,0,0,6379.01318359375,8.76076889038086,1.76755845546722,13.5605764389038,Villeray-Saint-Michel-Parc-Extension,NA,,2218,"c(295100.1875, 5045071)"
1524,Henri-Julien,Jean-Talon,Henri-Julien,Jean-Talon,02/10/2003,0,5742.625,24131.826171875,2412.68530273438,2069.43725585938,19649.705078125,4884839.5,4062370.75,50242612,1,8.65567207336426,10.0912866592407,7.78849601745605,7.63503217697144,9.885817527771,15.4016466140747,15.2172765731812,17.7323741912842,67.0999984741211,4,16.7999992370605,52.7000007629395,0,0,0,0,0,0,1,1,1,3193.69873046875,744.555786132812,11521.193359375,1088.19689941406,4.97460889816284,2493.30737304688,9411.9599609375,1416.56518554688,4,0,0,2,0,0,0,5231.97314453125,8.56254386901855,2.41318273544312,57.4262504577637,Rosemont-La-Petite-Patrie,NA,,2220,"c(295776.71875, 5044139)"
1092,Jean-Talon,Saint-Denis,Jean-Talon,Saint-Denis,01/12/2003,0,19127.3828125,57201.515625,1084.38891601562,3901.673828125,52215.453125,10660610,17812360,553561472,12,9.85887622833252,10.9543361663818,6.98877191543579,8.26916122436523,10.8631343841553,16.1820659637451,16.6954021453857,20.1318836212158,84.6999969482422,4,21.2000007629395,71.5,0,1,0,1,1,0,1,1,1,16983.443359375,2953.03588867188,11146.8798828125,2217.36743164062,19391.42578125,10014.41796875,9679.765625,3942.56201171875,5,0,0,0,0,0,0,5275.69189453125,8.5708646774292,5.72015142440796,191.273834228516,Rosemont-La-Petite-Patrie,NA,,2224,"c(295863.0625, 5044271)"
1093,Jean-Talon,Saint-Hubert,Jean-Talon,Saint-Hubert,26/11/2003,0,13447.73046875,31612.345703125,3938.98266601562,1959.44287109375,25713.919921875,9323905,4224441,159167808,12,9.50656604766846,10.3613033294678,8.27867794036865,7.58041477203369,10.1547880172729,16.0480918884277,15.2563982009888,18.8854694366455,66.6999969482422,4,16.7000007629395,55.4000015258789,0,1,0,1,1,1,1,1,0.5,5.02421283721924,1854.21350097656,11008.0498046875,2374.8916015625,9741.9482421875,6060.84326171875,10857.3232421875,3157.78173828125,4,0,0,0,0,0,0,5420.94189453125,8.59802532196045,3.16123461723328,134.477310180664,Villeray-Saint-Michel-Parc-Extension,NA,,2227,"c(295962.625, 5044536.5)"
1105,Saint-Denis,Villeray,Saint-Denis,Villeray,14/11/2003,0,1506.30261230469,37354.671875,839.030883789062,2578.11328125,33937.52734375,411953.40625,794737.6875,31447018,1,7.31741285324097,10.5282125473022,6.73224782943726,7.85481309890747,10.432276725769,12.9286661148071,13.5857667922974,17.2638149261475,63.2000007629395,4,15.8000001907349,55.5,0,0,0,0,0,0,0,0,1,15738.185546875,523.931335449219,3340.86865234375,184.916946411133,14365.2265625,489.259429931641,3910.392578125,308.194915771484,6,0,0,0,0,0,0,5926.36279296875,8.68716621398926,3.73546719551086,15.0630264282227,Villeray-Saint-Michel-Parc-Extension,NA,,2246,"c(295195.6875, 5044549)"
1106,Saint-Hubert,Villeray,Saint-Hubert,Villeray,26/11/2003,0,2382.38354492188,19473.84765625,1572.57849121094,1703.20812988281,16198.0615234375,842859.375,1091360.375,19278736,0,7.77585697174072,9.87682819366455,7.36047220230103,7.44026899337769,9.69264698028564,13.6445550918579,13.9029359817505,16.7745132446289,54.2000007629395,4,13.6000003814697,45.0999984741211,0,0,0,0,0,1,1,1,1,0,591.849975585938,5255.326171875,663.021789550781,9927.84375,621.817077636719,4290.677734375,505.694610595703,4,0,0,0,0,0,0,6109.07080078125,8.71753025054932,1.94738471508026,23.8238353729248,Villeray-Saint-Michel-Parc-Extension,NA,,2250,"c(295355, 5044932.5)"
1144,Saint-Laurent,Villeray,Saint-Laurent,Villeray,26/09/2003,0,535.619689941406,43895.46484375,2832.80078125,2061.16040039062,39001.50390625,575567.3125,303709.46875,12242977,2,6.28342390060425,10.6895656585693,7.94902086257935,7.63102388381958,10.5713548660278,13.263111114502,12.6238269805908,16.320463180542,60.5,3,20.2000007629395,56,1,0,0,0,0,1,1,1,1,21460.92578125,103.43000793457,2475.4638671875,199.472152709961,19886.572265625,210.553939819336,72.5031280517578,22.1635723114014,6,0,0,0,0,0,0,5757.72412109375,8.65829753875732,4.38954639434814,5.35619688034058,Villeray-Saint-Michel-Parc-Extension,NA,,2253,"c(295026.78125, 5044140.5)"
1095,Lajeunesse,Villeray,Lajeunesse,Villeray,10/11/2003,0,1341.92138671875,15772.6826171875,1245.48376464844,2449.62377929688,12077.5751953125,389953.46875,730620.3125,7649159.5,0,7.20185804367065,9.66603469848633,7.12727880477905,7.80368995666504,9.3991060256958,12.8737831115723,13.5016489028931,15.8501062393188,67.1999969482422,4,16.7999992370605,49.5999984741211,1,0,0,0,0,1,1,1,1,10.3359651565552,341.810180664062,4615.00830078125,189.894546508789,6196.4111328125,611.882446289062,4950.92724609375,198.33430480957,3,0,0,0,0,0,0,5990.294921875,8.69789600372314,1.577268242836,13.4192142486572,Villeray-Saint-Michel-Parc-Extension,NA,,2254,"c(295245.4375, 5044681.5)"
1113,Ball,Querbes,Ball,Querbes,23/09/2003,0,1660.44274902344,13310.4814453125,1231.14392089844,1306.82897949219,10772.5087890625,494485.84375,560008.3125,10717208,1,7.41484022140503,9.49630737304688,7.11569881439209,7.17535877227783,9.28475284576416,13.111273765564,13.23570728302,16.1873607635498,64.8000030517578,4,16.2000007629395,51.2999992370605,0,0,0,0,0,0,0,0,1,2961.80932617188,530.767883300781,358.24267578125,387.317108154297,8290.0380859375,487.732666015625,1700.39135742188,254.625137329102,2,0,0,0,0,0,0,5771.94580078125,8.66076469421387,1.33104813098907,16.6044273376465,Villeray-Saint-Michel-Parc-Extension,NA,,2280,"c(294475.40625, 5043471)"
1114,Beaumont,Querbes,Beaumont,Querbes,14/10/2003,0,1374.49816894531,22940.482421875,3227.48168945312,3113.1025390625,16599.8984375,1120147,2473382.75,6225364,1,7.22584390640259,10.0406579971313,8.07945728302002,8.04337501525879,9.7171516418457,13.9289712905884,14.7210969924927,15.6441421508789,54,4,13.5,34.2999992370605,0,1,0,1,1,0,0,0,0,2924.12817382812,995.458312988281,9642.6611328125,149.318740844727,363.029510498047,11.4860572814941,10010.6630859375,218.235092163086,2,0,0,1,0,0,0,4730.1650390625,8.46171569824219,2.29404830932617,13.7449817657471,Villeray-Saint-Michel-Parc-Extension,NA,,2294,"c(295460.90625, 5043059)"
1432,Bloomfield,Ogilvy,Bloomfield,Ogilvy,01/10/2003,0,2688.01953125,9445.83984375,1048.97741699219,1139.75427246094,7257.10791015625,383922.28125,669528.9375,9025974,3,7.89656019210815,9.15332984924316,6.95557117462158,7.03856801986694,8.88973712921143,12.8581953048706,13.4143295288086,16.0156173706055,49.9000015258789,4,12.5,44.4000015258789,0,0,0,0,0,1,1,1,1,3479.78076171875,1115.85400390625,2410.630859375,322.102203369141,5.04316091537476,506.160583496094,3550.38500976562,743.902648925781,3,0,0,0,0,0,0,5169.73486328125,8.55057621002197,0.944584012031555,26.8801956176758,Villeray-Saint-Michel-Parc-Extension,NA,,2308,"c(294963.46875, 5043118)"
1431,Bloomfield,Jarry,Bloomfield,Jarry,30/09/2003,0,3797.859375,16786.94921875,2310.91748046875,1019.22564697266,13456.8056640625,2194795.5,1100691.125,23308908,11,8.2421932220459,9.72835731506348,7.74539995193481,6.92679786682129,9.50724029541016,14.601598739624,13.911449432373,16.9643459320068,61,4,15.3000001907349,51.7000007629395,0,0,0,0,0,1,1,1,1,2628.794921875,1029.25939941406,6761.19970703125,624.010925292969,0,1090.22595214844,7396.95458984375,1054.36328125,4,0,0,2,0,0,0,6006.2978515625,8.70056343078613,1.6786949634552,37.9785919189453,Villeray-Saint-Michel-Parc-Extension,NA,,2310,"c(294178.09375, 5043445.5)"
1437,Champagneur,Ogilvy,Champagneur,Ogilvy,24/09/2003,0,2744.1064453125,7429.666015625,521.918701171875,1105.23962402344,5802.5078125,424874.375,1109492.25,6862719.5,2,7.91721105575562,8.91323566436768,6.25751209259033,7.00781679153442,8.66604614257812,12.9595489501953,13.919412612915,15.7416143417358,53.7999992370605,4,13.5,43,0,0,0,0,0,1,1,1,0,5.11684989929199,1059.56994628906,2532.8408203125,686.026611328125,1355.96520996094,603.416076660156,3535.74340820312,395.093872070312,3,0,0,0,0,0,0,5157.544921875,8.54821586608887,0.742966592311859,27.4410648345947,Villeray-Saint-Michel-Parc-Extension,NA,,2313,"c(294938.21875, 5043058)"
1116,Champagneur,Jarry,Champagneur,Jarry,24/09/2003,0,2783.61596679688,15345.43359375,608.905151367188,680.541076660156,14055.9873046875,410336.96875,500887.90625,15800813,4,7.93150615692139,9.63857269287109,6.41166305541992,6.52288818359375,9.55080413818359,12.9247341156006,13.124137878418,16.5755710601807,60.2000007629395,4,15.1000003814697,53,0,0,0,0,0,1,0,1,1,10.233699798584,944.633483886719,5398.27685546875,581.865478515625,2522.60717773438,808.146545410156,7414.31591796875,448.970306396484,4,0,0,1,0,0,0,5995.001953125,8.69868183135986,1.53454339504242,27.8361587524414,Villeray-Saint-Michel-Parc-Extension,NA,,2315,"c(294153.0625, 5043384.5)"
1117,Hutchison,Jean-Talon,Hutchison,Jean-Talon,16/09/2003,0,7129.50390625,43604.6953125,4359.46044921875,6907.5244140625,32337.708984375,4243056.5,17289090,113353608,7,8.87199687957764,10.6829204559326,8.38010406494141,8.84036731719971,10.3839893341064,15.2607936859131,16.6655864715576,18.5460224151611,79.5,4,19.8999996185303,63.2999992370605,0,1,0,1,1,1,0,1,0.5,4081.9482421875,2678.943359375,22912.39453125,613.252075195312,0,946.775146484375,16610.3515625,2890.533203125,6,2,1,0,0,0,0,5077.259765625,8.53252696990967,4.36046934127808,71.295036315918,Villeray-Saint-Michel-Parc-Extension,NA,,2333,"c(295217.5, 5043312.5)"
1120,Jean-Talon,Querbes,Jean-Talon,Querbes,17/09/2003,0,7097.322265625,37956.79296875,2000.68835449219,3684.13208007812,32271.97265625,3114514.25,7994100.5,105500360,8,8.86747264862061,10.5442037582397,7.60124683380127,8.21179008483887,10.3819541931152,14.9515838623047,15.8942136764526,18.4742240905762,78.1999969482422,4,19.6000003814697,61.5999984741211,0,1,0,1,1,0,1,1,1,3448.7568359375,2560.92651367188,17177.265625,858.431213378906,3643.197265625,1390.01208496094,13687.57421875,2287.95263671875,4,0,0,0,0,0,0,5042.2587890625,8.52560901641846,3.79567933082581,70.9732208251953,Villeray-Saint-Michel-Parc-Extension,NA,,2341,"c(295163.78125, 5043182)"
132,Hutchison,Ogilvy,Hutchison,Ogilvy,25/09/2003,1,6523.5,11639.0654296875,5965.904296875,4093.357421875,1579.80383300781,4597244,14837568,3587837.25,3,8.78316593170166,9.36212158203125,8.69381618499756,8.31712055206299,7.36505603790283,15.340968132019,16.5126724243164,15.0930595397949,47.2999992370605,3,15.8000001907349,41.2999992370605,0,0,0,1,1,1,1,1,0,0,0,1741.31726074219,2113.69995117188,6273.78955078125,4252.43505859375,3623.958984375,157.365142822266,3,0,0,0,0,0,0,5232.51611328125,8.56264781951904,1.16390657424927,65.2350006103516,Villeray-Saint-Michel-Parc-Extension,NA,,2348,"c(295068.125, 5043372.5)"
1122,Ogilvy,Querbes,Ogilvy,Querbes,03/10/2003,0,4819.1064453125,19202.05078125,1628.24401855469,4961.29541015625,12612.5107421875,2034769.125,5126677.5,29197788,4,8.48034381866455,9.86277198791504,7.39525699615479,8.50942230224609,9.44244480133057,14.5258932113647,15.4499683380127,17.189603805542,64.6999969482422,4,16.2000007629395,52.7000007629395,0,0,0,0,0,0,0,0,1,3884.30615234375,966.1875,5854.53271484375,1127.8759765625,5869.84521484375,1025.341796875,3593.36596679688,1699.701171875,4,0,0,0,0,0,0,5198.97314453125,8.5562162399292,1.92020511627197,48.1910629272461,Villeray-Saint-Michel-Parc-Extension,NA,,2349,"c(295015.125, 5043243.5)"
1123,Querbes,Saint-Roch,Querbes,Saint-Roch,25/09/2003,0,4134.4111328125,13809.4033203125,1599.99304199219,1817.02673339844,10392.3837890625,1560773.75,1951120.625,23922862,0,8.32709980010986,9.53310489654541,7.3777551651001,7.50495719909668,9.24882793426514,14.2606916427612,14.4839143753052,16.9903450012207,66.5,4,16.6000003814697,53.5,0,0,0,0,0,0,0,0,1,2397.4658203125,1337.60363769531,1509.1416015625,912.002502441406,7757.69482421875,1094.40295410156,2145.10107421875,790.402160644531,2,0,0,0,0,0,0,5512.27978515625,8.61473369598389,1.3809403181076,41.3441123962402,Villeray-Saint-Michel-Parc-Extension,NA,,2356,"c(294719.625, 5043368)"
1125,Beaubien,Saint-Laurent inter. Sud,Beaubien,Saint-Laurent inter. Sud,15/11/2006,0,794.995056152344,19073.744140625,5569.49658203125,3909.91088867188,9594.3369140625,601608.5625,1048607.875,4781620,2,6.67833614349365,9.8560676574707,8.62506008148193,8.27126979827881,9.1689281463623,13.3073616027832,13.8629741668701,15.3802900314331,40.4000015258789,3,13.5,40.4000015258789,0,0,0,0,0,0,1,1,0,0,250.571502685547,2252.62353515625,291.574127197266,14478.8525390625,248.293594360352,2342.26879882812,4.55584621429443,2,0,0,0,0,0,0,4295.98583984375,8.36543655395508,1.90737438201904,7.94995069503784,Rosemont-La-Petite-Patrie,NA,,2384,"c(296324.03125, 5043372)"
1046,Beaubien,Saint-Denis,Beaubien,Saint-Denis,28/05/2008,0,5437.900390625,36809.71484375,962.114929199219,1376.13012695312,34471.47265625,1782725.875,1714069.75,137605744,6,8.60114765167236,10.5135173797607,6.86913394927979,7.22703123092651,10.4478874206543,14.3936538696289,14.354380607605,18.7399024963379,71.9000015258789,4,18,63.0999984741211,0,1,0,1,1,0,0,0,0,15779.625,3127.68139648438,3935.49682617188,298.969543457031,13968.30859375,1469.75939941406,3126.28540039062,541.490295410156,6,0,0,0,0,0,0,4442.13916015625,8.39889144897461,3.68097138404846,54.3790054321289,Rosemont-La-Petite-Patrie,NA,,2390,"c(296598.59375, 5043790)"
1042,Beaubien,Chateaubriand,Beaubien,Chateaubriand,05/12/2006,0,15039.759765625,18414.44140625,1602.76843261719,1108.716796875,15702.9560546875,2033003.25,1680807.125,123415472,2,9.61845302581787,9.82089042663574,7.37948799133301,7.01095914840698,9.6616039276123,14.5250253677368,14.3347854614258,18.631067276001,56.7000007629395,4,14.1999998092651,51,0,1,0,1,1,1,1,1,1,10249.83203125,10872.9833984375,4488.2158203125,1103.37780761719,0,1621.79895019531,3676.39379882812,1441.59912109375,3,0,0,0,0,0,0,4512.92919921875,8.41470146179199,1.84144413471222,150.397598266602,Rosemont-La-Petite-Patrie,NA,,2392,"c(296701.90625, 5043950.5)"
1047,Beaubien,Saint-Hubert,Beaubien,Saint-Hubert,20/11/2003,0,14875.033203125,23173.875,1912.98449707031,2656.37231445312,18604.517578125,8162636,10163746,136502320,6,9.6074390411377,10.05078125,7.55641984939575,7.88471698760986,9.8311595916748,15.915078163147,16.1343383789062,18.7318515777588,47.4000015258789,4,11.8999996185303,40.7000007629395,0,1,0,1,1,1,1,1,0,0,4725.84423828125,7567.6875,3039.90771484375,9837.498046875,3204.025390625,5768.68896484375,3905.25561523438,2,0,0,0,0,0,0,4550.923828125,8.42308521270752,2.31738758087158,148.750335693359,Rosemont-La-Petite-Patrie,NA,,2393,"c(296750.09375, 5044028.5)"
1126,Beaubien,Saint-Laurent inter. Nord,Beaubien,Saint-Laurent inter. Nord,15/11/2006,0,794.995056152344,19073.744140625,5569.49658203125,3909.91088867188,9594.3369140625,601608.5625,1048607.875,4781620,2,6.67833614349365,9.8560676574707,8.62506008148193,8.27126979827881,9.1689281463623,13.3073616027832,13.8629741668701,15.3802900314331,31.3999996185303,2,15.6999998092651,40,0,1,0,1,1,1,0,1,1,0,250.571502685547,2252.62353515625,291.574127197266,14478.8525390625,248.293594360352,2342.26879882812,4.55584621429443,2,0,0,1,1,0,0,4376.7041015625,8.38405132293701,1.90737438201904,7.94995069503784,Rosemont-La-Petite-Patrie,NA,,2396,"c(296253.9375, 5043417)"
1124,Beaubien,Clark,Beaubien,Clark,16/11/2006,0,701.413330078125,21261.65625,963.311340332031,2935.80590820312,17362.5390625,278501.1875,992739.3125,7269648.5,2,6.55309677124023,9.96466064453125,6.87037706375122,7.98473691940308,9.76206970214844,12.5371780395508,13.8082227706909,15.7992191314697,61.2999992370605,4,15.3000001907349,53.5,0,1,0,1,1,0,1,1,1,13275.34765625,123.646583557129,3373.88330078125,71.9398345947266,0,382.180358886719,4612.42626953125,123.646583557129,4,1,1,0,0,0,0,4360.14306640625,8.3802604675293,2.12616562843323,7.01413345336914,Rosemont-La-Petite-Patrie,NA,,2397,"c(296214.1875, 5043356)"
1052,Bélanger,Saint-Denis,BÚlanger,Saint-Denis,12/11/2003,0,3461.19848632812,46634.7421875,1763.49865722656,3838.49853515625,41032.74609375,2322196.75,2799644.5,82696056,6,8.14937019348145,10.7501010894775,7.47505521774292,8.25283718109131,10.6221256256104,14.6580238342285,14.8450031280518,18.2306823730469,73.6999969482422,4,18.3999996185303,65.5999984741211,0,0,0,0,0,0,0,0,1,17202.904296875,573.120544433594,6712.34814453125,445.760437011719,18313.255859375,1621.96862792969,4406.234375,820.348999023438,6,0,0,0,0,0,0,5052.498046875,8.52763843536377,4.66347408294678,34.6119842529297,Rosemont-La-Petite-Patrie,NA,,2411,"c(296057.65625, 5044142.5)"
1048,Bélanger,Châteaubriand,BÚlanger,ChÔteaubriand,21/11/2003,0,5270.1328125,28023.6328125,3218.82763671875,2420.47705078125,22384.328125,3603617.75,2984306.5,60638664,3,8.56981086730957,10.2408027648926,8.07677173614502,7.79171991348267,10.0161161422729,15.0974493026733,14.908878326416,17.9204425811768,67.4000015258789,4,16.8999996185303,56.7999992370605,0,0,0,0,0,1,0,1,1,15748.3564453125,1837.61218261719,6732.58740234375,774.339721679688,0,1594.90869140625,5542.68896484375,1063.2724609375,3,0,0,0,0,0,0,5113.8779296875,8.53971290588379,2.80236339569092,52.7013282775879,Rosemont-La-Petite-Patrie,NA,,2413,"c(296159.1875, 5044300)"
1053,Bélanger,Saint-Hubert,BÚlanger,Saint-Hubert,27/11/2003,0,10447.5849609375,21186.55078125,1645.36486816406,2274.7666015625,17266.419921875,4606079,5784315,96282664,0,9.25412559509277,9.96112155914307,7.40571689605713,7.72963285446167,9.75651931762695,15.342887878418,15.5706596374512,18.3827991485596,56.2999992370605,4,14.1000003814697,49.7000007629395,0,1,0,1,0,0,1,1,1,0,2219.31909179688,7002.71240234375,2965.30883789062,8246.6484375,1484.51940917969,5937.18994140625,3778.4375,4,0,0,0,0,0,0,5144.64306640625,8.54571151733398,2.11865496635437,104.475852966309,Rosemont-La-Petite-Patrie,NA,,2414,"c(296210.3125, 5044376.5)"
1056,Bellechasse,Saint-Denis,Bellechasse,Saint-Denis,26/05/2008,0,418.264404296875,44310.42578125,3917.05249023438,2487.52514648438,37905.84765625,469726,241895.34375,8021464,3,6.03611421585083,10.698974609375,8.27309513092041,7.81904411315918,10.5428609848022,13.0599050521851,12.3962602615356,15.8976316452026,81.1999969482422,4,20.2999992370605,67.5,0,0,0,0,0,0,0,0,0,16792.640625,81.3291931152344,5907.564453125,72.0344314575195,13724.4462890625,132.450393676758,7885.7744140625,132.450393676758,6,0,0,0,0,0,0,4172.51123046875,8.33627319335938,4.43104267120361,4.18264389038086,Rosemont-La-Petite-Patrie,NA,,2422,"c(296842.34375, 5043633.5)"
610,Bellechasse,Châteaubriand,Bellechasse,ChÔteaubriand,21/11/2003,0,2534.90307617188,28074.482421875,3335.78344726562,2883.21533203125,21855.484375,2278506.5,1578818.5,27967188,0,7.8379111289978,10.2426156997681,8.11246299743652,7.96666097640991,9.99220657348633,14.6390314102173,14.2721872329712,17.1465435028076,61.2999992370605,4,15.3000001907349,53.5999984741211,0,0,0,0,0,1,1,1,1,13841.4677734375,581.717895507812,7286.8564453125,847.536010742188,0,423.768005371094,6946.1591796875,681.881225585938,3,0,0,0,0,0,0,4247.81591796875,8.35416030883789,2.80744814872742,25.3490314483643,Rosemont-La-Petite-Patrie,NA,,2424,"c(296944.6875, 5043793.5)"
1057,Bellechasse,Saint-Hubert,Bellechasse,Saint-Hubert,19/11/2003,0,3873.24609375,22940.5546875,2381.47680664062,1959.44287109375,18599.634765625,3278654.5,2121461.25,34421296,3,8.26184844970703,10.0406618118286,7.77547597885132,7.58041477203369,9.83089733123779,15.0029439926147,14.5676164627075,17.3541851043701,45.9000015258789,4,11.5,40.4000015258789,0,1,0,1,1,1,1,1,0,0,1726.85339355469,6461.13720703125,644.292358398438,9304.841796875,573.120544433594,7174.57568359375,928.979736328125,2,0,0,0,0,0,0,4286.2900390625,8.36317729949951,2.29405546188354,38.7324600219727,Rosemont-La-Petite-Patrie,NA,,2425,"c(296994.59375, 5043870.5)"
1530,Boyer,Rosemont,Boyer,Rosemont,17/11/2003,0,2565.68627929688,24191.326171875,971.580688476562,708.013610839844,22511.73046875,509702.625,483052.9375,20583464,0,7.84998083114624,10.0937490463257,6.87892389297485,6.56246280670166,10.0217924118042,13.141583442688,13.0878820419312,16.8399982452393,59.7000007629395,4,14.8999996185303,50.5,0,0,1,1,1,1,1,1,1,0,713.159484863281,12165.4306640625,616.102294921875,883.724975585938,945.252807617188,11142.169921875,291.171630859375,3,0,0,3,0,0,1,4064.56201171875,8.31006145477295,2.41913270950317,25.6568622589111,Rosemont-La-Petite-Patrie,NA,,2428,"c(297326.59375, 5043806)"
4320,Bellechasse,Boyer,Bellechasse,Boyer,04/11/2009,0,1325.96923828125,11501.2666015625,510.188598632812,581.761840820312,10409.3154296875,190377.3125,221963.21875,3307057,0,7.18989896774292,9.35021209716797,6.23477983474731,6.36606121063232,9.25045585632324,12.1567630767822,12.3102674484253,15.0115690231323,59.4000015258789,4,14.8999996185303,50,0,0,1,1,1,1,1,1,1,1.83521103858948,536.030151367188,5311.10009765625,184.20849609375,743.260375976562,492.882202148438,5445.0703125,112.848449707031,2,0,0,0,0,0,1,4340.61181640625,8.37577056884766,1.15012669563293,13.2596921920776,Rosemont-La-Petite-Patrie,NA,,2429,"c(297061.90625, 5043974.5)"
5371,Beaubien,Boyer,Beaubien,Boyer,04/11/2009,0,6702.86572265625,9544.931640625,282.622467041016,779.964599609375,8482.3447265625,415654.125,1593837.75,10677695,2,8.81029033660889,9.1637659072876,5.64411211013794,6.65924882888794,9.04574203491211,12.9376087188721,14.2816553115845,16.1836681365967,54.4000015258789,4,13.6000003814697,46.5999984741211,0,0,1,1,1,1,1,1,1,0,3556.3857421875,4832.10986328125,698.664672851562,1044.23498535156,2135.82275390625,3668.58642578125,311.992767333984,2,0,0,0,0,0,1,4602.85986328125,8.43443298339844,0.954493165016174,67.0286560058594,Rosemont-La-Petite-Patrie,NA,,2430,"c(296814.8125, 5044131.5)"
3060,Boyer,Saint-Zotique,Boyer,Saint-Zotique,04/11/2009,0,2733.255859375,9900.9619140625,460.637908935547,789.140625,8651.18359375,326667.84375,493712.8125,6375162.5,1,7.91324901580811,9.2003870010376,6.13261222839355,6.6709451675415,9.06545066833496,12.6966991424561,13.1097087860107,15.6679201126099,50.2999992370605,4,12.6000003814697,44.2000007629395,0,0,0,0,1,1,1,1,1,0,944.276000976562,4762.3720703125,318.630920410156,1058.91662597656,1130.14404296875,4079.67358398438,340.204895019531,2,0,0,1,0,0,0,4894.41015625,8.49584865570068,0.990096211433411,27.3325576782227,Rosemont-La-Petite-Patrie,NA,,2431,"c(296544.6875, 5044304.5)"
1065,Châteaubriand,Rosemont,ChÔteaubriand,Rosemont,17/11/2003,0,2299.833984375,38837.38671875,2666.67895507812,3576.24389648438,32594.46484375,1591915.625,3065783.25,39954692,5,7.74059200286865,10.567138671875,7.88858890533447,8.18206787109375,10.3918981552124,14.2804489135742,14.9358139038086,17.5032577514648,77.1999969482422,4,19.2999992370605,60.5999984741211,0,0,1,1,1,0,1,1,0.5,13142.1796875,181.454788208008,13312.72265625,434.647521972656,5.16798210144043,789.117309570312,12377.318359375,894.614318847656,4,0,0,1,0,0,1,3960.876953125,8.28422069549561,3.88373875617981,22.9983406066895,Rosemont-La-Petite-Patrie,NA,,2444,"c(297208.78125, 5043620)"
1067,Châteaubriand,Saint-Zotique,ChÔteaubriand,Saint-Zotique,21/11/2003,0,3725.30590820312,26360.826171875,2608.62329101562,2115.375,21636.828125,2318861.5,2086703,42724108,4,8.22290420532227,10.1796340942383,7.86657810211182,7.65698719024658,9.98215198516846,14.6565866470337,14.5510959625244,17.5702743530273,62,4,15.5,51.5,0,0,0,0,0,1,1,1,1,14553.3720703125,1367.61486816406,6244.423828125,500.816741943359,10.1700716018677,1240.48449707031,5552.85888671875,616.389831542969,3,0,0,0,0,0,0,4811.9208984375,8.47885131835938,2.63608264923096,37.253059387207,Rosemont-La-Petite-Patrie,NA,,2445,"c(296429.5, 5044124.5)"
1132,Clark,Saint-Zotique,Clark,Saint-Zotique,24/09/2003,0,4593.8642578125,21685.2109375,2072.32421875,1192.22607421875,18420.66015625,1928787.875,1049578.25,56648044,5,8.43247699737549,9.9843864440918,7.63642597198486,7.08357715606689,9.82122802734375,14.4724016189575,13.863899230957,17.852367401123,56.7000007629395,4,14.1999998092651,48.9000015258789,0,0,0,0,0,0,1,1,1,17335.888671875,2216.11743164062,2251.4140625,650.109008789062,10.233699798584,1160.13928222656,2087.6748046875,567.498474121094,2,0,0,0,0,0,0,4620.06298828125,8.43816375732422,2.16852116584778,45.9386444091797,Rosemont-La-Petite-Patrie,NA,,2447,"c(295989.375, 5043500)"
1130,Clark,Mozart,Clark,Mozart,23/09/2003,0,1456.025390625,20475.3359375,1629.751953125,701.348327636719,18144.234375,454875.59375,289268.875,13839813,1,7.28346586227417,9.92697620391846,7.39618301391602,6.55300521850586,9.80610847473145,13.0277786254883,12.5751123428345,16.4430599212646,53.2999992370605,4,13.3000001907349,44,0,0,0,0,0,0,1,1,1,17745.626953125,459.042510986328,1327.01159667969,243.866333007812,5.04567193984985,312.005462646484,1397.65100097656,441.111145019531,2,0,0,0,0,0,0,4899.85791015625,8.49696159362793,2.04753351211548,14.5602540969849,Rosemont-La-Petite-Patrie,NA,,2448,"c(295747.3125, 5043653)"
200,Dante,Saint-Laurent,Dante,Saint-Laurent,01/10/2003,0,970.14111328125,17232.48046875,20.1726417541504,2097.95483398438,15114.3525390625,8431.4775390625,434414.46875,7244592,2,6.87744188308716,9.75455093383789,3.00432705879211,7.64871788024902,9.62339973449707,9.03972721099854,12.9817543029785,15.79576587677,36.2000007629395,3,12.1000003814697,35.7000007629395,0,0,0,0,0,0,1,1,1,5.04316091537476,61.3527984619141,872.466796875,306.763977050781,16354.9697265625,417.965942382812,0,184.058395385742,2,0,0,1,0,0,0,4787.4130859375,8.47374534606934,1.72324800491333,9.70141124725342,Rosemont-La-Petite-Patrie,NA,,2449,"c(295900.90625, 5043647.5)"
1050,Bélanger,Drolet/Mozart,BÚlanger,Drolet/Mozart,17/11/2003,0,2396.89111328125,12620.212890625,1612.41052246094,2470.29565429688,8537.5068359375,906940.0625,1687675.75,10638069,0,7.78192806243896,9.44305515289307,7.38548612594604,7.81209278106689,9.05222415924072,13.7178316116333,14.3388633728027,16.1799507141113,80.3000030517578,4,20.1000003814697,48.7999992370605,0,0,0,0,0,0,0,0,1,0,641.421569824219,5648.60498046875,759.578186035156,2583.9912109375,485.286041259766,4387.6171875,510.605316162109,3,0,0,0,0,0,0,5038.47607421875,8.52485847473145,1.26202130317688,23.9689102172852,Rosemont-La-Petite-Patrie,NA,,2453,"c(295989.1875, 5044067.5)"
277,Henri-Julien,Mozart,Henri-Julien,Mozart,12/11/2003,0,1820.50061035156,9003.388671875,1451.99743652344,728.510803222656,6822.880859375,726852.125,244285.25,6008062,1,7.50686693191528,9.10535621643066,7.28069496154785,6.59100198745728,8.82803726196289,13.4964780807495,12.4060916900635,15.6086130142212,55.2000007629395,4,13.8000001907349,44,0,0,0,0,0,0,1,1,1,2743.21997070312,606.83349609375,3165.25390625,535.661682128906,5.02421283721924,344.621520996094,3089.89086914062,333.383850097656,2,0,0,0,0,0,0,5034.7490234375,8.52411937713623,0.900338888168335,18.205005645752,Rosemont-La-Petite-Patrie,NA,,2460,"c(295951.53125, 5044030)"
1142,Mozart,Saint-Laurent inter. Sud,Mozart,Saint-Laurent inter. Sud,30/09/2003,0,1516.99206542969,22846.80078125,2452.1962890625,3340.23461914062,17054.369140625,1246284.5,1178753.5,10650636,6,7.32448482513428,10.0365657806396,7.80473899841309,8.11379623413086,9.74416160583496,14.0356769561768,13.9799680709839,16.1811294555664,23.2999992370605,2,11.6999998092651,35.0999984741211,0,0,0,0,0,1,0,1,1,0,372.972045898438,2790.25634765625,251.038864135742,18129.09765625,240.280059814453,1927.44653320312,652.701049804688,2,0,0,0,1,0,0,4933.39013671875,8.50378131866455,2.28468012809753,15.1699209213257,Rosemont-La-Petite-Patrie,NA,,2473,"c(295776.09375, 5043729.5)"
1101,Rosemont,Saint-Denis,Rosemont,Saint-Denis,03/06/2008,0,4975.57763671875,51259.40625,446.482879638672,5804.27734375,45008.6484375,782265.3125,5177003.5,135339616,4,8.51229667663574,10.844654083252,6.10140085220337,8.66635036468506,10.7146100997925,13.5699491500854,15.4597368240356,18.7232971191406,98.9000015258789,4,24.7000007629395,73.9000015258789,1,0,0,0,0,0,0,0,0,17222.453125,243.046646118164,8181.7421875,488.386199951172,18530.171875,3581.49877929688,7325.0390625,662.646057128906,6,0,0,2,0,0,0,3880.14599609375,8.26362800598145,5.12594079971313,49.7557754516602,Rosemont-La-Petite-Patrie,NA,,2478,"c(297107.1875, 5043460.5)"
1103,Rosemont,Saint-Vallier,Rosemont,Saint-Vallier,17/11/2003,0,5401.44482421875,29069.900390625,2914.7421875,1969.00134277344,24186.158203125,3572738,2186714.25,54928940,1,8.59442234039307,10.2774591445923,7.97753715515137,7.58528184890747,10.0935363769531,15.0888433456421,14.5979108810425,17.8215503692627,77.6999969482422,4,19.3999996185303,65.5999984741211,0,0,0,0,1,0,0,0,1,5.16798210144043,827.096252441406,13912.208984375,810.216735839844,1054.26843261719,2308.27368164062,14098.255859375,1455.85815429688,5,0,0,1,0,0,0,3921.67602539062,8.2742748260498,2.90699005126953,54.0144500732422,Rosemont-La-Petite-Patrie,NA,,2479,"c(297162.1875, 5043545.5)"
1102,Rosemont,Saint-Hubert,Rosemont,Saint-Hubert,17/11/2003,0,5093.3935546875,34951.06640625,4268.75341796875,2723.52661132812,27958.78515625,5529702,2060248,90767568,2,8.53569984436035,10.4617042541504,8.35907745361328,7.90968322753906,10.2384872436523,15.5256452560425,14.5383367538452,18.3238124847412,89.6999969482422,4,22.3999996185303,57.7999992370605,1,1,0,1,1,1,1,1,0,0,0,12237.7822265625,1227.98474121094,9891.5185546875,1299.72265625,12821.7646484375,2565.68627929688,4,0,0,0,0,0,0,4003.51611328125,8.29492855072021,3.49510669708252,50.9339370727539,Rosemont-La-Petite-Patrie,NA,,2480,"c(297259, 5043699)"
1104,Saint-Denis,Saint-Zotique,Saint-Denis,Saint-Zotique,12/11/2003,0,3438.72338867188,51367.55078125,2280.99243164062,3356.17407226562,45730.3828125,2523929.75,2534167.75,89893472,4,8.14285564422607,10.8467617034912,7.73236608505249,8.11855697631836,10.7305183410645,14.7413282394409,14.7453756332397,18.314136505127,68.5,4,17.1000003814697,58.5999984741211,0,0,0,0,0,0,0,0,0,19956.171875,951.455017089844,6943.4619140625,258.466125488281,19709.986328125,1153.73291015625,4757.92919921875,1075.06921386719,6,0,0,2,0,0,0,4748.201171875,8.46552085876465,5.13675498962402,34.3872337341309,Rosemont-La-Petite-Patrie,NA,,2486,"c(296327.8125, 5043968.5)"
616,Saint-Hubert,Saint-Zotique,Saint-Hubert,Saint-Zotique,19/11/2003,0,6607.74267578125,19473.84765625,1562.53015136719,1924.2734375,15987.044921875,2640351,2984138.25,52675504,2,8.79599666595459,9.87682819366455,7.3540620803833,7.56230401992798,9.67953395843506,14.7864217758179,14.9088220596313,17.7796611785889,49.7999992370605,4,12.5,41.2999992370605,0,1,0,1,0,1,1,1,1,0,1603.23913574219,6355.62890625,1487.11669921875,8058.8369140625,1745.58288574219,5059.38232421875,1771.80407714844,3,0,0,0,0,0,0,4846.47802734375,8.48600769042969,1.94738471508026,66.0774230957031,Rosemont-La-Petite-Patrie,NA,,2489,"c(296479.40625, 5044202.5)"
1143,Saint-Laurent,Saint-Zotique inter. Sud,Saint-Laurent,Saint-Zotique inter. Sud,30/09/2003,0,3227.642578125,24310.044921875,2184.77587890625,3940.66943359375,18184.599609375,1482552.75,2711411.75,25070380,2,8.07950687408447,10.0986452102661,7.68926811218262,8.27910614013672,9.80832958221436,14.2092761993408,14.8129796981812,17.0371971130371,29.2000007629395,2,14.6000003814697,36.2999992370605,0,0,0,0,1,0,1,1,0,0,606.079528808594,3037.49438476562,724.426452636719,19365.287109375,713.667663574219,1907.26379394531,1183.46899414062,2,0,0,0,1,0,0,4622.94189453125,8.43878650665283,2.43100452423096,32.276424407959,Rosemont-La-Petite-Patrie,NA,,2491,"c(296042.8125, 5043556)"
1043,Beaubien,Christophe-Colomb,Beaubien,Christophe-Colomb,27/11/2006,0,4187.5693359375,38482.03515625,1002.56207275391,2293.63134765625,35185.84375,1757018.375,2621460.75,98842672,9,8.33987617492676,10.5579471588135,6.91031408309937,7.73789215087891,10.4683990478516,14.37912940979,14.7792415618896,18.4090404510498,63.9000015258789,4,16,63.9000015258789,0,1,0,1,1,0,0,0,0,15901.548828125,2524.18798828125,5856.69384765625,496.229522705078,12405.8046875,916.505554199219,4317.9892578125,250.646545410156,6,0,0,1,0,0,0,4646.02294921875,8.44376659393311,3.84820342063904,41.8756942749023,Rosemont-La-Petite-Patrie,NA,,2509,"c(296870.03125, 5044216)"
1045,Beaubien,Normanville,Beaubien,Normanville,15/03/2004,0,5183.79638671875,12795.9345703125,925.337158203125,1609.75817871094,10260.8388671875,1204899.375,1885485.125,29571620,0,8.55329322814941,9.45688343048096,6.83015823364258,7.38383913040161,9.2360897064209,14.0019073486328,14.4496955871582,17.2023258209229,57.9000015258789,4,14.5,45,0,1,1,1,1,1,1,1,1,2042.31225585938,1218.70715332031,5103.04296875,1604.91711425781,0,1025.60205078125,5650.57958984375,1334.57006835938,4,0,0,0,0,0,1,4736.0087890625,8.46294975280762,1.2795934677124,51.837963104248,Rosemont-La-Petite-Patrie,NA,,2511,"c(296973.34375, 5044378.5)"
1044,Beaubien,Lanaudière,Beaubien,LanaudiÞre,01/04/2004,0,2982.20629882812,14049.4248046875,596.612182617188,813.082092285156,12639.73046875,294172.375,545376.4375,10663320,1,8.0004186630249,9.55033683776855,6.39126682281494,6.7008318901062,9.44460010528564,12.5919208526611,13.2092323303223,16.1823196411133,58.2999992370605,4,14.6000003814697,45.5999984741211,0,0,0,0,0,1,1,1,1,1462.49182128906,1317.63330078125,7233.2626953125,269.432006835938,0,885.803894042969,5353.67041015625,509.337219238281,4,0,0,0,0,0,0,4829.958984375,8.48259353637695,1.40494251251221,29.8220634460449,Rosemont-La-Petite-Patrie,NA,,2513,"c(297076.40625, 5044538.5)"
1049,Bélanger,Christophe-Colomb,BÚlanger,Christophe-Colomb,28/11/2003,0,1845.31701660156,50463.89453125,1383.12976074219,4322.2802734375,44758.484375,422336,1785686.5,36619660,6,7.52040576934814,10.8290128707886,7.23210382461548,8.37153816223145,10.7090358734131,12.953556060791,14.3953142166138,17.4160957336426,74.6999969482422,4,18.7000007629395,65.1999969482422,0,1,0,1,1,0,0,0,1,20985.943359375,204.179122924805,6544.44091796875,789.749450683594,16302.625,520.078918457031,6630.88671875,331.309539794922,4,0,0,0,0,0,0,5225.39111328125,8.5612850189209,5.04638957977295,18.4531707763672,Rosemont-La-Petite-Patrie,NA,,2517,"c(296331.3125, 5044560)"
1429,Bélanger,Normanville,BÚlanger,Normanville,08/03/2004,0,1703.615234375,13863.6318359375,777.502258300781,1297.66223144531,11788.466796875,427674.5625,413835.40625,13682508,0,7.44050788879395,9.53702354431152,6.65608692169189,7.1683201789856,9.37487697601318,12.9661178588867,12.9332237243652,16.4316291809082,58.5999984741211,4,14.6999998092651,46.7999992370605,0,0,0,0,0,1,1,1,1,2179.1962890625,287.511871337891,5962.67578125,785.293640136719,0,188.813781738281,5721.75927734375,441.995880126953,3,0,0,0,0,0,0,5304.64111328125,8.57633781433105,1.38636314868927,17.0361518859863,Rosemont-La-Petite-Patrie,NA,,2519,"c(296430.875, 5044719)"
1051,Bélanger,Lanaudière,BÚlanger,LanaudiÞre,08/03/2004,0,1549.13122558594,14159.30078125,865.108093261719,876.058837890625,12418.134765625,413154,298234.96875,10385499,1,7.34544992446899,9.55812740325928,6.76285409927368,6.77543306350708,9.42691326141357,12.9315757751465,12.6056365966797,16.1559219360352,58.7999992370605,4,14.6999998092651,45,0,0,0,0,0,1,1,1,1,1932.80480957031,334.71533203125,6335.00048828125,523.529113769531,0,369.045104980469,5891.49560546875,321.841674804688,4,0,0,0,0,0,0,5389.13623046875,8.59214019775391,1.4159300327301,15.4913120269775,Rosemont-La-Petite-Patrie,NA,,2521,"c(296533.25, 5044880)"
1055,Bellechasse,Christophe-Colomb,Bellechasse,Christophe-Colomb,27/11/2003,0,1503.16906738281,45411.078125,2056.7060546875,3508.79028320312,39845.58203125,680906.6875,1194244,28328566,3,7.31533098220825,10.7235107421875,7.62886095046997,8.16302680969238,10.5927667617798,13.4311809539795,13.9930238723755,17.1593818664551,70.6999969482422,4,17.7000007629395,63.2000007629395,0,0,0,0,0,0,0,0,1,18208.04296875,317.045593261719,6284.1044921875,544.572448730469,13876.5712890625,350.615112304688,7042.35986328125,290.935943603516,6,0,0,1,0,0,0,4387.30517578125,8.38647079467773,4.54110765457153,15.0316905975342,Rosemont-La-Petite-Patrie,NA,,2525,"c(297116.65625, 5044059)"
1687,Bellechasse,Normanville,Bellechasse,Normanville,15/03/2004,0,592.188659667969,12938.2939453125,881.534240722656,1062.22131347656,10994.5390625,106789.4140625,55121.6640625,3730792,0,6.38382482528687,9.46794700622559,6.78166389465332,6.96811819076538,9.30515384674072,11.5786142349243,10.9172983169556,15.1321306228638,55.9000015258789,4,14,45.5999984741211,0,0,0,0,0,1,1,1,1,1867.10046386719,244.599670410156,5617.7275390625,257.473327636719,0,0,5453.46630859375,90.1156616210938,3,0,0,0,0,0,0,4474.76416015625,8.40620899200439,1.29382944107056,5.9218864440918,Rosemont-La-Petite-Patrie,NA,,2527,"c(297214.84375, 5044210.5)"
1071,Christophe-Colomb,Rosemont,Christophe-Colomb,Rosemont,17/11/2003,0,3591.11669921875,49560.953125,3090.45336914062,4739.0400390625,41731.45703125,1500669.875,4503362,72083168,3,8.18621921539307,10.8109588623047,8.03607273101807,8.46358966827393,10.6390113830566,14.2214221954346,15.3203353881836,18.0933303833008,73.6999969482422,4,18.3999996185303,64.5,0,1,0,1,1,0,1,1,0,17385.09375,481.066162109375,9757.150390625,1114.04797363281,11105.994140625,966.352233886719,11312.7138671875,1029.650390625,5,0,0,2,0,0,0,4114.7822265625,8.322340965271,4.95609521865845,35.9111671447754,Rosemont-La-Petite-Patrie,NA,,2541,"c(297381.34375, 5043891.5)"
1072,Christophe-Colomb,Saint-Zotique,Christophe-Colomb,Saint-Zotique,28/11/2003,0,2731.37744140625,50041.8359375,1774.67749023438,3483.24951171875,44783.91015625,1025995,2866650.5,54993736,3,7.91256093978882,10.8206148147583,7.48137378692627,8.15572071075439,10.7096042633057,13.8411731719971,14.8686552047729,17.8227291107178,63.7999992370605,4,16,58.7999992370605,1,0,0,0,0,0,0,0,1,20558.80078125,766.634826660156,7536.02294921875,435.325317382812,14950.0048828125,323.604644775391,6997.00927734375,1205.81262207031,6,0,0,0,0,0,0,4935.36181640625,8.50418090820312,5.00418376922607,27.3137741088867,Rosemont-La-Petite-Patrie,NA,,2542,"c(296598.84375, 5044388.5)"
1096,Lanaudière,Saint-Zotique,LanaudiÞre,Saint-Zotique,15/03/2004,0,2836.49780273438,13370.8486328125,613.2412109375,728.223937988281,12029.3828125,366232.46875,557913,19395752,0,7.95032501220703,9.50083160400391,6.41875791549683,6.59060907363892,9.39510822296143,12.8110237121582,13.2319583892822,16.7805652618408,52.7999992370605,4,13.1999998092651,44.4000015258789,0,0,0,0,0,1,1,1,1,1533.10302734375,639.39208984375,6488.31103515625,626.518432617188,0,553.567687988281,5349.4345703125,1017.01965332031,3,0,0,0,0,0,0,5107.5732421875,8.53847980499268,1.33708488941193,28.3649787902832,Rosemont-La-Petite-Patrie,NA,,2549,"c(296804.59375, 5044709.5)"
1474,Normanville,Rosemont,Normanville,Rosemont,17/11/2003,0,2249.1953125,22217.15625,1054.26843261719,1400.52319335938,19762.365234375,582651.25,748328.625,23142118,1,7.71832799911499,10.008620262146,6.96060180664062,7.24460077285767,9.89153480529785,13.2753438949585,13.5255966186523,16.9571647644043,62.9000015258789,4,15.6999998092651,52.5999984741211,0,0,0,0,0,0,1,1,1,1881.14562988281,734.258911132812,10821.7548828125,620.322143554688,620.157897949219,341.810180664062,8894.09765625,552.804138183594,4,0,0,0,0,0,0,4208.2431640625,8.34480094909668,2.22171568870544,22.4919528961182,Rosemont-La-Petite-Patrie,NA,,2552,"c(297476.84375, 5044041.5)"
1443,Normanville,Saint-Zotique,Normanville,Saint-Zotique,15/03/2004,0,1463.30676269531,14088.12109375,876.058837890625,1259.33459472656,11952.7275390625,333878.4375,396612.8125,10169077,0,7.28845405578613,9.55308723449707,6.77543306350708,7.13833904266357,9.38871479034424,12.7185316085815,12.8907155990601,16.1348628997803,54.5999984741211,4,13.6999998092651,44,0,0,0,0,0,1,1,1,1,2250.37622070312,313.259216308594,6559.49072265625,502.072998046875,5.4753680229187,266.055786132812,5272.779296875,381.918762207031,3,0,0,0,0,0,0,5019.55078125,8.52109527587891,1.40881216526031,14.6330680847168,Rosemont-La-Petite-Patrie,NA,,2553,"c(296700.6875, 5044549.5)"
1520,Papineau,Rosemont,Papineau,Rosemont,11/03/2004,0,3793.00854492188,46248.08203125,1412.43566894531,3796.24926757812,41039.39453125,1405266.875,3773747,81734912,10,8.24091529846191,10.741774559021,7.25307083129883,8.2417688369751,10.6222877502441,14.1557378768921,15.1435785293579,18.2189922332764,67.5,4,16.8999996185303,56.7000007629395,0,0,0,0,0,0,0,0,0.5,16046.1103515625,1532.37548828125,11120.9619140625,834.4619140625,11504.2626953125,735.843688964844,7576.74609375,690.327575683594,4,0,0,0,0,0,0,4589.11279296875,8.43144226074219,4.6248083114624,37.9300842285156,Rosemont-La-Petite-Patrie,NA,,2556,"c(297669.5625, 5044533.5)"
1008,Bellechasse,Papineau,Bellechasse,Papineau,11/03/2004,0,3193.71313476562,39847.48828125,1622.46337890625,2352.30932617188,35872.71875,1666503.875,1867276.25,64363692,0,8.06894016265869,10.5928153991699,7.39170122146606,7.76315307617188,10.4877319335938,14.3262386322021,14.4399909973145,17.9800605773926,61.9000015258789,4,15.5,53.0999984741211,0,0,0,0,0,0,0,0,1,15121.98828125,671.362487792969,6694.63037109375,565.158264160156,11588.2734375,1399.6201171875,6442.59716796875,557.572265625,4,0,0,0,0,0,0,4737.0078125,8.46316051483154,3.98474884033203,31.9371318817139,Rosemont-La-Petite-Patrie,NA,,2557,"c(297518.6875, 5044634.5)"
1002,Beaubien,Papineau,Beaubien,Papineau,16/05/2007,0,1532.48022460938,30973.513671875,1216.16967773438,1352.60656738281,28404.736328125,426834.21875,525146.375,24251426,13,7.33464288711548,10.3408880233765,7.10346221923828,7.20978879928589,10.2543106079102,12.9641513824463,13.1714315414429,17.0039863586426,68.5,4,17.1000003814697,60.9000015258789,0,1,0,1,1,0,0,0,0.5,11639.4736328125,560.306579589844,4688.251953125,374.234588623047,10547.978515625,390.960174560547,4097.8095703125,206.978912353516,4,0,0,0,0,0,0,5001.0771484375,8.51740837097168,3.09735131263733,15.3248023986816,Rosemont-La-Petite-Patrie,NA,,2558,"c(297251.28125, 5044809.5)"
1409,Beaubien,Chabot,Beaubien,Chabot,12/03/2004,0,1907.85546875,15682.9765625,1158.30981445312,1136.75988769531,13387.9072265625,728383.875,413041.4375,16617035,3,7.55373477935791,9.6603307723999,7.05471706390381,7.03593683242798,9.50210666656494,13.4985837936401,12.931303024292,16.6259384155273,63,4,15.8000001907349,50.4000015258789,0,0,0,0,0,0,1,1,1,2569.83154296875,352.581085205078,7504.7705078125,877.53515625,0,254.641891479492,5608.37451171875,423.097290039062,4,0,0,0,0,0,0,5085.19677734375,8.53408908843994,1.56829762458801,19.0785541534424,Rosemont-La-Petite-Patrie,NA,,2573,"c(297338.09375, 5044937)"
1001,Beaubien,Lorimier,Beaubien,Lorimier,17/05/2007,0,2009.69567871094,28479.126953125,847.355529785156,1560.91809082031,26070.853515625,538323.3125,689318.875,28130692,4,7.6057391166687,10.2569265365601,6.74211978912354,7.35302877426147,10.1685733795166,13.1962146759033,13.4434585571289,17.1523723602295,63.5,4,15.8999996185303,53.5,0,0,0,0,0,0,0,0,0,6513.60546875,678.839721679688,5508.98486328125,299.184661865234,10379.5185546875,680.903015136719,6077.01806640625,350.768218994141,4,0,0,1,0,0,0,5182.98486328125,8.55313682556152,2.84791278839111,20.0969562530518,Rosemont-La-Petite-Patrie,NA,,2575,"c(297417.09375, 5045073)"
1000,Beaubien,Iberville,Beaubien,Iberville,22/04/2008,0,2877.97265625,29480.060546875,814.419372558594,1780.19104003906,26885.44921875,773347.5,1169098.625,41647788,4,7.96484088897705,10.2914686203003,6.70247507095337,7.48447608947754,10.1993408203125,13.5584840774536,13.9717435836792,17.5447597503662,65.6999969482422,4,16.3999996185303,51.2999992370605,0,1,0,1,1,0,0,0,0.5,10296.759765625,723.962036132812,6371.2099609375,587.660583496094,8136.98681640625,1103.81872558594,4675.103515625,462.531311035156,4,0,0,0,0,0,0,5469.56396484375,8.60695457458496,2.94800615310669,28.7797260284424,Rosemont-La-Petite-Patrie,NA,,2580,"c(297650.1875, 5045455)"
823,1 ere Avenue,Beaubien,1 ere Avenue,Beaubien,22/03/2004,0,4145.32080078125,17636.16015625,1133.40112304688,1867.10046386719,14635.658203125,1016085.375,1869084.875,33369164,1,8.32973480224609,9.77770709991455,7.03297805786133,7.532142162323,9.59121608734131,13.831467628479,14.4409599304199,17.3231430053711,63.7999992370605,4,16,51.2999992370605,0,1,1,1,1,1,1,1,1,2611.75048828125,969.816223144531,7577.9091796875,1042.76696777344,0,836.788330078125,7446.50048828125,1295.94909667969,4,0,0,0,0,0,1,5590.1328125,8.62875843048096,1.7636159658432,41.4532089233398,Rosemont-La-Petite-Patrie,NA,,2582,"c(297743.59375, 5045608)"
1411,Bellechasse,Chabot,Bellechasse,Chabot,29/03/2004,0,926.903991699219,14005.9912109375,799.403686523438,1122.45043945312,12084.13671875,31766.619140625,142855.796875,5085290.5,0,6.83185005187988,9.54724025726318,6.68386602401733,7.02326917648315,9.39964866638184,10.3661708831787,11.8695907592773,15.4418630599976,57.4000015258789,4,14.3999996185303,46.4000015258789,0,0,0,0,0,0,1,1,1,1861.62512207031,514.946655273438,5333.00830078125,68.659553527832,0,0,6811.357421875,343.297760009766,2,0,0,0,0,0,0,4826.06689453125,8.48178672790527,1.40059912204742,9.26904010772705,Rosemont-La-Petite-Patrie,NA,,2590,"c(297594.6875, 5044758.5)"
1007,Bellechasse,Lorimier,Bellechasse,Lorimier,18/03/2004,0,1354.10400390625,30868.80859375,1013.38323974609,1932.25402832031,27923.171875,328572.75,632111.1875,19300752,1,7.21089506149292,10.3375015258789,6.92105007171631,7.56644296646118,10.2372121810913,12.7025136947632,13.3568210601807,16.77565574646,63,4,15.8000001907349,50.2000007629395,0,0,0,0,0,0,0,0,1,7849.7822265625,451.368011474609,5807.263671875,383.093872070312,12008.3291015625,269.303619384766,5203.43408203125,250.338562011719,4,0,0,0,0,0,0,4928.953125,8.50288200378418,3.0868809223175,13.5410404205322,Rosemont-La-Petite-Patrie,NA,,2592,"c(297678.375, 5044896.5)"
1010,Carrières des,Lorimier,CarriÞres des,Lorimier,17/03/2004,0,1428.45593261719,33833.28515625,2427.30932617188,2214.38745117188,29191.587890625,833349.375,816357.5625,15107877,2,7.26434898376465,10.4292001724243,7.79453897476196,7.70273113250732,10.2816362380981,13.6332082748413,13.6126079559326,16.5307273864746,88.9000015258789,4,22.2000007629395,49.9000015258789,0,0,0,0,0,0,0,0,1,8703.181640625,163.796279907227,4136.00732421875,700.895690917969,15921.2333984375,148.559417724609,5072.86376953125,415.204528808594,3,0,0,2,0,0,0,4701.546875,8.45564651489258,3.3833284378051802,14.2845592498779,Rosemont-La-Petite-Patrie,NA,,2606,"c(297917.59375, 5044733.5)"
1011,Chabot,Rosemont,Chabot,Rosemont,04/11/2002,0,2055.0810546875,17834.70703125,723.517517089844,976.748657226562,16134.44140625,364088.875,443885.3125,11613836,1,7.62807083129883,9.78890228271484,6.58412504196167,6.88422918319702,9.68871116638184,12.8051528930664,13.0033206939697,16.267707824707,64.3000030517578,4,16.1000003814697,53.7999992370605,0,1,1,1,1,0,1,1,1,1405.69116210938,700.499877929688,6868.24853515625,443.087280273438,0,649.861328125,9560.767578125,261.632476806641,4,0,0,0,0,0,1,4682.34912109375,8.4515552520752,1.78347074985504,20.5508098602295,Rosemont-La-Petite-Patrie,NA,,2618,"c(297745.90625, 5044659)"
1013,Dandurand,Iberville,Dandurand,Iberville,06/12/2007,0,618.246032714844,23650.244140625,1759.90844726562,1620.71997070312,20269.615234375,256855.921875,263803.40625,6075051.5,7,6.42688703536987,10.0711288452148,7.47301721572876,7.39062595367432,9.91687774658203,12.4562711715698,12.4829587936401,15.619701385498,60.5,4,15.1000003814697,52.4000015258789,0,0,0,0,0,0,0,0,1,9811.607421875,220.802169799805,1915.61083984375,113.161109924316,10422.62109375,77.2807540893555,1500.40454101562,207.002029418945,4,0,0,2,0,0,0,4767.6162109375,8.46960163116455,2.36502432823181,6.18246030807495,Rosemont-La-Petite-Patrie,NA,,2641,"c(298475.59375, 5044928.5)"
1017,Holt,Iberville,Holt,Iberville,19/03/2004,0,1038.15539550781,30336.943359375,1653.95874023438,1664.73364257812,27018.25,409706.71875,424248.625,11369087,1,6.94520092010498,10.3201208114624,7.41092681884766,7.41741991043091,10.2042684555054,12.9231967926025,12.9580745697021,16.2464084625244,58.7000007629395,4,14.6999998092651,50,0,0,0,0,1,0,0,0,1,13043.107421875,203.713516235352,1707.83361816406,199.795944213867,13339.419921875,199.795944213867,2246.58227539062,434.850006103516,4,0,0,1,0,0,0,4900.994140625,8.49719333648682,3.03369426727295,10.3815536499023,Rosemont-La-Petite-Patrie,NA,,2643,"c(298301.875, 5045033)"
1009,Carrières des,Iberville,CarriÞres des,Iberville,29/11/2007,0,375.436004638672,23052.95703125,1311.93823242188,1133.03759765625,20607.982421875,132243.203125,97959.078125,2719970.75,0,5.92808818817139,10.0455493927002,7.17926120758057,7.03265714645386,9.93343353271484,11.7923984527588,11.4923048019409,14.8161315917969,55.5999984741211,4,13.8999996185303,49.0999984741211,0,0,0,0,0,0,0,0,1,9773.0224609375,67.4435882568359,1270.65356445312,112.405982971191,10057.4287109375,51.7067527770996,1951.85229492188,143.879669189453,3,0,0,2,0,0,0,5000.5888671875,8.51731109619141,2.30529570579529,3.75435996055603,Rosemont-La-Petite-Patrie,NA,,2644,"c(298176.5, 5045108.5)"
1023,Iberville,Rosemont,Iberville,Rosemont,28/11/2007,0,1120.73803710938,37080.94140625,1990.58361816406,1620.509765625,33469.84765625,510784.5,463189.0625,18967592,4,7.02174282073975,10.5208578109741,7.59618282318115,7.39049577713013,10.418399810791,13.1437034606934,13.0458908081055,16.7582416534424,71,4,17.7999992370605,56.5999984741211,0,0,0,0,1,0,0,0,0,10676.9755859375,312.075439453125,8364.5888671875,307.519592285156,12072.2236328125,273.350738525391,5967.15380859375,227.792282104492,4,0,0,3,0,0,0,5095.703125,8.53615283966064,3.70809412002563,11.2073802947998,Rosemont-La-Petite-Patrie,NA,,2645,"c(298065.09375, 5045180.5)"
1006,Bellechasse,Iberville,Bellechasse,Iberville,27/11/2007,0,634.532043457031,26384.248046875,854.669250488281,1188.41870117188,24341.16015625,129561.046875,192801.171875,7626615,4,6.45288801193237,10.1805219650269,6.75071477890015,7.08037900924683,10.0999240875244,11.7719068527222,12.169415473938,15.8471546173096,59.4000015258789,4,14.8999996185303,47.4000015258789,0,0,0,0,0,0,0,0,1,8165.5869140625,158.068481445312,4474.046875,216.779632568359,8548.947265625,146.777877807617,5195.66748046875,112.906059265137,4,0,0,0,0,0,0,5227.1640625,8.56162452697754,2.63842487335205,6.34532022476196,Rosemont-La-Petite-Patrie,NA,,2646,"c(297914.6875, 5045278.5)"
1024,Iberville,Saint-Zotique,Iberville,Saint-Zotique,24/03/2004,0,1264.65966796875,36691.76171875,1016.70196533203,2443.27856445312,33231.78125,286630.5,795209,20616694,5,7.14255809783936,10.510308265686,6.92431879043579,7.80109596252441,10.4112615585327,12.5659494400024,13.5863599777222,16.8416118621826,64,4,16,51,0,0,0,0,0,0,0,0,0,9842.3134765625,251.408248901367,7851.494140625,399.967651367188,11284.859375,316.164916992188,7713.0947265625,297.118835449219,4,0,0,1,0,0,0,5723.84912109375,8.65239715576172,3.66917610168457,12.6465969085693,Rosemont-La-Petite-Patrie,NA,,2647,"c(297382.59375, 5045635.5)"
1034,Lorimier,Rosemont,Lorimier,Rosemont,29/03/2004,0,5939.05126953125,38672.5234375,2069.68896484375,2075.16430664062,34527.66796875,2848164,3052250.5,101327712,6,8.68930530548096,10.5628852844238,7.63515377044678,7.63779592514038,10.4495162963867,14.8621845245361,14.9313898086548,18.4338703155518,69.6999969482422,4,17.3999996185303,57.5999984741211,0,0,0,0,0,0,0,0,0.5,7780.49755859375,1132.88269042969,9466.9111328125,1815.18701171875,16146.859375,1690.74157714844,5278.25439453125,1300.24035644531,4,0,0,0,0,0,0,4786.0361328125,8.4734582901001,3.86725234985352,59.3905143737793,Rosemont-La-Petite-Patrie,NA,,2651,"c(297830.21875, 5044795.5)"
1035,Lorimier,Saint-Zotique,Lorimier,,18/03/2004,0,1866.16027832031,33793.4453125,1517.44958496094,2473.0751953125,29802.91796875,659515.5,1169781.125,27491530,0,7.53163814544678,10.4280223846436,7.32478618621826,7.81321811676025,10.3023624420166,13.3992614746094,13.9723272323608,17.1293888092041,71.6999969482422,4,17.8999996185303,57.4000015258789,0,0,0,0,0,0,0,0,0.5,6369.08740234375,402.058898925781,8322.3447265625,599.295349121094,11693.287109375,443.782012939453,7408.72412109375,421.023956298828,4,0,0,0,0,0,0,5445.7177734375,8.60258483886719,3.37934446334839,18.6616020202637,Rosemont-La-Petite-Patrie,NA,,2652,"c(297148.59375, 5045249)"
1039,Papineau,Saint-Zotique,Papineau,Saint-Zotique,22/03/2004,0,1463.30676269531,43014.48828125,2880.04345703125,2995.02612304688,37139.421875,1028209.3125,1107203,26564060,8,7.28845405578613,10.6692924499512,7.96556091308594,8.0047082901001,10.5224342346191,13.8433294296265,13.91734790802,17.0950698852539,70.6999969482422,4,17.7000007629395,59.5,0,1,0,1,1,0,0,0,1,16864.1328125,334.71533203125,7408.1728515625,369.045104980469,11766.5654296875,351.880218505859,6975.61865234375,407.666107177734,4,0,0,6,0,0,0,5274.51220703125,8.57064151763916,4.30144882202148,14.6330680847168,Rosemont-La-Petite-Patrie,NA,,2664,"c(296985.78125, 5044989)"
1324,1 ere Avenue,Saint-Zotique,1 ere Avenue,Saint-Zotique,24/03/2004,0,1005.63299560547,17390.39453125,979.440612792969,1282.85424804688,15128.0986328125,204814.28125,254755.625,7751067.5,0,6.91337203979492,9.76367282867432,6.88698196411133,7.1568431854248,9.62430858612061,12.2298593521118,12.4480600357056,15.8633413314819,61,4,15.3000001907349,55.2000007629395,0,0,0,0,0,1,1,1,1,1937.58898925781,308.546478271484,8367.8291015625,285.691192626953,0,182.842361450195,7084.97509765625,228.552947998047,2,0,0,0,0,0,0,5837.6728515625,8.67208766937256,1.73903942108154,10.0563297271729,Rosemont-La-Petite-Patrie,NA,,2667,"c(297475.78125, 5045786.5)"
843,Beaubien,Saint-Michel,Beaubien,Saint-Michel,10/05/2007,0,2760.75244140625,30777.080078125,1300.37390136719,1347.31872558594,28129.38671875,994462.8125,908157.5625,47954136,10,7.92325878143311,10.3345260620117,7.17040681838989,7.20587205886841,10.2445697784424,13.8099584579468,13.7191734313965,17.6857566833496,78.0999984741211,4,19.5,63.9000015258789,0,1,0,1,1,0,1,1,0,12283.134765625,1035.79797363281,4405.779296875,400.288452148438,10654.146484375,938.820861816406,3434.01977539062,385.845062255859,6,0,0,0,0,0,0,6025.22705078125,8.70371055603027,3.07770800590515,27.6075248718262,Rosemont-La-Petite-Patrie,NA,,2686,"c(298063.75, 5046132)"
458,13 e Avenue,Beaubien,13 e Avenue,Beaubien,13/04/2004,0,4004.4296875,15074.1220703125,601.698181152344,823.37646484375,13649.0478515625,632700.5625,995795.25,31124882,1,8.29515552520752,9.62073516845703,6.39975595474243,6.71341276168823,9.52142524719238,13.3577527999878,13.811297416687,17.2535171508789,61.5999984741211,4,15.3999996185303,46.7000007629395,0,0,0,0,0,0,1,1,1,1609.80651855469,595.853210449219,7373.44140625,1010.35980224609,0,1084.37890625,6090.87451171875,1313.837890625,2,0,0,0,0,0,0,6151.0361328125,8.72437572479248,1.50741219520569,40.0442962646484,Rosemont-La-Petite-Patrie,NA,,2688,"c(298154.65625, 5046277)"
820,16 e Avenue,Beaubien,16 e Avenue,Beaubien,10/06/2008,0,1685.27624511719,13514.6064453125,933.761169433594,698.054443359375,11882.7900390625,447773.40625,320975.46875,7549362,2,7.42968511581421,9.51152610778809,6.83922100067139,6.54829692840576,9.38284587860107,13.0120429992676,12.6791200637817,15.8369741439819,57.2999992370605,4,14.3000001907349,46.9000015258789,0,0,0,0,0,0,1,1,1,1049.34814453125,458.578582763672,7141.45947265625,311.833435058594,417.01953125,619.0810546875,4906.77880859375,295.783172607422,4,0,0,0,0,0,0,6350.54296875,8.7562952041626,1.35146069526672,16.85276222229,Rosemont-La-Petite-Patrie,NA,,2691,"c(298294.125, 5046502.5)"
827,26 e Avenue,Beaubien,26 e Avenue,Beaubien,16/04/2004,0,2378.72143554688,16847.828125,964.280883789062,1040.12316894531,14843.4248046875,463286.125,779412.6875,19995522,0,7.7743182182312,9.73197746276855,6.87138319015503,6.94709396362305,9.60531234741211,13.0460996627808,13.5662956237793,16.8110198974609,58.5,4,14.6000003814697,47.2999992370605,0,0,1,1,1,0,1,1,1,2248.18286132812,457.446441650391,8060.95458984375,449.822357177734,0,548.935729980469,6538.69140625,922.517028808594,4,0,0,1,0,0,1,7021.4580078125,8.85672569274902,1.68478286266327,23.7872142791748,Rosemont-La-Petite-Patrie,NA,,2699,"c(298735.75, 5047227)"
1465,16 e Avenue,Bellechasse,16 e Avenue,Bellechasse,13/04/2004,0,388.599945068359,10487.4931640625,881.43505859375,971.161926269531,8634.896484375,99466.2265625,119195.390625,1611345.125,1,5.96255016326904,9.25793933868408,6.78155088424683,6.87849283218384,9.06356716156006,11.5075731277466,11.6885185241699,14.2925796508789,62.2000007629395,4,15.6000003814697,51.9000015258789,0,0,0,0,0,0,0,0,1,1477.85510253906,151.739013671875,4079.93579101562,51.8133239746094,0,51.8133239746094,4929.70263671875,133.234268188477,2,0,0,0,0,0,0,6186.13623046875,8.73006629943848,1.04874932765961,3.88599944114685,Rosemont-La-Petite-Patrie,NA,,2710,"c(298585.90625, 5046374.5)"
819,15 e Avenue,Rosemont,15 e Avenue,Rosemont,15/04/2004,0,856.277099609375,23172.83984375,886.998657226562,1018.99249267578,21266.84765625,210047.96875,204533.21875,9029861,1,6.75259399414062,10.0507364273071,6.78784322738647,6.92656993865967,9.96490478515625,12.255090713501,12.2284860610962,16.0160465240479,71.1999969482422,4,17.7999992370605,61.7000007629395,1,0,0,0,1,0,1,1,1,306.225738525391,228.832672119141,13621.7646484375,107.034637451172,1124.58752441406,202.996719360352,8120.26123046875,317.413055419922,6,0,0,2,0,0,0,6025.56884765625,8.70376682281494,2.31728386878967,8.56277084350586,Rosemont-La-Petite-Patrie,NA,,2727,"c(298705.625, 5046225)"
3944,16 e Avenue,Rosemont,16 e Avenue,Rosemont,05/10/2006,0,557.846130371094,21350.341796875,472.324432373047,714.869445800781,20163.146484375,56036.2265625,89118.6875,3408392.25,1,6.32408285140991,9.96882343292236,6.15766620635986,6.5721001625061,9.91161155700684,10.9337539672852,11.3977241516113,15.0417509078979,71.6999969482422,4,17.8999996185303,62,1,0,0,0,0,0,1,1,1,1116.98352050781,249.135147094727,11833.6416015625,81.2397232055664,0,146.231506347656,8399.7158203125,81.2397232055664,6,0,0,0,0,0,0,6095.84521484375,8.71536254882812,2.13503408432007,5.57846117019653,Rosemont-La-Petite-Patrie,NA,,2728,"c(298750.5, 5046299.5)"
871,Saint-Michel,Saint-Zotique,Saint-Michel,Saint-Zotique,08/04/2004,0,808.296020507812,52406.8359375,2919.70385742188,3870.0595703125,45617.07421875,642050.3125,797398.9375,19370538,2,6.69492816925049,10.8667917251587,7.97923707962036,8.26102542877197,10.7280368804932,13.3724222183228,13.5891103744507,16.7792644500732,81.5999984741211,4,20.3999996185303,60.2999992370605,0,1,0,1,1,0,1,1,1,18241.548828125,287.886260986328,7882.67236328125,191.924179077148,18795.923828125,158.706527709961,7486.69091796875,169.779083251953,6,0,0,0,0,0,0,6212.59716796875,8.73433399200439,5.24068355560303,8.08296012878418,Rosemont-La-Petite-Patrie,NA,,2745,"c(297766.6875, 5046257.5)"
1428,13 e Avenue,Saint-Zotique,13 e Avenue,Saint-Zotique,08/04/2004,0,280.504577636719,15865.66015625,395.981536865234,1135.14709472656,14334.5322265625,14205.8603515625,99246.15625,2284396,0,5.63659000396729,9.67191219329834,5.98136806488037,7.03451776504517,9.57042694091797,9.56140995025635,11.5053577423096,14.6416120529175,61.7999992370605,4,15.5,42.2999992370605,0,0,0,0,0,0,1,1,1,1700.08068847656,70.1261444091797,6715.84716796875,25.8359470367432,0,47.9810447692871,7449.73291015625,136.561431884766,2,0,0,1,0,0,0,6335.80078125,8.75397109985352,1.58656597137451,2.80504584312439,Rosemont-La-Petite-Patrie,NA,,2747,"c(297857.34375, 5046405.5)"
824,16 e Avenue,Saint-Zotique,16 e Avenue,Saint-Zotique,08/04/2004,1,276.813720703125,15596.392578125,723.326293945312,987.31396484375,13885.7529296875,34764.41015625,57758.80859375,1990574.25,0,5.62334489822388,9.65479469299316,6.58385992050171,6.89498805999756,9.53861904144287,10.4563493728638,10.9640312194824,14.5039339065552,60.2000007629395,4,15.1000003814697,49.5999984741211,0,0,1,1,1,0,0,0,1,1267.14099121094,88.5803909301758,7840.4345703125,62.744441986084,0,44.2901954650879,6488.8173828125,81.1986923217773,2,0,0,0,0,1,0,6530.43017578125,8.78422832489014,1.55963921546936,2.76813721656799,Rosemont-La-Petite-Patrie,NA,,2750,"c(297996.59375, 5046633.5)"
828,26 e Avenue,Saint-Zotique,26 e Avenue,Saint-Zotique,14/06/2004,0,1049.79028320312,14002.9853515625,644.05419921875,773.903869628906,12585.02734375,171100.234375,202213.40625,7169718.5,0,6.95634603500366,9.54702568054199,6.46778297424316,6.65144777297974,9.44026279449463,12.0500049591064,12.2170791625977,15.7853765487671,57.2999992370605,4,14.3000001907349,48.7000007629395,0,0,0,0,0,0,1,1,1,1771.14904785156,235.667221069336,7110.56640625,295.655242919922,0,235.667221069336,5121.26953125,282.800659179688,2,0,0,0,0,0,0,7178.81103515625,8.8788890838623,1.40029847621918,10.4979028701782,Rosemont-La-Petite-Patrie,NA,,2756,"c(298440.875, 5047357.5)"
838,Assomption,Rosemont,Assomption,Rosemont,29/04/2008,0,2028.88134765625,36314.9375,3687.71020507812,4127.3525390625,28499.875,1622213.125,2704214.75,31223974,1,7.6152400970459,10.4999837875366,8.21276092529297,8.32539081573486,10.2576551437378,14.2993021011353,14.8103218078613,17.2566967010498,86.3000030517578,4,21.6000003814697,72.5999984741211,1,1,0,1,1,0,0,0,0,5619.25341796875,201.100570678711,9878.7392578125,1034.55065917969,8696.75,489.3447265625,12120.1943359375,303.885314941406,6,1,1,0,0,0,0,8088.998046875,8.99826049804688,3.63149380683899,20.2888126373291,Rosemont-La-Petite-Patrie,NA,,2772,"c(299910.46875, 5048286)"
837,Assomption,Bellechasse,Assomption,Bellechasse,24/04/2008,0,444.910827636719,16468.984375,1182.63916015625,808.788391113281,14477.556640625,135455.90625,83388,3063314.5,3,6.0978741645813,9.7092342376709,7.07550382614136,6.69553709030151,9.58035469055176,11.8164005279541,11.331259727478,14.9350080490112,59.9000015258789,4,15,52.2999992370605,0,0,0,0,0,0,0,0,1,6951.67041015625,131.248687744141,772.136352539062,177.964324951172,6966.33154296875,77.8593902587891,1778.845703125,57.8384056091309,4,0,0,0,0,0,0,8138.06298828125,9.00430774688721,1.64689838886261,4.4491081237793,Rosemont-La-Petite-Patrie,NA,,2773,"c(299794.4375, 5048343.5)"
835,Assomption,Beaubien,Assomption,Beaubien,04/10/2006,0,1073.53662109375,20339.361328125,1514.70166015625,1456.9375,17367.72265625,440868,382808.4375,9312370,1,6.97871398925781,9.92031288146973,7.32297420501709,7.28409194946289,9.76236915588379,12.9965009689331,12.8552904129028,16.046854019165,61.9000015258789,4,15.5,51.2000007629395,0,0,0,0,0,0,0,0,0,4922.7802734375,223.426406860352,6058.806640625,201.628707885742,5449.07470703125,288.819488525391,3908.70043945312,359.662017822266,4,0,0,1,0,0,0,8263.203125,9.01956748962402,2.03393602371216,10.7353658676147,Rosemont-La-Petite-Patrie,NA,,2774,"c(299508.46875, 5048483)"
839,Assomption,Saint-Zotique,Assomption,Saint-Zotique,21/01/2009,0,1028.65612792969,35961.6015625,3460.95336914062,2551.0712890625,29949.576171875,865227.4375,677029.125,14748823,0,6.93600797653198,10.4902067184448,8.14929866790771,7.84426879882812,10.3072700500488,13.670747756958,13.4254703521729,16.5066738128662,69,4,17.2000007629395,59.9000015258789,0,0,0,0,0,0,0,0,1,11441.5546875,198.181457519531,8333.4990234375,292.553588867188,10667.7294921875,237.817749023438,5518.8173828125,300.103332519531,4,0,0,0,0,0,0,8402.3056640625,9.03626155853271,3.59616017341614,10.2865610122681,Rosemont-La-Petite-Patrie,NA,,2775,"c(299216.96875, 5048626.5)"
836,Assomption,Bélanger,Assomption,BÚlanger,04/06/2004,0,743.234069824219,22169.876953125,2172.01416015625,2417.32397460938,17580.5390625,380918.34375,346692.875,6633344.5,1,6.61101102828979,10.0064897537231,7.68341016769409,7.79041576385498,9.7745475769043,12.8503398895264,12.7561950683594,15.7076196670532,65.3000030517578,4,16.2999992370605,58.2000007629395,0,0,0,0,0,0,0,0,1,3577.43505859375,293.381866455078,7558.609375,183.852630615234,4287.8115234375,62.5881309509277,6746.0205078125,203.411422729492,4,0,0,0,0,0,0,8551.9912109375,9.05391979217529,2.21698760986328,7.43234062194824,Rosemont-La-Petite-Patrie,NA,,2776,"c(298923.15625, 5048770)"
844,Beaubien,Viau,Beaubien,Viau,08/05/2007,0,1537.81127929688,26602.12109375,1428.5341796875,1666.23852539062,23507.34765625,605396.875,641704.5625,20666356,3,7.33811521530151,10.1887464523315,7.26440382003784,7.41832399368286,10.0650682449341,13.3136396408081,13.371883392334,16.8440189361572,63.4000015258789,4,15.8999996185303,49.5999984741211,0,0,0,0,0,0,0,0,0,9372.0146484375,603.103881835938,5877.9912109375,254.920211791992,7943.48046875,476.680053710938,3408.634765625,203.107162475586,4,0,0,4,0,0,0,7693.4912109375,8.94812965393066,2.66021203994751,15.3781127929688,Rosemont-La-Petite-Patrie,NA,,2782,"c(299159.03125, 5047917)"
832,41 e Avenue,Beaubien,41 e Avenue,Beaubien,17/06/2004,0,1674.02368164062,14115.7412109375,513.028015136719,503.066284179688,13099.6474609375,110300.1875,295152.5,13083410,1,7.4229850769043,9.55504608154297,6.2403302192688,6.22072219848633,9.4803409576416,11.6109609603882,12.5952472686768,16.3868560791016,59.5,4,14.8999996185303,44.5999984741211,0,0,0,0,0,0,1,1,1,9.96170902252197,261.329467773438,7018.02392578125,878.673034667969,767.051574707031,405.250061035156,6320.7041015625,128.771041870117,3,0,0,1,0,0,0,7964.98388671875,8.98281002044678,1.41157412528992,16.7402362823486,Rosemont-La-Petite-Patrie,NA,,2786,"c(299328.0625, 5048188.5)"
847,Bélanger,Viau,BÚlanger,Viau,08/06/2004,0,1507.70678710938,39131.93359375,3515.35107421875,3341.07739257812,32275.50390625,1389087.125,1284193.625,25616856,6,7.31834506988525,10.5746936798096,8.16489505767822,8.11404895782471,10.3820638656616,14.144157409668,14.0656423568726,17.0587615966797,76.6999969482422,4,19.2000007629395,64.0999984741211,0,0,0,0,0,0,0,0,0.5,13538.5830078125,406.359283447266,7648.12939453125,413.954772949219,12229.0400390625,448.134521484375,5716.18017578125,239.258255004883,6,0,0,0,0,0,0,7985.77099609375,8.98541641235352,3.91319346427917,15.0770683288574,Rosemont-La-Petite-Patrie,NA,,2802,"c(298564.15625, 5048180.5)"
850,Bellechasse,Viau,Bellechasse,Viau,09/06/2004,0,692.249206542969,27893.396484375,1731.97583007812,1903.65856933594,24257.76171875,326004.03125,305184.65625,9990159,1,6.53994607925415,10.2361450195312,7.45701789855957,7.55153322219849,10.0964918136597,12.6946649551392,12.6286716461182,16.1171112060547,56.5999984741211,4,14.1999998092651,44,0,0,0,0,0,0,0,0,1,11361.357421875,174.964080810547,3388.20922851562,144.535537719727,9866.7080078125,277.660400390625,3277.12060546875,95.0891723632812,4,0,0,0,0,0,0,7566.3759765625,8.93146991729736,2.78933954238892,6.92249202728271,Rosemont-La-Petite-Patrie,NA,,2814,"c(299453.0625, 5047787.5)"
1323,Chatelain,Rosemont,Chatelain,Rosemont,18/06/2004,0,1036.61584472656,22471.40234375,2156.68237304688,2064.69116210938,18250.029296875,750621.4375,720454.25,9895620,1,6.94371700286865,10.019998550415,7.67632579803467,7.63273620605469,9.81192207336426,13.5286569595337,13.4876365661621,16.1076030731201,66.5,4,16.6000003814697,53.7000007629395,1,0,1,1,1,0,1,1,0.5,2069.8017578125,62.5881309509277,10415.447265625,414.646362304688,1236.77038574219,430.293395996094,8749.3837890625,129.088012695312,6,0,0,1,0,0,1,8223.70703125,9.0147762298584,2.24714016914368,10.3661584854126,Rosemont-La-Petite-Patrie,NA,,2830,"c(299967.25, 5048416)"
874,Saint-Zotique,Viau,Saint-Zotique,Viau,08/06/2004,0,808.920776367188,35870.5234375,2733.60864257812,3719.50048828125,29417.4140625,545911.375,569454.25,12453659,1,6.69570112228394,10.4876708984375,7.91337776184082,8.22134494781494,10.2893419265747,13.2102117538452,13.2524337768555,16.3375244140625,72.5,4,18.1000003814697,59.0999984741211,0,0,0,0,0,0,0,0,0.5,13015.76171875,102.539253234863,6682.15478515625,262.044769287109,10645.638671875,349.393005371094,5526.96826171875,94.9437561035156,5,0,0,0,0,0,0,7832.90380859375,8.96608829498291,3.58705234527588,8.08920764923096,Rosemont-La-Petite-Patrie,NA,,2886,"c(298865.0625, 5048047.5)"
1496,41 e Avenue,Saint-Zotique,41 e Avenue,Saint-Zotique,17/06/2004,0,768.838928222656,13214.20703125,418.391784667969,443.296051025391,12352.5185546875,53876.74609375,65478.35546875,3415212.25,1,6.64488077163696,9.48904800415039,6.03641796112061,6.09423780441284,9.42161464691162,10.8944540023804,11.0894746780396,15.0437498092651,50.7999992370605,3,16.8999996185303,42.4000015258789,0,0,0,0,0,0,1,1,1,0,0,6808.828125,147.707962036133,861.687805175781,492.359893798828,5543.69091796875,128.771041870117,3,0,0,0,0,0,0,8099.4501953125,8.99955177307129,1.32142066955566,7.68838930130005,Rosemont-La-Petite-Patrie,NA,,2890,"c(299031, 5048320.5)"
789,Bourbonnière,Sherbrooke,BourbonniÞre,Sherbrooke,22/05/2009,0,955.178649902344,33665.2265625,2070.56127929688,1238.52001953125,30356.14453125,551881.5,120743.71875,13115778,4,6.86189794540405,10.4242210388184,7.63557481765747,7.1216721534729,10.3207540512085,13.2210893630981,11.7014255523682,16.3893260955811,83.0999984741211,4,20.7999992370605,62.5999984741211,0,0,0,0,0,1,1,1,1,0,129.542205810547,12316.4990234375,85.8412170410156,9139.0947265625,429.206085205078,12209.6318359375,310.589141845703,6,0,0,2,0,0,0,5679.994140625,8.6447057723999,3.36652255058289,9.55178642272949,Rosemont-La-Petite-Patrie,NA,,2974,"c(300517.6875, 5045760)"
785,Aylwin,Sherbrooke,Aylwin,Sherbrooke,28/04/2009,0,1019.51428222656,28056.890625,460.106170654297,1512.59899902344,26084.185546875,138884.046875,381159.6875,14881584,0,6.92708206176758,10.2419900894165,6.13145685195923,7.32158517837524,10.1690835952759,11.8413953781128,12.8509740829468,16.5156345367432,73.0999984741211,4,18.2999992370605,58,0,0,0,0,0,1,1,1,1,1506.84765625,183.578140258789,12821.625,354.043548583984,0,260.615386962891,13728.4169921875,221.277221679688,5,0,0,0,0,0,0,5191.923828125,8.55485916137695,2.80568909645081,10.1951427459717,Rosemont-La-Petite-Patrie,NA,,2975,"c(300478.28125, 5045268)"
788,Bourbonnière,Rachel,BourbonniÞre,Rachel,29/06/2004,0,2229.279296875,19354.34765625,2195.849609375,1623.23571777344,15535.2626953125,1764090.375,2169028,15668747,3,7.70943403244019,9.87067222595215,7.69432401657104,7.39217710494995,9.65086841583252,14.3831462860107,14.5897903442383,16.5671787261963,73.5,4,18.3999996185303,61.7999992370605,0,1,0,1,1,0,1,1,1,0,1705.18981933594,6313.68994140625,220.269515991211,8260.5771484375,60.7640037536621,4780.0810546875,243.056015014648,2,0,0,0,0,0,0,5708.42822265625,8.64969921112061,1.93543481826782,22.2927932739258,Rosemont-La-Petite-Patrie,NA,,2976,"c(300391.375, 5045816.5)"
786,Bourbonnière,Mont-Royal,BourbonniÞre,Mont-Royal,14/04/2008,0,2167.0361328125,10639.74609375,886.218627929688,873.411987304688,8880.115234375,395727.125,373165.84375,11512348,0,7.68111610412598,9.27235221862793,6.78696393966675,6.77240705490112,9.0915699005127,12.8884801864624,12.8297777175903,16.2589302062988,58.2999992370605,4,14.6000003814697,48.9000015258789,0,0,0,0,0,0,1,1,1,2.56132507324219,638.837280273438,1021.96887207031,318.166015625,7847.9013671875,864.309204101562,1767.31457519531,345.723693847656,2,0,0,0,0,0,0,5794.75390625,8.66470813751221,1.06397461891174,21.6703605651855,Rosemont-La-Petite-Patrie,NA,,2977,"c(300080.09375, 5045958.5)"
852,Bourbonnière,Laurier,BourbonniÞre,Laurier,15/04/2004,0,978.075134277344,9804.5029296875,1029.55200195312,570.213439941406,8204.7373046875,254458.328125,107800.8515625,4191703.25,2,6.88558578491211,9.19059658050537,6.93687915802002,6.3460111618042,9.01246738433838,12.446891784668,11.588041305542,15.2486181259155,67.9000015258789,4,17,50.4000015258789,0,0,0,0,0,0,1,1,1,0,199.305877685547,1150.986328125,184.54248046875,7275.5009765625,335.867309570312,1378.01574707031,258.359466552734,2,0,0,0,0,0,0,5997.69677734375,8.69913101196289,0.98045027256012,9.78075122833252,Rosemont-La-Petite-Patrie,NA,,2979,"c(299517.78125, 5046215.5)"
853,Bourbonnière,Masson,BourbonniÞre,Masson,14/04/2004,0,1408.515625,12176.9619140625,1413.06286621094,562.013610839844,10201.8857421875,480141.15625,248194.953125,7236341,1,7.25029182434082,9.40730094909668,7.25351476669312,6.3315258026123,9.23032760620117,13.0818347930908,12.4219703674316,15.7946262359619,55,4,13.8000001907349,50.4000015258789,0,1,0,1,1,0,1,1,1,5.35251092910767,396.608367919922,2681.60791015625,452.207672119141,6342.72509765625,233.517074584961,3147.2763671875,326.182586669922,2,0,0,2,0,0,0,6079.51513671875,8.71267986297607,1.21769618988037,14.0851564407349,Rosemont-La-Petite-Patrie,NA,,2980,"c(299330.28125, 5046303)"
851,Bourbonnière,Dandurand,BourbonniÞre,Dandurand,14/04/2004,0,1212.06481933594,8387.384765625,995.567016601562,797.524108886719,6594.29345703125,183497.609375,212840.5625,4282940,1,7.10008096694946,9.03448390960693,6.90331220626831,6.68151187896729,8.79395961761475,12.1199569702148,12.2682991027832,15.2701501846313,57,4,14.3000001907349,44.2000007629395,0,0,0,0,0,0,1,1,1,0,366.955413818359,1391.65283203125,222.397216796875,5207.9931640625,489.273864746094,1787.73852539062,133.438323974609,2,0,0,0,0,0,0,6177.3798828125,8.7286491394043,0.83873850107193,12.1206483840942,Rosemont-La-Petite-Patrie,NA,,2981,"c(299117.9375, 5046400)"
790,Chambly,Sherbrooke,Chambly,Sherbrooke,22/05/2009,0,1420.28198242188,27529.876953125,780.515686035156,1156.4609375,25592.900390625,288803.21875,447882.6875,22944584,2,7.25861120223999,10.2230272293091,6.65995502471924,7.05312013626099,10.1500701904297,12.5735006332397,13.0122871398926,16.9485912322998,72.8000030517578,4,18.2000007629395,54.5,0,1,0,1,1,1,1,1,1,2249.9462890625,167.000198364258,12667.6357421875,399.551849365234,0,332.439636230469,12612.2939453125,521.290344238281,6,0,0,1,0,0,0,5365.048828125,8.58766078948975,2.75298762321472,14.2028198242188,Mercier-Hochelaga-Maisonneuve,NA,,2982,"c(300495.96875, 5045441.5)"
1390,Chambly,Rachel,Chambly,Rachel,30/06/2004,0,2129.99755859375,15406.0009765625,833.166259765625,1787.52026367188,12785.314453125,459390.28125,826015.1875,9753156,3,7.66387605667114,9.64251232147217,6.72523307800293,7.48858499526978,9.45605182647705,13.037654876709,13.6243677139282,16.0931015014648,65.9000015258789,4,16.5,56.4000015258789,0,1,1,1,1,0,1,1,1,2125.83618164062,1411.12329101562,7094.53662109375,110.303443908691,0,41.8392372131348,6185.6279296875,566.731506347656,4,0,0,1,0,0,1,5410.80419921875,8.59615325927734,1.54060006141663,21.299976348877,Rosemont-La-Petite-Patrie,NA,,2983,"c(300273.78125, 5045536.5)"
857,Dandurand,Saint-Michel,Dandurand,Saint-Michel,15/04/2004,0,2646.33911132812,35047.0078125,2777.15063476562,2866.90625,29402.94921875,1951678.625,1858415,48809172,1,7.88093185424805,10.4644451141357,7.92918109893799,7.96098899841309,10.2888498306274,14.4841995239258,14.4352350234985,17.7034282684326,68.9000015258789,4,17.2000007629395,58.9000015258789,0,0,0,0,0,0,0,0,1,15886.779296875,919.021545410156,3236.48901367188,505.646392822266,12750.60546875,841.513671875,3173.13208007812,380.157501220703,6,0,0,0,0,0,0,5570.0830078125,8.62516498565674,3.50470089912415,26.4633903503418,Rosemont-La-Petite-Patrie,NA,,2994,"c(298846.0625, 5045779.5)"
793,Davidson,Sherbrooke,Davidson,Sherbrooke,17/02/2009,0,1102.02905273438,31438.5703125,2305.78491210938,1753.14172363281,27379.64453125,655057.875,565939.1875,19379332,1,7.00490808486938,10.3557910919189,7.74317598342896,7.46916484832764,10.2175550460815,13.3924789428711,13.246241569519,16.7797183990479,67.9000015258789,4,17,57.7000007629395,0,1,1,1,0,1,1,1,0,2063.61547851562,187.621444702148,12938.4755859375,337.718597412109,2721.81982421875,175.771667480469,13714.66015625,400.917388916016,6,0,0,0,0,0,1,5032.85400390625,8.52374267578125,3.1438570022583,11.0202903747559,Mercier-Hochelaga-Maisonneuve,NA,,3005,"c(300425.09375, 5045117)"
1586,Joliette,Rachel,Joliette,Rachel,30/06/2004,0,3042.853515625,14396.1025390625,979.601501464844,646.335021972656,12770.166015625,714101.3125,550446.3125,7612177,0,8.02055072784424,9.5747127532959,6.88714599609375,6.47131776809692,9.45486736297607,13.4787797927856,13.21848487854,15.8452596664429,65.8000030517578,4,16.5,56.2000007629395,0,0,0,0,0,0,1,1,1,636.236022949219,2403.85424804688,7084.4375,315.696044921875,1136.1357421875,129.321273803711,5539.29296875,193.981918334961,4,0,0,1,0,0,0,5316.291015625,8.57853126525879,1.43961024284363,30.4285354614258,Rosemont-La-Petite-Patrie,NA,,3019,"c(300235.6875, 5045447.5)"
861,Laurier,Saint-Michel,Laurier,Saint-Michel,13/07/2004,0,1440.27172851562,27061.30859375,1605.91101074219,1697.02648925781,23758.37109375,612682.875,550227.3125,20474330,6,7.27258682250977,10.2058601379395,7.38144588470459,7.43663311004639,10.0756902694702,13.3256025314331,13.2180871963501,16.8346824645996,87.5,4,21.8999996185303,63,0,0,0,0,0,0,0,0,1,12414.4892578125,379.448364257812,1736.88952636719,277.446105957031,11309.7138671875,505.931121826172,1600.21630859375,277.446105957031,5,1,1,0,0,0,0,5363.369140625,8.58734798431396,2.70613074302673,14.402717590332,Rosemont-La-Petite-Patrie,NA,,3023,"c(299300.875, 5045587)"
863,Masson,Saint-Michel,Masson,Saint-Michel,15/04/2004,0,13091.443359375,39265.53125,1995.74694824219,3078.09643554688,34191.6875,6791336.5,10503373,244732384,12,9.47971439361572,10.5781021118164,7.59877395629883,8.03206729888916,10.4397382736206,15.7311582565308,16.1672077178955,19.3156757354736,68.1999969482422,4,17.1000003814697,59.7999992370605,0,1,0,1,1,0,0,0,0.5,18368.263671875,5355.4228515625,4683.1416015625,1900.78747558594,12777.00390625,2137.001953125,3437.11987304688,3698.23120117188,6,0,0,0,0,0,0,5454.96484375,8.60428142547607,3.92655301094055,130.914428710938,Rosemont-La-Petite-Patrie,NA,,3032,"c(299088.84375, 5045676.5)"
1408,Mont-Royal,Saint-Michel,Mont-Royal,Saint-Michel,23/04/2008,0,1424.55627441406,20148.66796875,1630.89611816406,1547.63720703125,16970.134765625,633958.375,587526.75,12139364,0,7.26161623001099,9.9108943939209,7.39688491821289,7.34448480606079,9.73921012878418,13.3597393035889,13.2836771011353,16.3119640350342,77,4,19.2999992370605,65.1999969482422,1,0,0,0,0,0,0,0,1,8597.7119140625,475.603454589844,2079.02514648438,369.663360595703,7383.11083984375,241.182800292969,2088.8203125,338.106719970703,4,0,0,0,0,0,0,5208.98486328125,8.55813980102539,2.01486682891846,14.2455625534058,Rosemont-La-Petite-Patrie,NA,,3043,"c(299738.5, 5045410)"
1507,Orléans,Rachel,OrlÚans,Rachel,29/06/2004,0,1841.90881347656,12741.9033203125,1140.24841308594,975.933166503906,10625.7216796875,267840.53125,146741.21875,5614686,0,7.51855802536011,9.45265102386475,7.03900098800659,6.88339376449585,9.27103328704834,12.4981470108032,11.8964262008667,15.5408964157104,65.6999969482422,4,16.3999996185303,58.0999984741211,0,0,0,0,0,0,1,1,1,3196.67895507812,1302.62829589844,5551.86474609375,235.460510253906,0,170.89875793457,3993.35913085938,132.921249389648,2,0,0,0,0,0,0,5782.5771484375,8.66260433197021,1.27419030666351,18.4190883636475,Rosemont-La-Petite-Patrie,NA,,3050,"c(300416.6875, 5045887)"
862,Masson,Pie-IX,Masson,Pie-IX,16/12/2008,0,0,33869.2109375,707.44482421875,1342.98547363281,31818.78125,0,0,0,1,0,10.4302616119385,6.56165981292725,7.20265007019043,10.3678121566772,0,0,0,64,3,21.2999992370605,57.7000007629395,1,0,1,1,1,1,1,1,0.5,18864.421875,0,0,0,13789.3759765625,0,1215.41345214844,0,6,0,0,0,0,0,1,6351.044921875,8.75637435913086,3.38692116737366,0,Rosemont-La-Petite-Patrie,NA,,3052,"c(299454.8125, 5046571.5)"
1493,Davidson,Rachel/Saint-Michel,Davidson,Rachel/Saint-Michel,,0,739.631408691406,17770.80078125,2798.18994140625,3509.20556640625,11463.404296875,562096.8125,622956.4375,3913990.75,2,6.60615205764771,9.78531169891357,7.93672800064087,8.16314506530762,9.34691524505615,13.239429473877,13.3422317504883,15.1800680160522,79,4,19.7999992370605,69,1,1,1,1,1,1,1,1,0,5561.97607421875,170.85710144043,4837.19921875,191.090179443359,2660.57421875,290.007446289062,4711.05126953125,87.6766662597656,4,1,1,2,0,0,1,5091.01318359375,8.53523254394531,1.77708005905151,7.39631414413452,Rosemont-La-Petite-Patrie,NA,,3053,"c(300143, 5045235.5)"
870,Saint-Joseph,Saint-Michel,Saint-Joseph,Saint-Michel,13/07/2004,0,1856.44091796875,38718.40234375,5017.04833984375,4231.1767578125,29470.17578125,2189919,2000321.625,27117508,1,7.52641582489014,10.5640697479248,8.52059745788574,8.35023498535156,10.2911338806152,14.5993747711182,14.5088186264038,17.1156902313232,92.5,4,23.1000003814697,80.9000015258789,1,1,0,1,1,0,0,0,0.5,11770.986328125,375.368255615234,7283.546875,481.450592041016,9225.4462890625,485.530700683594,10438.421875,514.09130859375,6,1,1,0,0,0,0,5294.8779296875,8.57449531555176,3.87184023857117,18.5644092559814,Rosemont-La-Petite-Patrie,NA,,3058,"c(299470.96875, 5045514)"
953,Saint-Michel,William-Tremblay,Saint-Michel,William-Tremblay,14/07/2004,0,1254.50610351562,19046.12890625,1466.86376953125,1553.48962402344,16025.7763671875,413569.5,418879.21875,9484535,2,7.13449716567993,9.85461902618408,7.2908821105957,7.34825897216797,9.6819543838501,12.932580947876,12.9453382492065,16.0651721954346,78.4000015258789,4,19.6000003814697,64.6999969482422,1,0,0,0,0,0,0,0,1,9488.4140625,273.784698486328,970.209167480469,433.151947021484,6675.962890625,310.561767578125,1911.54296875,237.007659912109,4,0,0,0,0,0,0,5138.7177734375,8.54455852508545,1.9046128988266,12.5450611114502,Rosemont-La-Petite-Patrie,NA,,3065,"c(299966.4375, 5045312)"
855,Bourbonnière,Saint-Joseph,BourbonniÞre,Saint-Joseph,16/04/2004,0,1822.16174316406,23456.9453125,2947.015625,910.107788085938,19599.822265625,1452720.25,530505.375,20124592,0,7.50777912139893,10.0629215240479,7.98854780197144,6.81356287002563,9.88327598571777,14.1889476776123,13.1815853118896,16.8174533843994,80.5999984741211,4,20.2000007629395,67.4000015258789,1,0,0,0,0,0,1,1,1,5.41730785369873,263.031707763672,5395.63916015625,693.793762207031,9496.5419921875,278.279937744141,8559.34765625,587.056274414062,6,0,0,0,0,0,0,5895.77099609375,8.68199062347412,2.34569454193115,18.2216167449951,Rosemont-La-Petite-Patrie,NA,,3087,"c(299780.90625, 5046095.5)"
802,Dézéry,Sherbrooke,DÚzÚry,Sherbrooke,20/05/2009,0,1171.29125976562,29864.2421875,884.602111816406,1108.10034179688,27871.5390625,254395.28125,297923.03125,12898255,2,7.06586217880249,10.3044166564941,6.78513813018799,7.0104022026062,10.2353610992432,12.44664478302,12.6045904159546,16.3726024627686,63.2999992370605,4,15.8000001907349,54.5999984741211,0,0,0,0,0,1,1,1,1,3117.70581054688,368.598815917969,14891.7412109375,188.86882019043,0,357.936889648438,11854.794921875,255.886779785156,6,0,0,1,0,0,0,4794.05078125,8.47513103485107,2.98642420768738,11.7129125595093,Rosemont-La-Petite-Patrie,NA,,3123,"c(300340.65625, 5044891.5)"
1022,Iberville,Masson,Iberville,Masson,10/12/2007,0,1979.97570800781,34363.62109375,3872.583984375,3583.25317382812,26907.783203125,1836531.5,1838922,29290214,8,7.59083986282349,10.4447536468506,8.26167678833008,8.18402576446533,10.2001714706421,14.4233894348145,14.424690246582,17.1927642822266,114.099998474121,4,28.5,88,1,0,0,0,0,0,0,0,0,12972.9091796875,571.923889160156,5489.8701171875,348.127593994141,12080.1875,578.140441894531,3820.65283203125,481.783721923828,7,2,1,0,0,0,0,4605.43115234375,8.43499183654785,3.43636202812195,19.7997570037842,Rosemont-La-Petite-Patrie,NA,,3154,"c(298693.15625, 5044796)"
794,Dézéry,Rachel,DÚzÚry,Rachel,07/07/2004,0,3416.17944335938,20692.01953125,2402.42260742188,2523.69873046875,15765.8984375,1486749.875,3418762.5,16732042,1,8.13627815246582,9.93750286102295,7.78423309326172,7.83348083496094,9.66560459136963,14.2121028900146,15.04478931427,16.6328353881836,67,4,16.7999992370605,57.2999992370605,0,0,1,1,1,0,0,0,0,2517.923828125,2198.45043945312,11272.90625,351.425140380859,11.5501089096069,306.475433349609,6889.6396484375,559.828430175781,4,0,0,1,0,0,1,4861.32080078125,8.48906517028809,2.06920194625854,34.161792755127,Rosemont-La-Petite-Patrie,NA,,3169,"c(300050.09375, 5045018.5)"
801,Saint-Germain,Sherbrooke,Saint-Germain,Sherbrooke,21/05/2009,0,875.448486328125,28545.46484375,827.863159179688,558.109985351562,27159.4921875,146682.6875,83557.578125,8595493,2,6.77473592758179,10.2592525482178,6.71884822845459,6.32455587387085,10.2094821929932,11.8960266113281,11.333291053772,15.9667482376099,68,4,17,57.7999992370605,0,0,0,0,0,1,1,1,1,0,185.335922241211,14308.0791015625,131.091262817383,2098.49340820312,384.233001708984,12138.8916015625,174.788345336914,6,0,0,0,0,0,0,4872.4921875,8.49136066436768,2.85454654693604,8.75448513031006,Mercier-Hochelaga-Maisonneuve,NA,,3185,"c(300369.09375, 5044965.5)"
689,Fullum,Saint-Joseph,Fullum,Saint-Joseph,13/05/2008,0,862.169128417969,26805.208984375,4107.90087890625,2416.27661132812,20281.03125,725095.9375,549962.125,8708880,2,6.75945091247559,10.1963510513306,8.3206672668457,7.78998279571533,9.91744136810303,13.4940586090088,13.217604637146,15.9798536300659,75.9000015258789,4,19,65.9000015258789,1,1,0,1,1,0,1,1,0,1248.52502441406,275.645416259766,12159.8486328125,256.992736816406,3632.4921875,157.511672973633,9764.3427734375,172.019332885742,6,0,0,1,0,0,0,4219.86181640625,8.34755802154541,2.68052101135254,8.62169170379639,Plateau-Mont-Royal,NA,,3213,"c(298936.4375, 5044432.5)"
683,Bordeaux,Sherbrooke,Bordeaux,Sherbrooke,16/04/2009,0,2732.44921875,32339.80859375,559.686462402344,1123.24621582031,30656.875,249681.109375,577473.6875,24420168,0,7.91295385360718,10.38405418396,6.32737684249878,7.0239782333374,10.3306121826172,12.4279403686523,13.2664184570312,17.0109195709229,71.5,4,17.8999996185303,55.4000015258789,0,0,0,0,0,1,1,1,1,1704.23559570312,1210.27038574219,19842.724609375,435.372406005859,0,745.656494140625,10792.8466796875,341.150024414062,4,0,0,0,0,0,0,3180.337890625,8.06474304199219,3.23398089408875,27.3244915008545,Ville-Marie,NA,,3217,"c(299858.5, 5043345)"
681,Bordeaux,Rachel,Bordeaux,Rachel,31/03/2004,0,963.731567382812,23011.53125,234.214065551758,3699.517578125,19077.798828125,39377.22265625,629021.75,11771336,1,6.87081289291382,10.0437507629395,5.4562349319458,8.21595764160156,9.85628128051758,10.580943107605,13.351921081543,16.281177520752,56,4,14,43.5,0,0,1,1,1,0,0,0,0,10.6460943222046,217.125305175781,14452.072265625,365.684722900391,5.32304716110229,129.513336181641,8543.490234375,251.408248901367,3,0,0,0,0,0,1,3370.01489257812,8.12267208099365,2.3011531829834,9.63731575012207,Plateau-Mont-Royal,NA,,3219,"c(299492.40625, 5043585)"
678,Bordeaux,Marie-Anne,Bordeaux,Marie-Anne,31/03/2004,0,1337.03479003906,7415.00439453125,526.981628417969,1059.28625488281,5828.736328125,170587.328125,418367.78125,3659162,1,7.19820976257324,8.9112606048584,6.26716613769531,6.96535110473633,8.67055511474609,12.0470027923584,12.9441156387329,15.1127452850342,50.0999984741211,4,12.5,40.9000015258789,0,0,0,0,0,0,1,1,1,0,407.586090087891,4130.68408203125,361.87548828125,1777.89758300781,331.401763916016,1506.42224121094,236.171371459961,2,0,0,0,0,0,0,3507.47290039062,8.16265106201172,0.741500437259674,13.3703479766846,Plateau-Mont-Royal,NA,,3220,"c(299274.3125, 5043731.5)"
676,Bordeaux,Gilford,Bordeaux,Gilford,31/03/2004,0,1093.24487304688,5791.47509765625,532.3046875,622.796447753906,4636.37353515625,125106.828125,177927.46875,2073813,0,6.99690580368042,8.66414165496826,6.2772159576416,6.43421983718872,8.44168758392334,11.7369232177734,12.0891313552856,14.5448999404907,43.2000007629395,4,10.8000001907349,40.5999984741211,0,0,0,0,0,0,1,1,1,0,419.013732910156,2166.47998046875,171.41471862793,1974.85034179688,346.638641357422,1650.14453125,156.177841186523,2,0,0,0,0,0,0,3830.87890625,8.25084972381592,0.579147517681122,10.932448387146,Plateau-Mont-Royal,NA,,3222,"c(298830.09375, 5044032)"
687,Dorion,Sherbrooke,Dorion,Sherbrooke,16/04/2009,0,3117.46142578125,32279.7734375,728.173400878906,747.539733886719,30804.05859375,513286.875,807252.5625,24181136,0,8.04477405548096,10.3821964263916,6.59053897857666,6.61678695678711,10.3354015350342,13.1485900878906,13.6013917922974,17.0010833740234,67.5999984741211,4,16.8999996185303,51.4000015258789,0,0,0,0,0,1,1,1,1,0,1312.61535644531,20346.25,414.253601074219,1008.98498535156,1038.07080078125,10924.5380859375,352.521697998047,5,0,0,0,0,0,0,3107.3310546875,8.04151916503906,3.22797727584839,31.1746139526367,Plateau-Mont-Royal,NA,,3240,"c(299841.5, 5043274)"
1494,Érables,Rachel,?rables,Rachel,30/03/2004,0,3339.37670898438,14655.2080078125,608.883972167969,755.856018066406,13290.4677734375,277279.9375,696823.3125,32540674,0,8.11353874206543,9.59255123138428,6.41162776947021,6.6278510093689,9.49480247497559,12.5327825546265,13.4542865753174,17.2980003356934,53.2000007629395,4,13.3000001907349,44.0999984741211,0,0,1,1,1,0,1,1,1,0,334.698364257812,6918.18212890625,1844.64428710938,1223.01696777344,460.210235595703,6514.0087890625,699.823852539062,3,0,0,0,0,0,1,3513.28198242188,8.16430568695068,1.46552085876465,33.3937683105469,Plateau-Mont-Royal,NA,,3245,"c(299584.1875, 5043721)"
651,Frontenac,Sherbrooke,Frontenac,Sherbrooke,02/06/2009,0,1589.453125,39781.45703125,2803.29418945312,2009.32885742188,34968.83203125,1336239.875,1078711,25804266,7,7.37114477157593,10.5911560058594,7.93854999542236,7.60555601119995,10.4622116088867,14.1053695678711,13.8912773132324,17.0660495758057,80.8000030517578,4,20.2000007629395,64.1999969482422,0,0,0,0,0,1,1,1,0,0,627.371459960938,12701.6357421875,457.493377685547,11746.70703125,294.343170166016,15333.1142578125,210.2451171875,6,0,0,1,0,0,0,3927.94409179688,8.27587127685547,3.97814559936523,15.89453125,Ville-Marie,NA,,3251,"c(300035.28125, 5044072)"
649,Frontenac,Rachel,Frontenac,Rachel,12/06/2006,0,629.83837890625,24528.091796875,1171.91650390625,1544.03015136719,21812.14453125,140368.203125,240142.25,6609033.5,2,6.44546318054199,10.1075744628906,7.06639623641968,7.34215116500854,9.99022197723389,11.8520240783691,12.3889865875244,15.7039480209351,70.8000030517578,4,17.7000007629395,54.0999984741211,0,1,0,1,1,1,0,1,1,0,167.099975585938,7908.6240234375,151.675369262695,11054.6767578125,223.656890869141,5564.791015625,87.4061431884766,7,0,0,0,0,0,0,3992.35302734375,8.29213619232178,2.45280909538269,6.29838371276855,Plateau-Mont-Royal,NA,,3252,"c(299878.78125, 5044166)"
646,Frontenac,Hogan/Marie-Anne,Frontenac,Hogan/Marie-Anne,17/06/2008,0,155.916717529297,12773.490234375,838.571899414062,845.371154785156,11089.546875,28664.6484375,30977.150390625,410934.4375,1,5.0493221282959,9.45512676239014,6.73169994354248,6.73977613449097,9.31375789642334,10.2634201049805,10.3410053253174,12.9261894226074,75.9000015258789,4,19,51.7000007629395,0,0,0,0,0,1,1,1,0.5,0,20.6360359191895,1470.900390625,84.8370361328125,10509.345703125,4.58578586578369,793.243713378906,45.8578567504883,3,0,0,4,0,0,0,4097.59619140625,8.31815624237061,1.27734899520874,1.55916714668274,Plateau-Mont-Royal,NA,,3253,"c(299656.84375, 5044301)"
667,Iberville,Mont-Royal,Iberville,Mont-Royal,12/12/2007,0,439.068786621094,13462.1328125,477.581817626953,1562.78002929688,11421.7705078125,32385.3125,169550.140625,2801898.25,2,6.08465576171875,9.50763607025146,6.16873502731323,7.3542218208313,9.34327697753906,10.3854598999023,12.040904045105,14.8458080291748,70.8000030517578,4,17.7000007629395,53.9000015258789,0,1,0,1,1,1,0,1,1,9492.529296875,181.780075073242,2004.89794921875,39.1526298522949,0,89.4917297363281,1964.70532226562,128.64436340332,7,0,0,0,0,0,0,4129.68212890625,8.32595539093018,1.34621334075928,4.39068794250488,Plateau-Mont-Royal,NA,,3254,"c(299430.8125, 5044349.5)"
658,Fullum,Sherbrooke,Fullum,Sherbrooke,21/01/2009,0,3006.69580078125,33884.6015625,1809.13464355469,1868.65966796875,30206.80859375,1299949.75,1415084.375,44575536,0,8.0085973739624,10.4307155609131,7.50060415267944,7.53297710418701,10.3158226013184,14.0778360366821,14.1626996994019,17.6126956939697,83.5999984741211,4,20.8999996185303,62.4000015258789,0,0,0,0,0,0,0,0,0.5,2270.45336914062,756.864440917969,13541.9365234375,822.924926757812,3915.89428710938,785.176025390625,14156.3193359375,641.730407714844,6,0,0,0,0,0,0,3596.2119140625,8.18763637542725,3.38846015930176,30.0669574737549,Plateau-Mont-Royal,NA,,3255,"c(299949, 5043751)"
656,Fullum,Rachel,Fullum,Rachel,30/03/2004,0,2152.71899414062,23310.80859375,1453.97302246094,1600.94494628906,20255.890625,746393.9375,831839.8125,20281184,2,7.67448711395264,10.0566720962524,7.28205490112305,7.37834882736206,9.91620063781738,13.5230093002319,13.6313953399658,16.8252048492432,52.5999984741211,4,13.1999998092651,52.2000007629395,0,1,0,1,1,0,0,0,1,3390.85400390625,939.437438964844,8928.548828125,327.091583251953,4928.81103515625,353.715301513672,6062.59521484375,532.474670410156,2,0,0,0,0,0,0,3718.82788085938,8.22116374969482,2.3310809135437,21.5271892547607,Plateau-Mont-Royal,NA,,3256,"c(299712.6875, 5043913.5)"
654,Fullum,Mont-Royal,Fullum,Mont-Royal,26/03/2004,0,3063.53784179688,15979.2880859375,1578.53393554688,2149.60766601562,12251.1474609375,1282391.25,1617805.375,18711854,1,8.02732563018799,9.67904853820801,7.3642520904541,7.67304086685181,9.41337490081787,14.0642366409302,14.2965812683105,16.7446670532227,55.2000007629395,4,13.8000001907349,48.2000007629395,0,0,0,0,0,0,0,0,1,4153.7529296875,826.606750488281,3270.205078125,767.84326171875,4455.4521484375,622.893249511719,4099.8779296875,846.194580078125,2,0,0,2,0,0,0,3956.29711914062,8.2830638885498,1.59792876243591,30.6353778839111,Plateau-Mont-Royal,NA,,3260,"c(299316.6875, 5044179.5)"
688,Fullum,Gilford,Fullum,Gilford,26/03/2004,0,399.591888427734,8517.6181640625,824.28564453125,1142.14733886719,6551.18505859375,108315.2109375,99197.484375,1232539.25,0,5.99044418334961,9.04989242553711,6.71451711654663,7.04066514968872,8.78740119934082,11.5928010940552,11.5048675537109,14.0245866775513,58.9000015258789,4,14.6999998092651,46.4000015258789,0,0,0,0,0,0,0,0,1,3582.67919921875,125.362167358398,64.6498489379883,70.5162200927734,3803.56640625,62.6810836791992,1066.72253417969,141.032440185547,3,0,0,1,0,0,0,4136.9228515625,8.32770729064941,0.851761817932129,3.99591898918152,Plateau-Mont-Royal,NA,,3261,"c(299047.5, 5044356)"
691,Gauthier,Papineau,Gauthier,Papineau,17/03/2004,0,1622.72595214844,28483.623046875,1900.32775878906,0,26583.294921875,861412.25,0,20049778,3,7.3918628692627,10.2570848464966,7.54978179931641,0,10.1880378723145,13.6663284301758,0,16.8137283325195,46.7999992370605,3,15.6000003814697,45.0999984741211,0,0,0,0,1,1,1,1,0.5,26583.294921875,300.928039550781,1900.32775878906,693.277282714844,0,453.296691894531,0,175.223922729492,4,0,0,0,0,0,0,3086.712890625,8.03486156463623,2.84836220741272,16.227258682251,Plateau-Mont-Royal,NA,,3264,"c(299536.125, 5043297)"
690,Gauthier,Lorimier,Gauthier,Lorimier,30/03/2004,0,1521.35620117188,22838.3984375,2283.31494140625,687.619018554688,19867.46484375,1128964,67997.3671875,12661106,1,7.32735681533813,10.0361986160278,7.73338413238525,6.5332350730896,9.8968391418457,13.9368114471436,11.1272239685059,16.3540458679199,55.7000007629395,4,13.8999996185303,53.4000015258789,0,1,1,1,1,0,1,1,1,0,98.8881530761719,1910.63598632812,406.962768554688,20927.763671875,521.064514160156,0,494.440765380859,4,0,0,0,0,0,1,3350.59790039062,8.11689376831055,2.28383994102478,15.2135620117188,Plateau-Mont-Royal,NA,,3265,"c(299702.09375, 5043543.5)"
692,Gilford,Lorimier,Gilford,Lorimier,14/04/2004,0,1794.00415039062,26216.59765625,701.178894042969,1766.32849121094,23749.08984375,273450.9375,808766.375,18618848,0,7.49220514297485,10.174147605896,6.55276298522949,7.47665786743164,10.0752992630005,12.5188770294189,13.6032648086548,16.7396850585938,59.5999984741211,4,14.8999996185303,48.5,0,0,0,0,0,0,0,0,1,7150.9541015625,400.314971923828,1841.263671875,644.951904296875,15286.7705078125,352.12890625,1937.60888671875,396.608367919922,4,0,0,0,0,0,0,3892.02807617188,8.26668548583984,2.62165975570679,17.9400405883789,Plateau-Mont-Royal,NA,,3268,"c(298874.09375, 5044098)"
671,Iberville,Sherbrooke,Iberville,Sherbrooke,02/06/2009,0,1676.9150390625,39756.13671875,2656.79931640625,2159.44067382812,34939.89453125,843771.5625,1156819.25,26026100,2,7.42471122741699,10.590518951416,7.88487720489502,7.67760515213013,10.4613847732544,13.6456365585327,13.9611854553223,17.0746097564697,81.1999969482422,4,20.2999992370605,62.5999984741211,0,1,0,1,0,1,1,1,0,12267.5771484375,539.909484863281,12625.6748046875,79.0521697998047,0,507.952209472656,14862.884765625,550.001220703125,6,0,0,2,0,0,0,3854.65893554688,8.25703811645508,3.9756135940551802,16.7691497802734,Plateau-Mont-Royal,NA,,3274,"c(300009.28125, 5044002.5)"
669,Iberville,Rachel,Iberville,Rachel,12/06/2006,0,1149.13366699219,27732.134765625,3950.68774414062,1150.16955566406,22631.279296875,716886.0625,278332.4375,13082377,3,7.04676389694214,10.2303466796875,8.28164482116699,7.04766511917114,10.0270881652832,13.4826717376709,12.5365724563599,16.3867778778076,70.8000030517578,4,17.7000007629395,53.5999984741211,0,1,0,1,1,1,0,1,1,12828.2568359375,388.186096191406,8353.2275390625,316.204559326172,0,107.972290039062,6550.65087890625,336.770721435547,7,0,0,0,0,0,0,3925.77587890625,8.27531909942627,2.77321338653564,11.4913368225098,Plateau-Mont-Royal,NA,,3275,"c(299841.1875, 5044104.5)"
666,Iberville,Marie-Anne,Iberville,Marie-Anne,26/03/2004,0,184.125671386719,18446.7578125,1136.75988769531,1540.82153320312,15769.1767578125,26677.791015625,65976.8828125,1138175,1,5.21561908721924,9.82264423370361,7.03593683242798,7.34007120132446,9.66581153869629,10.1915874481201,11.0970602035522,13.9449367523193,60.5999984741211,4,15.1999998092651,52,0,0,0,0,0,1,1,1,0,14610.8662109375,58.7635154724121,2381.26953125,39.1756744384766,5.38748788833618,3.91756796836853,1449.23413085938,82.2689208984375,3,0,0,4,0,0,0,4031.9599609375,8.3020076751709,1.84467577934265,1.84125673770905,Plateau-Mont-Royal,NA,,3276,"c(299615.6875, 5044239)"
703,Lorimier,Sherbrooke,Lorimier,Sherbrooke,22/04/2009,0,1927.87255859375,53474.7421875,7486.1904296875,6397.18310546875,39591.37109375,2934250.75,2421114,37138016,3,7.56417179107666,10.8869647979736,8.92081546783447,8.76361274719238,10.5863656997681,14.8919630050659,14.6997375488281,17.4301528930664,96.8000030517578,4,24.2000007629395,69.8000030517578,0,1,0,1,0,1,1,1,0.5,0,431.882873535156,13527.5400390625,374.407958984375,29723.83203125,735.678771972656,10223.37109375,385.902923583984,6,1,1,0,0,0,0,3266.22509765625,8.09139060974121,5.34747409820557,19.2787246704102,Ville-Marie,NA,,3281,"c(299876.28125, 5043429)"
697,Lorimier,Marie-Anne,Lorimier,Marie-Anne,31/03/2004,0,1999.83825683594,26082.9296875,319.3828125,2831.86083984375,22931.685546875,151101.46875,1182776.625,23918804,3,7.60082197189331,10.1690359115601,5.76638984680176,7.94868898391724,10.0402746200562,11.9257068634033,13.9833745956421,16.9901752471924,59.2000007629395,4,14.8000001907349,48.2999992370605,0,0,0,0,0,0,0,0,1,6126.82666015625,358.066284179688,2885.09130859375,586.619262695312,15522.0048828125,704.704895019531,1549.00659179688,350.447845458984,4,0,0,0,0,0,0,3576.77392578125,8.18221664428711,2.60829305648804,19.9983825683594,Plateau-Mont-Royal,NA,,3282,"c(299319.96875, 5043800)"
699,Lorimier,Mont-Royal,Lorimier,Mont-Royal,31/03/2004,0,7949.83349609375,31294.19140625,47.9074211120605,3247.05859375,27999.2265625,65128.546875,4465239,133057240,1,8.98090553283691,10.3511877059937,3.86927008628845,8.08550453186035,10.2399320602417,11.0841178894043,15.3118333816528,18.7062892913818,59.7000007629395,4,14.8999996185303,49.2000007629395,0,0,0,0,0,0,0,0,0.5,6829.46923828125,3272.11645507812,5030.279296875,1150.38317871094,15319.728515625,2670.26025390625,4114.71533203125,857.073547363281,4,0,0,0,0,0,0,3696.94409179688,8.21526145935059,3.12941908836365,79.4983367919922,Plateau-Mont-Royal,NA,,3283,"c(299141.625, 5043919.5)"
680,Bordeaux,Mont-Royal,Bordeaux,Mont-Royal,31/03/2004,0,7119.42431640625,12924.357421875,1240.26989746094,963.471496582031,10720.6162109375,2596524.25,1603597.875,51748060,4,8.87058162689209,9.46686935424805,7.12308406829834,6.87054300308228,9.2799243927002,14.7696838378906,14.2877597808838,17.7618961334229,50.0999984741211,4,12.5,42.0999984741211,0,0,0,0,0,0,1,1,1,0,1180.85693359375,6153.44189453125,2548.36547851562,2320.84838867188,742.797058105469,4450.06689453125,2647.40502929688,2,0,0,0,0,0,0,3631.41796875,8.19737815856934,1.29243576526642,71.1942443847656,Plateau-Mont-Royal,NA,,3293,"c(299097.96875, 5043852.5)"
674,Parthenais,Rachel,Parthenais,Rachel,30/03/2004,0,2563.48510742188,17353.193359375,1721.67199707031,1238.76403808594,14392.7578125,1137788.125,721578.6875,14737502,2,7.84912300109863,9.76153182983398,7.45105123519897,7.12186908721924,9.5744800567627,13.9445972442627,13.4891967773438,16.5059051513672,55.2000007629395,4,13.8000001907349,47.5,0,0,0,0,0,0,1,1,1,3343.61303710938,981.274719238281,7616.298828125,486.833984375,0,699.823852539062,6393.2822265625,395.552612304688,3,0,0,0,0,0,0,3598.90698242188,8.18838500976562,1.73531937599182,25.6348514556885,Plateau-Mont-Royal,NA,,3301,"c(299638.375, 5043801.5)"
709,Papineau,Rachel,Papineau,Rachel,15/10/2009,0,3134.30493164062,33570.88671875,698.861328125,5868.2451171875,27003.78125,565649.5,4704640.5,43183468,3,8.05016326904297,10.4214153289795,6.54945182800293,8.67731094360352,10.2037315368652,13.2457304000854,15.3640604019165,17.5809688568115,65.8000030517578,4,16.5,63.2000007629395,0,1,0,1,1,0,1,1,0,19279.8125,1087.34338378906,7694.77294921875,816.767944335938,0,573.08203125,6596.3017578125,657.111633300781,4,0,0,1,0,0,0,3184.52001953125,8.0660572052002,3.35708856582642,31.3430500030518,Plateau-Mont-Royal,NA,,3305,"c(299371.6875, 5043406)"
700,Lorimier,Rachel,Lorimier,Rachel,31/03/2004,0,2948.3330078125,38240.76953125,5323.046875,7718.41796875,25199.302734375,3464607.5,3391794.25,38292384,3,7.98899507522583,10.5516567230225,8.57980060577393,8.95136547088623,10.1345720291138,15.0581102371216,15.0368700027466,17.4607620239258,63.9000015258789,4,16,55.2000007629395,1,0,0,0,1,1,1,1,0,5509.353515625,1405.6005859375,6781.5615234375,502.816497802734,19040.5390625,700.895690917969,6909.31494140625,339.020202636719,4,1,1,0,0,0,0,3441.39892578125,8.14363288879395,3.82407689094543,29.4833297729492,Plateau-Mont-Royal,NA,,3308,"c(299538.09375, 5043653)"
647,Frontenac,Mont-Royal,Frontenac,Mont-Royal,12/12/2007,0,0,10960.7392578125,2697.6279296875,323.904479980469,7939.20654296875,0,0,0,1,0,9.30207538604736,7.90012788772583,5.78044891357422,8.97956943511963,0,0,0,66.3000030517578,4,16.6000003814697,38.7000007629395,0,0,0,0,0,1,1,1,0,4.7285327911377,0,404.28955078125,0,9270.2880859375,0,1281.43237304688,0,3,2,1,1,0,0,0,4163.796875,8.33418273925781,1.09607398509979,0,Plateau-Mont-Royal,NA,,3321,"c(299459, 5044382.5)"
477,Berri,Cherrier,Berri,Cherrier,26/03/2009,0,5405.8056640625,23508.400390625,3844.23779296875,2176.34716796875,17487.814453125,5567572,3045467,47687992,2,8.59522914886475,10.065113067627,8.2543306350708,7.68540287017822,9.76926040649414,15.5324697494507,14.9291648864746,17.6801891326904,110.599998474121,4,27.7000007629395,99.5999984741211,1,1,0,1,1,1,1,1,1,2295.75732421875,611.033020019531,5939.6943359375,1988.36157226562,10190.3115234375,1307.2099609375,5082.63720703125,1499.20129394531,6,1,1,0,0,0,0,1912.6240234375,7.55623149871826,2.35084009170532,54.0580558776855,Plateau-Mont-Royal,NA,,3324,"c(299390.15625, 5042131.5)"
1370,Berri,Mont-Royal,Berri,Mont-Royal,27/11/2003,0,16001.4775390625,12568.208984375,1352.96569824219,1209.24401855469,10005.9990234375,5439157,5548017,87957024,2,9.68043613433838,9.43892574310303,7.21005392074585,7.09775114059448,9.21094036102295,15.5091352462769,15.5289506912231,18.2923583984375,49.7000007629395,4,12.3999996185303,40.5,0,1,1,1,1,1,1,1,0,2126.0888671875,2704.21240234375,5654.70263671875,3558.37060546875,0,4196.19189453125,4787.4169921875,5542.703125,3,0,0,0,0,0,1,2701.92993164062,7.90172147750854,1.25682091712952,160.014770507812,Plateau-Mont-Royal,NA,,3330,"c(298393.8125, 5042787.5)"
1420,Brébeuf,Rachel,BrÚbeuf,Rachel,05/12/2003,0,1830.37609863281,18954.6640625,355.661468505859,460.267761230469,18138.734375,252323.34375,326536.09375,18359046,0,7.51227712631226,9.84980487823486,5.87397909164429,6.13180780410767,9.80580520629883,12.4384670257568,12.6962957382202,16.7256336212158,48.0999984741211,3,16,39.7999992370605,0,1,0,1,1,0,1,1,0,0,709.448120117188,10549.5458984375,794.581909179688,0,108.782043457031,8405.1171875,217.564086914062,2,0,0,0,0,0,0,2784.68408203125,7.93188953399658,1.89546644687653,18.3037605285645,Plateau-Mont-Royal,NA,,3336,"c(299102, 5043005)"
486,Cherrier,Saint-Hubert,Cherrier,Saint-Hubert,27/03/2009,0,6866.92333984375,19653.744140625,1537.05395507812,2013.18505859375,16103.5048828125,2235704.75,3875390.25,53127264,1,8.83447074890137,9.88602256774902,7.33762311935425,7.60747289657593,9.68679237365723,14.6200666427612,15.1701574325562,17.788200378418,70.1999969482422,4,17.6000003814697,53.2000007629395,0,0,0,0,0,0,0,0,1,4028.345703125,1627.2412109375,6000.0419921875,894.031616210938,4885.77685546875,3078.09716796875,4739.5791015625,1267.55346679688,4,2,1,0,0,0,0,2003.17602539062,7.60248899459839,1.96537446975708,68.6692352294922,Plateau-Mont-Royal,NA,,3354,"c(299448.21875, 5042217)"
571,Christophe-Colomb,Parc-La Fontaine/Rachel,Christophe-Colomb,Parc-La Fontaine/Rachel,10/12/2003,0,616.244750976562,37409.375,4103.197265625,14283.673828125,19022.50390625,531685.875,3246630.25,6256102.5,2,6.42364406585693,10.5296773910522,8.3195219039917,9.56687164306641,9.85337829589844,13.1838083267212,14.993127822876,15.6490678787231,63.5999984741211,4,15.8999996185303,58.2999992370605,0,0,1,1,1,1,1,1,0,9069.4091796875,147.162933349609,9074.5771484375,234.540924072266,13322.4716796875,78.180305480957,5942.91796875,156.360610961914,2,0,0,0,0,0,1,2651.40405273438,7.8828444480896,3.74093747138977,6.16244745254517,Plateau-Mont-Royal,NA,,3359,"c(298992.625, 5042863)"
575,Duluth,Saint-Hubert,Duluth,Saint-Hubert,08/12/2003,0,3289.78564453125,15484.435546875,510.300659179688,1227.91101074219,13746.2236328125,446022.25,877228.5,28310902,1,8.09857845306396,9.64759063720703,6.2350001335144,7.11307001113892,9.52851867675781,13.0081243515015,13.6845226287842,17.1587581634521,65.3000030517578,4,16.2999992370605,49,0,1,0,1,0,1,1,1,1,5693.04150390625,1041.33374023438,15.9468955993652,595.787963867188,8308.3330078125,1077.59912109375,1467.11437988281,575.064880371094,3,1,1,0,0,0,0,2299.86206054688,7.74060440063477,1.54844355583191,32.8978576660156,Plateau-Mont-Royal,NA,,3366,"c(298995.90625, 5042510)"
685,Champlain,Émile-Duployé/Sherbrooke,Champlain,?mile-DuployÚ/Sherbrooke,22/01/2009,0,7328.7392578125,38375.71875,494.858093261719,4108.375,33772.484375,868474.0625,7417198.5,103787496,5,8.89955902099609,10.5551795959473,6.20427083969116,8.32078266143799,10.4274015426636,13.6744928359985,15.8193120956421,18.4578552246094,79.9000015258789,4,20,59.2000007629395,0,0,1,1,0,0,1,1,1,2507.98291015625,1777.5693359375,17153.67578125,1200.60620117188,2741.72436523438,2614.07250976562,15972.333984375,1736.49108886719,6,0,0,1,0,0,1,2840.626953125,7.95177984237671,3.83757185935974,73.2873916625977,Plateau-Mont-Royal,NA,,3371,"c(299783.21875, 5043013.5)"
582,Lanaudière,Marie-Anne,LanaudiÞre,Marie-Anne,11/12/2003,0,2811.67456054688,5826.453125,433.288269042969,688.163757324219,4705.0009765625,384854.3125,359247.15625,6558583,1,7.94153594970703,8.67016410827637,6.07140302658081,6.53402709960938,8.45638084411621,12.8606195449829,12.791766166687,15.6962852478027,40.5999984741211,4,10.1999998092651,35.4000015258789,0,0,0,0,0,1,1,1,0.5,30.585054397583,522.037292480469,4057.6171875,480.823852539062,1733.15307617188,911.275695800781,5.09750890731812,897.537841796875,2,0,0,0,0,0,0,3045.583984375,8.02144813537598,0.582645297050476,28.1167449951172,Plateau-Mont-Royal,NA,,3378,"c(298960.90625, 5043256)"
596,Marie-Anne,Saint-Hubert,Marie-Anne,Saint-Hubert,03/12/2003,0,4309.11474609375,15601.451171875,2123.94702148438,713.150146484375,12764.353515625,1764697.125,638203.6875,26790344,2,8.36848831176758,9.65511894226074,7.66103076934814,6.56969213485718,9.45441246032715,14.3834896087646,13.3664131164551,17.103551864624,58.4000015258789,4,14.6000003814697,48.9000015258789,0,1,0,1,0,0,1,1,1,5095.40576171875,1135.91381835938,3762.12524414062,1618.79223632812,6743.919921875,938.163696289062,0,616.244750976562,3,1,1,0,0,0,0,2596.28002929688,7.86183500289917,1.56014513969421,43.0911483764648,Plateau-Mont-Royal,NA,,3383,"c(298633.09375, 5042746.5)"
569,Christophe-Colomb,Marie-Anne,Christophe-Colomb,Marie-Anne,10/12/2003,0,3159.40405273438,13105.42578125,1446.97131347656,754.4921875,10903.9619140625,1038085.125,510059.125,17377016,3,8.05813884735107,9.48078155517578,7.27722787857056,6.62604522705078,9.2968807220459,13.8528881072998,13.1422815322876,16.6706581115723,50.2999992370605,4,12.6000003814697,40,0,0,0,0,0,1,1,1,1,8749.0087890625,892.17529296875,4356.4169921875,873.779907226562,0,717.419311523438,0,676.029724121094,2,0,0,0,0,0,0,2819.2958984375,7.94424247741699,1.31054258346558,31.5940399169922,Plateau-Mont-Royal,NA,,3388,"c(298796.25, 5043007)"
587,La Roche,Marie-Anne,La Roche,Marie-Anne,11/12/2003,0,2646.82080078125,15144.69921875,621.896118164062,647.383666992188,13875.419921875,461348.96875,379275.34375,17105300,0,7.88111400604248,9.62540626525879,6.43277311325073,6.47293901443481,9.53787422180176,13.0419101715088,12.8460178375244,16.654899597168,50.7000007629395,4,12.6999998092651,43.9000015258789,0,0,0,0,0,1,1,1,1,0,586.147155761719,4220.7373046875,769.318176269531,10908.669921875,549.512939453125,15.2925271987915,741.842529296875,3,0,0,0,0,0,0,2889.5458984375,7.96885442733765,1.51446998119354,26.4682083129883,Plateau-Mont-Royal,NA,,3389,"c(298847.84375, 5043086)"
705,Émile-Duployé,Marquette/Rachel,?mile-DuployÚ,Marquette/Rachel,17/03/2004,0,4155.8544921875,24576.5078125,4758.8037109375,2448.6015625,17369.1015625,4244102,2912535.75,39149984,0,8.33227252960205,10.1095457077026,8.46775245666504,7.80327177047729,9.76244831085205,15.261040687561,14.8845348358154,17.48291015625,64.3000030517578,4,16.1000003814697,52.5,0,0,1,1,1,0,1,1,0,3949.70068359375,1287.51489257812,9251.455078125,1771.28540039062,3837.91674804688,559.954711914062,7537.43408203125,537.099426269531,2,0,0,0,0,0,1,3099.82495117188,8.03910064697266,2.45765089988708,41.5585441589355,Plateau-Mont-Royal,NA,,3391,"c(299319, 5043323)"
601,Mont-Royal,Saint-Denis,Mont-Royal,Saint-Denis,16/04/2008,0,26681.12890625,48299.9921875,330.587066650391,2994.87377929688,44974.53125,2336727.25,17523942,731296640,17,10.1917123794556,10.7851867675781,5.80086994171143,8.00465679168701,10.7138519287109,14.6642618179321,16.6790790557861,20.4103298187256,69,4,17.2999992370605,53.9000015258789,0,1,0,1,1,0,1,1,1,19565.85546875,7620.92529296875,4904.9326171875,4632.06201171875,19609.93359375,10235.6171875,4219.2705078125,4192.5234375,6,0,0,0,0,0,0,2619.7099609375,7.87081909179688,4.8299994468689,266.811279296875,Plateau-Mont-Royal,NA,,3398,"c(298322.59375, 5042675)"
600,Mont-Royal,Rivard,Mont-Royal,Rivard,08/12/2003,0,16464.470703125,12342.8974609375,1238.54223632812,1201.33276367188,9903.0224609375,5129283.5,3795870.75,91575456,1,9.70895957946777,9.42083644866943,7.12168979644775,7.09118700027466,9.20059490203857,15.4504766464233,15.1494235992432,18.3326740264893,49.7000007629395,4,12.3999996185303,40.4000015258789,0,1,1,1,1,0,1,1,1,0,2191.46337890625,4571.443359375,3818.2236328125,2695.025390625,4657.50732421875,5076.42822265625,5797.27587890625,2,0,0,0,0,0,1,2664.39404296875,7.88773202896118,1.23428976535797,164.644714355469,Plateau-Mont-Royal,NA,,3399,"c(298362.1875, 5042737)"
599,Mont-Royal,Resther/Saint-Hubert,Mont-Royal,Resther/Saint-Hubert,04/12/2003,0,11631.357421875,20272.79296875,1916.66345214844,2273.48901367188,16082.6416015625,7868936.5,6392498.5,95473304,0,9.36145973205566,9.91703510284424,7.55834102630615,7.72907114028931,9.68549633026123,15.8784332275391,15.670636177063,18.3743572235107,40.5,3,13.5,48.0999984741211,0,1,0,1,1,1,1,1,0.5,4098.3974609375,2294.21655273438,5056.72900390625,2788.7783203125,6142.49853515625,1914.13684082031,4975.1689453125,4634.22607421875,3,1,1,0,1,0,0,2762.05688476562,7.92373085021973,2.02727937698364,116.313575744629,Plateau-Mont-Royal,NA,,3401,"c(298443.46875, 5042866.5)"
712,Papineau,Sherbrooke,Papineau,Sherbrooke,22/01/2009,0,4419.64990234375,62421.609375,5921.45068359375,8399.953125,48100.20703125,4581323.5,6828384.5,103587832,5,8.3938159942627,11.0416669845581,8.6863374710083,9.03598117828369,10.781042098999,15.337498664856,15.7365989685059,18.4559307098389,90.4000015258789,4,22.6000003814697,65.4000015258789,0,1,0,1,0,0,1,1,1,26128.5078125,2171.54736328125,19421.599609375,632.97900390625,0,819.698486328125,16871.501953125,795.424926757812,6,1,1,0,0,0,0,2945.84912109375,7.98815250396729,6.24216079711914,44.1964988708496,Plateau-Mont-Royal,NA,,3407,"c(299806.75, 5043116)"
598,Rachel,Saint-Hubert,Rachel,Saint-Hubert,09/12/2004,0,3532.83471679688,19656.2421875,1620.71997070312,1582.97399902344,16452.548828125,1165208.25,1383582.75,28790352,3,8.16985607147217,9.88615036010742,7.39062595367432,7.36706113815308,9.70823574066162,13.968409538269,14.1401872634888,17.1755504608154,68.8000030517578,4,17.2000007629395,53.0999984741211,0,1,0,1,1,0,0,0,1,4538.95947265625,1697.41662597656,5152.33251953125,712.086975097656,5416.5546875,607.205932617188,4548.39599609375,516.125061035156,4,2,1,0,0,0,0,2439.89794921875,7.79971170425415,1.96562421321869,35.3283462524414,Plateau-Mont-Royal,NA,,3421,"c(298816.59375, 5042625.5)"
589,La Roche,Rachel,La Roche,Rachel,11/12/2003,0,2024.03942871094,29483.9921875,3955.6669921875,4200.34765625,21327.978515625,2176468.25,2497456.25,22080418,4,7.6128511428833,10.2916030883789,8.28290462493896,8.34292316436768,9.96777534484863,14.5932140350342,14.7307834625244,16.9102020263672,62.5999984741211,4,15.6999998092651,51.7999992370605,0,1,0,1,0,1,1,1,0.5,0,586.147155761719,9613.90234375,599.885009765625,12799.845703125,325.128509521484,7070.2451171875,512.878784179688,4,0,0,0,0,0,0,2727.60205078125,7.91117811203003,2.94839930534363,20.2403945922852,Plateau-Mont-Royal,NA,,3425,"c(299061.3125, 5042945.5)"
502,Roy,Saint-Denis,Roy,Saint-Denis,27/04/2009,0,8406.095703125,31423.361328125,1727.689453125,4452.43310546875,25243.23828125,3541109.5,10307717,88407608,9,9.03671169281006,10.3553066253662,7.45453977584839,8.40120601654053,10.1363143920898,15.0799512863159,16.1484031677246,18.2974681854248,69.5,4,17.3999996185303,58.5,0,1,0,1,0,1,1,1,1,17745.146484375,2140.20239257812,4361.6083984375,2212.03369140625,9316.60546875,1259.80932617188,0,2794.05078125,4,0,0,0,0,0,0,1929.73095703125,7.56513595581055,3.14233613014221,84.0609588623047,Plateau-Mont-Royal,NA,,3430,"c(299128.59375, 5042150)"
511,Saint-Hubert,Sherbrooke,Saint-Hubert,Sherbrooke,23/01/2009,0,4763.572265625,28828.611328125,0,2287.53930664062,26541.072265625,0,2131489,48590940,3,8.46875286102295,10.2691240310669,0,7.73523187637329,10.1864490509033,0,14.5723314285278,17.6989479064941,75.3000030517578,4,18.7999992370605,62.7999992370605,0,0,0,0,0,0,1,1,1,3974.57250976562,1684.55993652344,7733.1357421875,572.479614257812,5633.5244140625,2094.5791015625,11487.37890625,411.953247070312,4,0,0,0,0,0,0,1925.9150390625,7.56315660476685,2.88286113739014,47.6357231140137,Plateau-Mont-Royal,NA,,3436,"c(299600.09375, 5042117.5)"
485,Cherrier,Saint-Denis,Cherrier,Saint-Denis,17/03/2009,0,6830.48095703125,29183.650390625,5673.91015625,6926.517578125,16583.22265625,24945610,6889962,30699200,9,8.82915019989014,10.281364440918,8.64363384246826,8.84311199188232,9.71614742279053,17.0322074890137,15.7455759048462,17.23974609375,73.9000015258789,3,24.6000003814697,64.9000015258789,1,1,1,1,0,1,1,1,1,17450.705078125,742.846374511719,7368.83837890625,4979.2607421875,4364.1064453125,1108.3740234375,0,0,4,1,1,0,0,0,1,1808.96398925781,7.50050973892212,2.91836500167847,68.3048095703125,Plateau-Mont-Royal,NA,,3447,"c(299314, 5042031.5)"
561,Berri,Saint-Joseph,Berri,Saint-Joseph,04/12/2003,0,4927.2998046875,31252.828125,2635.412109375,1722.95812988281,26894.45703125,3731968.5,2726706.75,61175472,2,8.5025463104248,10.3498649597168,7.87679481506348,7.45179796218872,10.1996755599976,15.1324462890625,14.8186054229736,17.929256439209,77.5999984741211,4,19.3999996185303,60.5,1,1,0,1,1,1,1,1,1,3624.32885742188,984.544067382812,13314.693359375,989.123352050781,10.1950178146362,1703.490234375,14303.6103515625,1250.14196777344,5,0,0,0,0,0,0,3089.0849609375,8.03563022613525,3.12528276443481,49.2729988098145,Plateau-Mont-Royal,NA,,3458,"c(298015.65625, 5043057)"
562,Bienville,Saint-Denis,Bienville,Saint-Denis,02/12/2003,0,1501.52136230469,33097.6640625,586.024841308594,428.052917480469,32083.583984375,301382.34375,78621.484375,22392896,2,7.31423377990723,10.4072179794312,6.37336206436157,6.05924701690674,10.3760995864868,12.6161346435547,11.2723999023438,16.9242534637451,48.7000007629395,3,16.2000007629395,43,0,0,0,0,0,0,1,1,1,18146.38671875,183.672348022461,1014.07769775391,661.220458984375,13937.19921875,514.282592773438,0,142.346069335938,4,0,0,0,0,0,0,2756.04711914062,7.92155265808105,3.30976629257202,15.0152139663696,Plateau-Mont-Royal,NA,,3466,"c(298181.40625, 5042765.5)"
682,Bordeaux,Saint-Joseph,Bordeaux,Saint-Joseph,31/03/2004,0,2098.8779296875,31773.265625,793.133972167969,867.656616210938,30112.4765625,374387.78125,519264.3125,31225002,0,7.64915800094604,10.3663806915283,6.67599201202393,6.76579618453979,10.3126945495605,12.833046913147,13.1601676940918,17.2567291259766,72.8000030517578,4,18.2000007629395,60,1,0,0,0,1,0,1,1,1,0,563.763916015625,16064.955078125,620.902160644531,1964.20422363281,499.007263183594,13744.1064453125,415.204528808594,4,0,0,0,0,0,0,3921.65795898438,8.27427005767822,3.17732667922974,20.9887790679932,Plateau-Mont-Royal,NA,,3472,"c(298712.34375, 5044109)"
677,Bordeaux,Laurier,Bordeaux,Laurier,13/04/2004,0,1465.57690429688,3662.96948242188,469.746826171875,680.868957519531,2512.35375976562,172464.125,231358.609375,1944748.375,0,7.29000377655029,8.20602893829346,6.15219402313232,6.52336978912354,7.82897520065308,12.0579452514648,12.3517236709595,14.4806432723999,44.0999984741211,4,11,42.0999984741211,0,0,0,0,0,0,1,1,1,0,185.047592163086,1145.33776855469,507.030395507812,1673.14318847656,329.384704589844,844.488647460938,444.114196777344,2,0,0,0,0,0,0,3987.7880859375,8.29099178314209,0.366296947002411,14.6557693481445,Plateau-Mont-Royal,NA,,3473,"c(298629.1875, 5044163.5)"
563,Boucher,Saint-Denis,Boucher,Saint-Denis,27/11/2003,0,1969.41259765625,35583.4921875,629.401611328125,1461.99584960938,33492.09765625,193060.671875,966689.75,23099846,1,7.58549118041992,10.4796371459961,6.44476985931396,7.28755807876587,10.4190654754639,12.1707601547241,13.7816333770752,16.9553356170654,58.4000015258789,4,14.6000003814697,52.4000015258789,0,0,0,0,0,1,1,1,1,19293.390625,361.804962158203,2329.28149414062,462.513580322266,13950.91015625,305.855743408203,9.91183662414551,839.238342285156,4,0,0,0,0,0,0,3317.44091796875,8.10694885253906,3.55834913253784,19.6941261291504,Plateau-Mont-Royal,NA,,3475,"c(297634.1875, 5043123)"
564,Boucher,Saint-Hubert,Boucher,Saint-Hubert,03/12/2003,0,1467.03051757812,17156.9453125,1514.15209960938,521.943237304688,15120.849609375,498152.5,190695.859375,11859908,1,7.29099607467651,9.75015830993652,7.32261085510254,6.25755882263184,9.62382984161377,13.1186618804932,12.1584348678589,16.2886734008789,70.8000030517578,4,17.7000007629395,56.7999992370605,0,0,1,1,1,0,1,1,1,8795.5185546875,413.895751953125,532.278747558594,308.122375488281,7818.8125,372.506164550781,10.3355093002319,372.506164550781,2,0,0,0,0,0,1,3452.81298828125,8.14694499969482,1.71569454669952,14.6703052520752,Plateau-Mont-Royal,NA,,3478,"c(297763.1875, 5043341.5)"
1425,Brébeuf,Mont-Royal,BrÚbeuf,Mont-Royal,05/12/2003,0,10745.7744140625,13651.123046875,512.570922851562,659.019775390625,12479.533203125,1201356,1662068.75,21098832,3,9.28226757049561,9.52157688140869,6.23943901062012,6.49075412750244,9.43184471130371,13.9989614486694,14.3235740661621,16.8647289276123,54.0999984741211,4,13.5,46.4000015258789,0,0,1,1,1,1,1,1,1,83.6850509643555,4143.1767578125,6600.658203125,681.070190429688,904.844604492188,5169.51171875,6061.935546875,752.015014648438,2,0,0,0,0,0,1,3087.86791992188,8.03523635864258,1.3651123046875,107.457740783691,Plateau-Mont-Royal,NA,,3484,"c(298706.1875, 5043264)"
566,Brébeuf,Saint-Joseph,BrÚbeuf,Saint-Joseph,08/12/2003,0,1704.47155761719,29209.396484375,10.6312637329102,1435.22058105469,27763.544921875,1101.5615234375,109743.0703125,18842568,2,7.44100999832153,10.2822456359863,2.36379909515381,7.26907396316528,10.2314786911011,7.00448417663574,11.6058969497681,16.7516288757324,72.1999969482422,4,18.1000003814697,59.2999992370605,1,0,0,0,0,0,1,1,1,10.6312637329102,46.6268844604492,15808.689453125,103.615295410156,664.453979492188,979.16455078125,12725.623046875,575.064880371094,4,0,0,0,0,0,0,3422.74291992188,8.13819789886475,2.92093968391418,17.0447158813477,Plateau-Mont-Royal,NA,,3487,"c(298321.625, 5043519)"
565,Brébeuf,Laurier,BrÚbeuf,Laurier,08/12/2003,0,4781.845703125,12353.5283203125,6718.95849609375,255.150329589844,5379.41943359375,2681531.25,674155.625,18884702,0,8.47258186340332,9.42169666290283,8.81268787384033,5.5418529510498,8.59033584594727,14.8018989562988,13.4212160110474,16.7538623809814,49.4000015258789,4,12.3999996185303,44.2999992370605,0,0,1,1,1,0,1,1,1,0,398.918884277344,5.31563186645508,2642.18994140625,738.872802734375,626.87255859375,11609.33984375,1113.86437988281,4,0,0,0,0,0,1,3553.7880859375,8.1757698059082,1.23535287380219,47.8184585571289,Plateau-Mont-Royal,NA,,3488,"c(298179.8125, 5043613.5)"
570,Christophe-Colomb,Mont-Royal,Christophe-Colomb,Mont-Royal,10/12/2003,0,11308.5517578125,20433.30078125,1751.86877441406,1462.47448730469,17218.958984375,7042176.5,4985874,87927304,3,9.33331394195557,9.9249210357666,7.46843814849854,7.2878851890564,9.75376605987549,15.7674283981323,15.422119140625,18.2920207977295,56.7999992370605,4,14.1999998092651,47.2000007629395,0,1,0,1,1,0,1,1,0,8252.904296875,2005.09497070312,6981.63623046875,1673.97839355469,15.5032644271851,6019.8837890625,5183.2578125,1609.59460449219,4,0,0,0,0,0,0,2968.60107421875,7.99584627151489,2.04333019256592,113.085517883301,Plateau-Mont-Royal,NA,,3500,"c(298613.1875, 5043124)"
572,Christophe-Colomb,Saint-Joseph,Christophe-Colomb,Saint-Joseph,10/12/2003,0,6231.43017578125,37616.0859375,3317.69848632812,1503.81652832031,32794.5703125,6963440.5,2911177.5,103751784,0,8.73736095428467,10.5351867675781,8.10702705383301,7.31576204299927,10.3980178833008,15.7561836242676,14.8840675354004,18.4575119018555,73.8000030517578,4,18.5,62.5,1,1,0,1,1,0,0,0,1,7374.3857421875,910.570617675781,17585.869140625,2032.68798828125,0,2129.263671875,12655.8310546875,1158.90808105469,6,0,0,0,0,0,0,3311.52490234375,8.10516452789307,3.76160860061646,62.3143005371094,Plateau-Mont-Royal,NA,,3503,"c(298225.90625, 5043374)"
686,Christophe-Colomb,Saint-Grégoire,Christophe-Colomb,Saint-GrÚgoire,16/03/2004,0,136.922058105469,26575.6875,6771.2099609375,16712.81640625,3091.66088867188,502913.03125,328208.09375,388040.1875,0,4.91941213607788,10.1877517700195,8.8204345703125,9.72393131256104,8.03646373748779,13.1281728744507,12.7014026641846,12.8688640594482,48.9000015258789,3,16.2999992370605,44.0999984741211,0,0,1,1,1,0,1,1,0,13904.6005859375,11.4101705551147,10765.69921875,98.8881530761719,0,0,1905.38696289062,26.6237335205078,4,0,0,0,0,0,1,3723.85693359375,8.22251510620117,2.65756869316101,1.36922061443329,Plateau-Mont-Royal,NA,,3504,"c(297751.625, 5043634.5)"
576,Fabre,Saint-Joseph,Fabre,Saint-Joseph,09/12/2003,0,1740.29541015625,33556.2890625,2782.34399414062,1946.62158203125,28827.32421875,929722.4375,894997.9375,22635194,3,7.46181011199951,10.4209804534912,7.93104887008667,7.57385110855103,10.269079208374,13.7426414489746,13.7045774459839,16.9350166320801,69,4,17.2999992370605,55.9000015258789,1,0,0,0,0,0,1,1,1,2868.9736328125,110.203407287598,15389.521484375,101.019790649414,1854.89599609375,844.892761230469,13442.8994140625,684.179504394531,6,0,0,0,0,0,0,3625.37109375,8.19571208953857,3.35562896728516,17.4029541015625,Plateau-Mont-Royal,NA,,3511,"c(298486.5, 5043768.5)"
577,Garnier,Saint-Joseph,Garnier,Saint-Joseph,09/12/2003,1,1262.74731445312,32761.3359375,1263.77526855469,1528.76037597656,29968.798828125,262750.1875,227089.71875,27246976,0,7.14104509353638,10.3970041275024,7.14185905456543,7.33221197128296,10.3079118728638,12.4789590835571,12.3331003189087,17.1204528808594,79.3000030517578,4,19.7999992370605,63.2000007629395,1,0,0,1,1,0,1,1,1,0,82.6525573730469,18105.619140625,610.710571289062,0,270.916717529297,14655.7158203125,298.467559814453,4,0,0,0,0,0,0,3564.52099609375,8.17878532409668,3.27613353729248,12.6274728775024,Plateau-Mont-Royal,NA,,3516,"c(298438.34375, 5043695.5)"
583,Lanaudière,Mont-Royal,LanaudiÞre,Mont-Royal,11/12/2003,0,7473.37646484375,13819.3466796875,734.041320800781,1294.76733398438,11790.5380859375,1219176,2311646.75,46312932,4,8.91910171508789,9.5338249206543,6.59856510162354,7.16608619689941,9.37505340576172,14.0136861801147,14.653470993042,17.6509323120117,50.4000015258789,4,12.6000003814697,41.5999984741211,0,0,0,0,0,1,1,1,1,0,1524.8984375,5897.81787109375,2106.46630859375,2105.27124023438,1969.08813476562,5816.2578125,1872.92333984375,4,0,0,0,0,0,0,3185.69604492188,8.06642627716064,1.38193464279175,74.7337646484375,Plateau-Mont-Royal,NA,,3536,"c(298779.4375, 5043375)"
585,Lanaudière,Saint-Joseph,LanaudiÞre,Saint-Joseph,11/12/2003,1,5275.32470703125,32476.23046875,1044.98937988281,825.796447753906,30605.4453125,1229820.375,934416.0625,82728712,1,8.5707950592041,10.3882637023926,6.95176219940186,6.71634817123413,10.328932762146,14.0223789215088,13.7476768493652,18.2310771942139,75.8000030517578,4,19,63.7000007629395,1,0,0,1,1,0,0,0,1,0,718.946105957031,16424.173828125,1534.05700683594,3104.38305664062,1845.44775390625,12947.6728515625,1176.87365722656,4,0,0,0,0,0,0,3511.27587890625,8.16373443603516,3.24762296676636,52.753246307373,Plateau-Mont-Royal,NA,,3537,"c(298395.65625, 5043630.5)"
581,Lanaudière,Laurier,LanaudiÞre,Laurier,11/12/2003,0,3777.90161132812,7911.333984375,667.773681640625,581.116027832031,6662.4443359375,299676.09375,1153045.625,15819643,1,8.23692417144775,8.97605228424072,6.50394916534424,6.36495018005371,8.80424213409424,12.6104574203491,13.9579172134399,16.5767631530762,42.2999992370605,4,10.6000003814697,39.5999984741211,0,0,1,1,0,0,1,1,1,0,448.768920898438,10.1950178146362,1996.56372070312,2013.51611328125,586.147155761719,5887.623046875,746.421752929688,2,0,0,0,0,0,1,3639.65502929688,8.19964408874512,0.791133403778076,37.7790145874023,Plateau-Mont-Royal,NA,,3538,"c(298252.59375, 5043725)"
593,Laurier,Saint-Denis,Laurier,Saint-Denis,15/11/2007,0,7868.4189453125,33642.5,802.759460449219,2323.41528320312,30516.326171875,2315382.75,2827108,183405392,6,8.97061157226562,10.423544883728,6.68805503845215,7.75079298019409,10.3260173797607,14.6550855636597,14.8547649383545,19.0272102355957,65.1999969482422,4,16.2999992370605,58.2000007629395,0,1,0,1,1,0,0,0,0,15185.9150390625,6755.599609375,2527.54541015625,321.481109619141,11617.076171875,463.112670898438,4311.96484375,328.225463867188,5,0,0,2,0,0,0,3132.63208007812,8.04962921142578,3.36424994468689,78.6841888427734,Plateau-Mont-Royal,NA,,3539,"c(297810.28125, 5043007.5)"
592,Laurier,Resther,Laurier,Resther,01/12/2003,0,3761.23510742188,13076.4541015625,4800.015625,403.988037109375,7872.45068359375,5968260.5,502312.0625,7789995.5,0,8.23250293731689,9.47856903076172,8.47637367248535,6.00138521194458,8.97112464904785,15.6019659042358,13.1269769668579,15.868350982666,37.5999984741211,3,12.5,35.5,0,1,1,1,1,0,1,1,0,0,1528.32556152344,7728.9287109375,746.030151367188,0,1243.38354492188,5347.52587890625,243.495941162109,2,0,0,0,0,0,1,3245.35400390625,8.08498001098633,1.30764544010162,37.6123504638672,Plateau-Mont-Royal,NA,,3541,"c(297915.28125, 5043183.5)"
594,Laurier,Saint-Hubert,Laurier,Saint-Hubert,03/12/2003,0,9344.845703125,22024.970703125,2542.53515625,6557.88037109375,12924.5537109375,9729790,8580149,59744340,0,9.14258003234863,9.99993228912354,7.84091711044312,8.78842258453369,9.46688365936279,16.0907020568848,15.9649620056152,17.9055843353271,57.9000015258789,4,14.5,48.2000007629395,0,1,1,1,1,0,1,1,0,7405.39208984375,3035.2353515625,2294.48291015625,4401.09130859375,7415.7275390625,924.3671875,4909.36669921875,984.152099609375,3,0,0,0,0,0,1,3277.81103515625,8.09493064880371,2.20249700546265,93.4484558105469,Plateau-Mont-Royal,NA,,3542,"c(297942.90625, 5043231)"
586,La Roche,Laurier,La Roche,Laurier,10/12/2003,0,1623.39111328125,13322.4716796875,0,7917,5405.47119140625,0,298782.1875,720908.25,0,7.39227199554443,9.49720668792725,0,8.97676753997803,8.59516716003418,0,12.6074695587158,13.4882669448853,34.7000007629395,3,11.6000003814697,32.5999984741211,0,0,1,1,1,0,1,1,1,0,0,0,36.7907333374023,7911.83203125,1490.02465820312,5410.63916015625,96.5756759643555,4,0,0,0,0,0,1,3507.212890625,8.16257667541504,1.33224713802338,16.2339115142822,Plateau-Mont-Royal,NA,,3547,"c(298140.8125, 5043552)"
695,Laurier,Lorimier,Laurier,Lorimier,01/04/2004,0,2447.033203125,27243.529296875,617.731201171875,2592.35913085938,24033.439453125,319855.96875,1280183.875,25784240,2,7.80263185501099,10.212571144104,6.42605304718018,7.86032390594482,10.0872011184692,12.6756258010864,14.0625143051147,17.0652732849121,56.2000007629395,4,14.1000003814697,50.0999984741211,0,0,0,0,0,0,0,0,1,8764.3916015625,332.176452636719,2407.56787109375,697.570556640625,15047.298828125,723.406494140625,1024.27221679688,693.879699707031,4,0,0,1,0,0,0,4048.88891601562,8.30619812011719,2.72435283660889,24.4703311920166,Plateau-Mont-Royal,NA,,3550,"c(298674, 5044232)"
702,Lorimier,Saint-Joseph,Lorimier,Saint-Joseph,01/04/2004,0,1166.30847167969,49407.9375,2402.2880859375,2360.05004882812,44645.59765625,755073.625,763881.6875,26038154,3,7.061598777771,10.8078660964966,7.78417682647705,7.76643800735474,10.7065105438232,13.5345706939697,13.5461683273315,17.0750732421875,86.3000030517578,4,21.6000003814697,70.5999984741211,1,0,1,1,1,0,1,1,0.5,8030.505859375,446.592803955078,13452.8125,361.703247070312,16705.140625,129.179733276367,11219.4765625,228.832672119141,6,0,0,0,0,0,1,3981.98510742188,8.28953552246094,4.94079351425171,11.6630849838257,Plateau-Mont-Royal,NA,,3556,"c(298756.3125, 5044175.5)"
698,Lorimier,Masson,Lorimier,Masson,31/03/2004,0,2041.73962402344,35744.2578125,1996.142578125,4327.63720703125,29420.48046875,981003.8125,2247421.5,28826134,0,7.62155818939209,10.4841451644897,7.59897184371948,8.37277698516846,10.2894458770752,13.796332359314,14.6252937316895,17.1767921447754,87.5,4,21.8999996185303,65.6999969482422,1,0,0,0,0,0,0,0,1,8623.3359375,312.355682373047,5535.96875,773.270812988281,16166.0927734375,620.902160644531,5418.86181640625,335.210998535156,5,1,1,2,0,0,0,4260.8837890625,8.35723209381104,3.57442569732666,20.4173965454102,Plateau-Mont-Royal,NA,,3557,"c(298415.78125, 5044403)"
706,Masson,Papineau,Masson,Papineau,16/03/2004,0,1312.16967773438,37015.94921875,5726.6591796875,4608.6220703125,26680.666015625,2565932.5,1770746.625,13597917,5,7.17943716049194,10.5191040039062,8.65288829803467,8.43568420410156,10.1916942596436,14.7578325271606,14.3869123458862,16.4254264831543,47.7999992370605,3,15.8999996185303,41.2999992370605,0,1,1,1,0,0,1,1,0.5,21541.896484375,251.023773193359,5668.919921875,619.95263671875,9805.1318359375,258.630554199219,0,182.562744140625,3,0,0,1,0,0,1,4051.25903320312,8.30678272247314,3.70159482955933,13.121696472168,Plateau-Mont-Royal,NA,,3561,"c(298246.09375, 5044149.5)"
588,La Roche,Mont-Royal,La Roche,Mont-Royal,01/05/2008,0,12532.7421875,17841.412109375,758.160217285156,1147.80297851562,15935.4482421875,1754729.25,1968196.875,99454424,3,9.43610000610352,9.78927803039551,6.63089513778687,7.04560518264771,9.67630100250244,14.3778247833252,14.4926280975342,18.415210723877,54.9000015258789,4,13.6999998092651,49.2999992370605,0,0,0,0,0,1,1,1,0,0,3899.71752929688,4764.90771484375,829.463684082031,9128.4365234375,7007.111328125,3948.06665039062,796.4501953125,4,0,0,0,0,0,0,3035.705078125,8.01819896697998,1.78414118289948,125.327423095703,Plateau-Mont-Royal,NA,,3569,"c(298666.3125, 5043203.5)"
604,Resther,Saint-Joseph,Resther,Saint-Joseph,04/12/2003,0,3562.67578125,33322.41796875,1111.25695800781,841.088989257812,31370.0703125,1767313.875,1155076.5,44380584,0,8.17826652526855,10.4139862060547,7.01324701309204,6.73469686508179,10.3536100387573,14.384970664978,13.9596767425537,17.6083126068115,63.5999984741211,4,15.8999996185303,57.7000007629395,1,0,0,0,0,1,1,1,1,5260.62939453125,476.244567871094,14171.0751953125,517.458068847656,5.09750890731812,1831.70983886719,13885.615234375,737.263244628906,4,0,0,0,0,0,0,3117.92309570312,8.04492282867432,3.33224177360535,35.6267585754395,Plateau-Mont-Royal,NA,,3577,"c(298044.59375, 5043100.5)"
590,La Roche,Saint-Joseph,La Roche,Saint-Joseph,22/03/2004,0,2626.22802734375,35912.9375,2294.17919921875,1177.2041015625,32441.5546875,1068646,483548.09375,29560930,1,7.87330389022827,10.4888534545898,7.73813009262085,7.07089710235596,10.3871946334839,13.8819026947021,13.088906288147,17.2019634246826,75.5,4,18.8999996185303,63.7999992370605,1,0,0,0,0,1,1,1,1,0,978.398681640625,14701.3623046875,300.385559082031,9061.7333984375,982.689880371094,12149.8408203125,364.753875732422,6,0,0,0,0,0,0,3374.79907226562,8.12409114837646,3.5912938117981,26.262279510498,Plateau-Mont-Royal,NA,,3583,"c(298281.09375, 5043457.5)"
605,Saint-Denis,Saint-Grégoire,Saint-Denis,Saint-GrÚgoire,03/04/2008,0,545.015747070312,33793.18359375,3481.94409179688,1466.08166503906,28845.15625,291529.15625,340667.25,3988257.75,0,6.30081510543823,10.4280138015747,8.15534591674805,7.29034900665283,10.2696971893311,12.5828952789307,12.7386608123779,15.1988649368286,47.4000015258789,3,15.8000001907349,43.2999992370605,0,0,0,0,0,1,1,1,0.5,16014.4990234375,55.6138534545898,4051.2724609375,355.928649902344,13688.3154296875,82.3085021972656,39.0955123901367,51.1647453308105,4,0,0,1,0,0,0,3438.06689453125,8.14266490936279,3.37931847572327,5.4501576423645,Plateau-Mont-Royal,NA,,3586,"c(297519, 5043196)"
567,Carmel,Saint-Denis,Carmel,Saint-Denis,02/12/2003,0,394.895538330078,35778.08984375,2761.96044921875,2481.68774414062,30534.44140625,494309.15625,279199.84375,7711457,2,5.97862100601196,10.4850912094116,7.92369604110718,7.8166937828064,10.3266105651855,13.1109161376953,12.53968334198,15.8582181930542,50.5,3,16.7999992370605,47,0,0,0,0,0,1,1,1,0.5,18875.095703125,179.080535888672,0,22.9590435028076,13774.130859375,73.4689407348633,3128.86303710938,119.387023925781,4,0,0,0,0,0,0,3492.68408203125,8.15842533111572,3.57780909538269,3.94895529747009,Plateau-Mont-Royal,NA,,3587,"c(297466.59375, 5043228.5)"
607,Saint-Grégoire,Saint-Hubert,Saint-GrÚgoire,Saint-Hubert,03/12/2003,0,519.669128417969,28334.798828125,3591.58935546875,4878.3603515625,19864.84765625,330651.96875,761547.625,5550856,1,6.25319194793701,10.2518463134766,8.18634986877441,8.49256420135498,9.89670658111572,12.7088222503662,13.5431079864502,15.5294628143311,39.5,3,13.1999998092651,32.5,1,0,1,1,0,0,0,0,0,11234.6982421875,252.936294555664,7229.6884765625,64.3837814331055,7756.7998046875,55.1861000061035,2113.61157226562,147.162933349609,4,0,0,1,0,0,1,3596.58203125,8.18773937225342,2.83347988128662,5.19669151306152,Plateau-Mont-Royal,NA,,3589,"c(297620.5625, 5043431.5)"
1581,Brébeuf,Saint-Grégoire,BrÚbeuf,Saint-GrÚgoire,16/03/2004,0,209.186477661133,20765.044921875,6104.5869140625,1658.68395996094,13001.7734375,23218.126953125,19884.140625,200618.203125,1,5.34322595596313,9.94102573394775,8.71679592132568,7.41378021240234,9.47284126281738,10.0526885986328,9.89767837524414,12.2091588973999,41.7000007629395,3,13.8999996185303,33.2000007629395,0,0,1,1,0,0,1,1,0,0,0,5800.14501953125,11.4101705551147,7773.76904296875,193.972915649414,7191.1298828125,3.80339002609253,2,0,0,0,0,0,1,3847.39306640625,8.25515079498291,2.07650446891785,2.09186482429504,Plateau-Mont-Royal,NA,,3591,"c(297872.21875, 5043817.5)"
608,Saint-Hubert,Saint-Joseph,Saint-Hubert,Saint-Joseph,03/12/2003,0,2685.72338867188,34360.3984375,1586.50061035156,2113.61157226562,30660.287109375,668552.5,1155154.875,48234144,1,7.8957052230835,10.4446601867676,7.36928606033325,7.65615320205688,10.3307237625122,13.4128704071045,13.9597454071045,17.691577911377,64.9000015258789,4,16.2000007629395,56,1,1,0,1,1,1,1,1,1,0,344.913116455078,15399.908203125,984.152099609375,5539.8330078125,671.430847167969,13420.658203125,685.227416992188,4,0,0,0,0,0,0,3149.583984375,8.05502605438232,3.43603992462158,26.8572330474854,Plateau-Mont-Royal,NA,,3597,"c(298075.40625, 5043147.5)"
606,Saint-Denis,Saint-Joseph,Saint-Denis,Saint-Joseph,19/11/2007,0,3417.9072265625,42939.46875,235.614120483398,3099.046875,39604.80859375,184204.140625,2820188.25,67857744,5,8.13678359985352,10.6675472259521,5.46219491958618,8.03884983062744,10.586706161499,12.12380027771,14.8523139953613,18.0329246520996,88.5,4,22.1000003814697,79.3000030517578,1,0,0,0,0,0,1,1,0.5,13091.0087890625,655.731872558594,10266.0439453125,498.761291503906,11773.4931640625,1081.07141113281,7808.9248046875,1182.3427734375,6,0,0,0,0,0,0,3005.82592773438,8.00830745697021,4.29394674301147,34.1790733337402,Plateau-Mont-Royal,NA,,3599,"c(297933.96875, 5042927.5)"
1669,Mentana,Saint-Grégoire,Mentana,Saint-GrÚgoire,06/05/2009,0,549.851989746094,44278.9375,4638.99609375,1836.81713867188,37803.125,543604.75,263180.34375,16335487,0,6.3096489906311,10.6982641220093,8.44225311279297,7.51578998565674,10.5401468276978,13.2059783935547,12.4805946350098,16.608850479126,54.2000007629395,4,13.6000003814697,48.7999992370605,0,0,1,1,1,0,1,1,1,22763.009765625,266.548736572266,1855.59851074219,45.6940689086914,18204.7734375,169.068054199219,1455.55541992188,68.5411071777344,2,0,0,0,0,0,1,3673.71997070312,8.20895957946777,4.42789363861084,5.49851989746094,Plateau-Mont-Royal,NA,,3602,"c(297701.34375, 5043556.5)"
519,Bernard,Saint-Urbain,Bernard,Saint-Urbain,06/10/2003,0,2881.28125,27924.1640625,689.933837890625,4072.166015625,23162.064453125,461102.71875,2593913,29173054,2,7.96599006652832,10.2372484207153,6.53659582138062,8.31192970275879,10.0502710342407,13.0413761138916,14.7686777114868,17.188756942749,57.4000015258789,4,14.3000001907349,58.0999984741211,0,1,0,1,1,1,1,1,1,25195.5546875,691.161926269531,1011.55712890625,946.027893066406,0,557.249267578125,1717.05346679688,686.842163085938,2,0,0,0,1,0,0,3686.65405273438,8.21247482299805,2.79241633415222,28.8128128051758,Plateau-Mont-Royal,NA,,3625,"c(296733.40625, 5042920.5)"
517,Bernard,Parc,Bernard,Parc,02/10/2003,0,7583.0146484375,40717.171875,2338.06616210938,5402.42529296875,32976.6796875,4691041.5,10503426,128806768,8,8.93366622924805,10.6144046783447,7.75707912445068,8.59460258483887,10.4035558700562,15.3611650466919,16.1672115325928,18.6738243103027,63.7000007629395,4,15.8999996185303,60.0999984741211,0,1,0,1,1,0,0,0,0,15222.302734375,2222.21264648438,5307.90771484375,1172.19812011719,15351.642578125,1752.56982421875,4835.31982421875,2436.03393554688,6,0,0,0,0,0,0,3617.88598632812,8.19364547729492,4.07171726226807,75.8301467895508,Plateau-Mont-Royal,NA,,3629,"c(296557.53125, 5042643.5)"
523,Côte-Sainte-Catherine,Mont-Royal,C¶te-Sainte-Catherine,Mont-Royal,03/10/2003,0,1037.17272949219,40700.99609375,5216.505859375,6354.74560546875,29129.744140625,1388484.375,1638528,15155714,2,6.94425392150879,10.6140079498291,8.55958271026611,8.75695705413818,10.2795152664185,14.1437225341797,14.3093090057373,16.5338878631592,85.8000030517578,4,21.5,83.8000030517578,1,1,0,1,1,0,1,1,0,11361.978515625,283.940795898438,6926.41748046875,244.504577636719,12153.1318359375,240.560958862305,10259.46875,268.166320800781,5,1,1,0,0,0,0,2150.955078125,7.67366743087769,4.07009983062744,10.3717269897461,Outremont,NA,,3659,"c(297747.90625, 5041766)"
528,Fairmount,Saint-Laurent,Fairmount,Saint-Laurent,07/10/2003,0,3595.13598632812,21423.71484375,2978.83129882812,974.709411621094,17470.173828125,2952735.75,951699.4375,31057420,1,8.18733692169189,9.97225379943848,7.99928617477417,6.88213920593262,9.76825046539307,14.8982429504395,13.7660045623779,17.2513484954834,55.2999992370605,4,13.8000001907349,50,0,0,0,0,1,0,1,1,1,0,1041.40246582031,1452.11804199219,918.884582519531,17296.119140625,731.278991699219,2675.47778320312,903.56982421875,3,0,0,0,0,0,0,3055.90698242188,8.02483177185059,2.14237141609192,35.951358795166,Plateau-Mont-Royal,NA,,3674,"c(297410.90625, 5042666.5)"
527,Fairmount,Parc,Fairmount,Parc,26/11/2003,0,4363.95703125,33662.22265625,984.745666503906,3150.18139648438,29527.296875,1171684.625,3571702.5,69513456,1,8.38113498687744,10.4241323471069,6.89238309860229,8.05521488189697,10.2930698394775,13.9739532470703,15.0885534286499,18.0570316314697,64,4,16,54.4000015258789,0,0,1,1,1,0,0,0,0,13505.0830078125,1157.47875976562,1678.08703613281,1460.8955078125,16680.38671875,1221.15881347656,1798.66809082031,524.424011230469,6,0,0,0,0,0,1,2920.14599609375,7.97938871383667,3.3662223815918,43.6395721435547,Plateau-Mont-Royal,NA,,3682,"c(297176.03125, 5042282.5)"
1448,Jeanne-Mance,Mont-Royal,Jeanne-Mance,Mont-Royal,03/10/2003,0,1904.76953125,17568.701171875,255.210662841797,551.255004882812,16762.236328125,95613.171875,95170.3359375,8791822,0,7.55211591720581,9.77387428283691,5.54208898544312,6.31219816207886,9.72688388824463,11.4680662155151,11.4634237289429,15.989333152771,47.7000007629395,3,15.8999996185303,43.2000007629395,0,0,1,1,1,0,1,1,1,796.257263183594,1380.26782226562,8835.392578125,374.644134521484,0,0,7937.05126953125,149.857650756836,3,0,0,0,0,0,1,2213.07690429688,7.70213890075684,1.7568701505661,19.0476951599121,Plateau-Mont-Royal,NA,,3716,"c(297874.8125, 5041960)"
534,Laurier,Saint-Laurent,Laurier,Saint-Laurent,08/10/2003,0,3723.34790039062,28700.626953125,3101.54370117188,1795.36511230469,23803.71875,2761579.5,1765176.125,44121128,3,8.22237873077393,10.2646741867065,8.03965473175049,7.49296379089355,10.0775966644287,14.8313131332397,14.3837614059448,17.6024494171143,62.7999992370605,4,15.6999998092651,51.2999992370605,0,0,0,0,1,1,1,1,0.5,70.604248046875,924.126525878906,5068.37646484375,1035.32849121094,17368.64453125,904.953796386719,6193.0009765625,858.939147949219,3,0,0,1,0,0,0,2897.27709960938,7.97152662277222,2.87006258964539,37.2334785461426,Plateau-Mont-Royal,NA,,3723,"c(297552.8125, 5042574)"
535,Laurier,Saint-Urbain,Laurier,Saint-Urbain,06/10/2003,0,4639.42431640625,32805.578125,2069.80151367188,2386.2373046875,28349.537109375,2372425.75,3230094.25,75549720,4,8.44234561920166,10.3983535766602,7.63520812988281,7.77747297286987,10.252366065979,14.6794242858887,14.9880218505859,18.1403026580811,74.6999969482422,4,18.7000007629395,60.7000007629395,0,0,0,0,0,1,1,1,1,21652.509765625,1576.71313476562,5223.78466796875,578.848083496094,0,1593.9921875,5929.28125,889.870971679688,3,0,0,2,0,0,0,2845.01904296875,7.95332527160645,3.28055787086487,46.3942413330078,Plateau-Mont-Royal,NA,,3728,"c(297466.9375, 5042443)"
539,Mont-Royal,Saint-Laurent,Mont-Royal,Saint-Laurent,17/10/2003,0,14386.333984375,30809.03125,4578.47900390625,2210.12426757812,24020.427734375,15670576,8235253,164602640,13,9.57403373718262,10.3355627059937,8.42912197113037,7.70080423355103,10.0866603851318,16.5672950744629,15.9239349365234,18.9190444946289,52.5,4,13.1000003814697,48.7000007629395,0,1,0,1,1,0,0,0,0.5,5.10421323776245,3036.58911132812,6461.93408203125,4677.13623046875,17880.05859375,2760.53564453125,6461.93408203125,3912.0732421875,5,0,0,0,0,0,0,2349.23193359375,7.76184368133545,3.08090305328369,143.863342285156,Plateau-Mont-Royal,NA,,3736,"c(298051.75, 5042246.5)"
540,Mont-Royal,Saint-Urbain,Mont-Royal,Saint-Urbain,08/10/2003,0,7128.42822265625,36588.12890625,3323.44287109375,4281.64306640625,28983.04296875,5351803,7300576.5,114752504,3,8.87184619903564,10.5074787139893,8.10875701904297,8.36209201812744,10.2744655609131,15.4929437637329,15.8034639358521,18.5582885742188,60.4000015258789,4,15.1000003814697,50.0999984741211,0,0,0,0,1,0,1,1,1,22785,2695.6884765625,6056.8359375,1230.89050292969,0,2032.31140136719,7746.29443359375,1169.53771972656,4,0,0,0,0,0,0,2281.83203125,7.73273372650146,3.65881299972534,71.2842788696289,Plateau-Mont-Royal,NA,,3740,"c(297967.40625, 5042113)"
538,Mont-Royal,Parc,Mont-Royal,Parc,30/09/2003,0,4368.076171875,50820.00390625,4798.43359375,6170.8564453125,39850.71484375,5113324,8776305,86486000,8,8.38207817077637,10.8360452651978,8.47604465484619,8.72759342193604,10.5928964614868,15.4473600387573,15.9875659942627,18.2754936218262,103.099998474121,4,25.7999992370605,74.5999984741211,1,1,0,1,1,0,1,1,0,15787.90625,1165.53759765625,8940.9296875,1993.9658203125,19728.576171875,993.396667480469,6362.591796875,215.176177978516,6,0,0,2,0,0,0,2181.75,7.68788242340088,5.08200025558472,43.6807632446289,Plateau-Mont-Royal,NA,,3742,"c(297821.71875, 5041875.5)"
545,Parc,Villeneuve,Parc,Villeneuve,26/11/2003,0,4240.3427734375,41168.3984375,1090.25415039062,1858.95861816406,38219.18359375,1294279,1789662.375,97481184,1,8.35239887237549,10.6254262924194,6.99416589736938,7.52777194976807,10.5510931015015,14.0734643936157,14.3975381851196,18.395170211792,65.0999984741211,4,16.2999992370605,56.0999984741211,0,1,0,1,1,0,0,0,0,16655.265625,1213.6669921875,2522.15478515625,1082.56103515625,21177.056640625,1378.48608398438,813.922424316406,565.628784179688,4,0,0,3,0,0,0,2456.23803710938,7.80638599395752,4.11683988571167,42.4034271240234,Plateau-Mont-Royal,NA,,3743,"c(297579.90625, 5042027.5)"
553,Saint-Joseph,Saint-Laurent,Saint-Joseph,Saint-Laurent,15/10/2003,0,3378.23852539062,38312.890625,2647.6591796875,4200.95263671875,31464.279296875,1836843.75,3096962.75,53726204,1,8.12510967254639,10.553542137146,7.88143110275269,8.34306716918945,10.3566083908081,14.4235591888428,14.9459323883057,17.7994117736816,82.4000015258789,4,20.6000003814697,69.6999969482422,1,1,0,1,1,0,1,1,0.5,0,463.980529785156,11866.556640625,1023.82482910156,17978.8671875,878.111938476562,8467.466796875,1012.32116699219,5,0,0,0,0,0,0,2772.39892578125,7.92746829986572,3.83128905296326,33.7823867797852,Plateau-Mont-Royal,NA,,3750,"c(297663.25, 5042499.5)"
554,Saint-Joseph,Saint-Urbain,Saint-Joseph,Saint-Urbain,06/10/2003,0,1784.06164550781,40332.59765625,5981.15576171875,1187.93127441406,33163.51171875,3022545.5,626613,30996356,1,7.48664808273315,10.6049146652222,8.69636917114258,7.07996892929077,10.4092063903809,14.92160987854,13.3480844497681,17.2493801116943,84.5999984741211,4,21.2000007629395,69.1999969482422,1,1,0,1,1,0,1,1,1,22944.19140625,410.377380371094,10717.318359375,272.144989013672,5.18747282028198,730.039794921875,6665.90234375,371.49951171875,4,0,0,0,0,0,0,2714.56909179688,7.90638828277588,4.03325986862183,17.8406162261963,Plateau-Mont-Royal,NA,,3751,"c(297580.28125, 5042366.5)"
556,Saint-Laurent,Villeneuve,Saint-Laurent,Villeneuve,09/10/2003,0,4803.33935546875,20017.826171875,860.607299804688,716.343627929688,18440.875,909652.375,743965.75,37713660,0,8.47706699371338,9.90437793731689,6.7576379776001,6.57416009902954,9.82232475280762,13.720817565918,13.5197496414185,17.4455337524414,52.0999984741211,4,13,45.4000015258789,0,0,0,0,0,0,1,1,1,0,1038.55993652344,2114.20874023438,1764.02453613281,17903.6171875,943.10400390625,0,1057.65100097656,2,0,0,0,0,0,0,2599.4580078125,7.86305809020996,2.00178265571594,48.0333938598633,Plateau-Mont-Royal,NA,,3753,"c(297820.8125, 5042397)"
559,Saint-Urbain,Villeneuve,Saint-Urbain,Villeneuve,07/10/2003,0,3151.00830078125,25765.150390625,1163.68371582031,1775.36352539062,22826.103515625,836640.25,1511344.5,37901796,1,8.0554780960083,10.1567783355713,7.05934619903564,7.48176002502441,10.0356597900391,13.6371488571167,14.2285099029541,17.4505081176758,62.9000015258789,4,15.6999998092651,50.4000015258789,0,0,0,0,0,0,1,1,1,22318.85546875,953.3427734375,2595.90966796875,524.529968261719,0,719.792907714844,850.384216308594,953.3427734375,3,0,0,0,0,0,0,2540.65795898438,7.84017848968506,2.57651495933533,31.510082244873,Plateau-Mont-Royal,NA,,3756,"c(297733.71875, 5042264.5)"
558,Saint-Urbain,Saint-Viateur,Saint-Urbain,Saint-Viateur,07/10/2003,0,5245.29931640625,30300.533203125,2745.09985351562,2232.88012695312,25322.552734375,2686060.5,3631191,86128912,8,8.56508827209473,10.3189210891724,7.91757297515869,7.7110481262207,10.1394510269165,14.8035860061646,15.1050710678101,18.2713565826416,65.0999984741211,4,16.2999992370605,54.2000007629395,0,0,0,0,0,1,1,1,1,23567.080078125,1657.82092285156,3128.021484375,486.243103027344,0,2201.49438476562,3605.43017578125,899.741149902344,2,0,0,0,0,0,0,3388.06811523438,8.12801551818848,3.03005337715149,52.4529914855957,Plateau-Mont-Royal,NA,,3757,"c(296990, 5042750.5)"
543,Parc,Saint-Viateur,Parc,Saint-Viateur,01/10/2003,0,8140.74951171875,36941.15234375,1457.47338867188,4135.3916015625,31348.28515625,2848389,8687786,122467480,6,9.00463771820068,10.5170812606812,7.28446006774902,8.32733726501465,10.3529148101807,14.8622636795044,15.9774293899536,18.6233558654785,65,4,16.2000007629395,56.5999984741211,0,1,0,1,1,0,0,0,0.5,13379.5048828125,1579.83459472656,3777.3271484375,3094.48168945312,16244.0205078125,2262.38452148438,3540.298828125,1204.04870605469,6,0,0,0,0,0,0,3318.46899414062,8.10725879669189,3.69411516189575,81.4074935913086,Plateau-Mont-Royal,NA,,3759,"c(296815.125, 5042481.5)"
532,Jeanne-Mance,Saint-Joseph,Jeanne-Mance,Saint-Joseph,27/10/2003,0,1909.33471679688,16288.6640625,1016.74462890625,1229.43103027344,14042.48828125,561896.8125,763305.75,11950061,0,7.55451011657715,9.6982250213623,6.92436122894287,7.11430692672729,9.54984283447266,13.2390737533569,13.5454139709473,16.2962474822998,73.0999984741211,4,18.2999992370605,61.2999992370605,1,0,0,0,0,0,0,0,1,0,682.522399902344,8061.33251953125,397.418090820312,25.9373626708984,375.819274902344,8201.39453125,453.575012207031,4,0,0,0,0,0,0,2657.25390625,7.88504838943481,1.62886643409729,19.0933475494385,Plateau-Mont-Royal,NA,,3780,"c(297476.5625, 5042205.5)"
542,Parc,Saint-Joseph,Parc,Saint-Joseph,01/10/2003,0,3577.63500976562,47970.54296875,2476.19189453125,6132.4833984375,39361.8671875,3153817.25,6308389,76476864,2,8.18245697021484,10.7783422470093,7.81447696685791,8.72135543823242,10.5805530548096,14.9641237258911,15.6573905944824,18.1524982452393,83.3000030517578,4,20.7999992370605,75.5,1,1,0,1,1,0,0,0,1,13878.7783203125,724.729919433594,7473.9638671875,1066.0048828125,21867.14453125,1326.75427246094,4750.6572265625,460.14599609375,6,0,0,0,0,0,0,2631.72509765625,7.87539482116699,4.79705429077148,35.7763519287109,Plateau-Mont-Royal,NA,,3781,"c(297426.0625, 5042123.5)"
525,Duluth,Saint-Laurent,Duluth,Saint-Laurent,07/10/2003,0,6880.1484375,19663.26953125,1626.17333984375,1367.57702636719,16669.51953125,2411350.25,2995004.75,49790764,2,8.83639526367188,9.88650798797607,7.3939847946167,7.22079610824585,9.72133731842041,14.6956968307495,14.9124555587769,17.7233390808105,37.7999992370605,4,9.5,39,0,1,0,1,0,1,1,1,1,24.8650360107422,1481.70141601562,19.8920288085938,2190.00830078125,16415.896484375,1397.47033691406,3202.61669921875,1810.96838378906,3,0,0,0,1,0,0,1794.76000976562,7.49262666702271,1.96632695198059,68.8014831542969,Plateau-Mont-Royal,NA,,3825,"c(298597.71875, 5041897)"
526,Duluth,Saint-Urbain,Duluth,Saint-Urbain,17/10/2003,0,2062.51440429688,24015.322265625,1184.17749023438,775.840393066406,22055.3046875,290784.8125,517035.78125,27770494,0,7.63168096542358,10.086446762085,7.07680416107178,6.65394687652588,10.0013084411621,12.5803394317627,13.1558666229248,17.1394844055176,49.0999984741211,4,12.3000001907349,43.7000007629395,0,1,0,1,0,1,1,1,1,20621.021484375,658.584899902344,0,244.504577636719,40.8337059020996,670.415771484375,3353.46801757812,489.009155273438,2,0,0,0,0,0,0,1706.19494628906,7.44202089309692,2.40153217315674,20.6251449584961,Plateau-Mont-Royal,NA,,3830,"c(298511.90625, 5041763.5)"
311,Durocher,Sherbrooke,Durocher,Sherbrooke,09/04/2009,1,4815.0888671875,26053.501953125,499.650909423828,691.37744140625,24862.474609375,1601474,2215993,39541500,0,8.47951030731201,10.1679067611694,6.21391010284424,6.53868579864502,10.121114730835,14.2864351272583,14.6112108230591,17.4928607940674,50.5999984741211,3,16.8999996185303,44.9000015258789,0,0,1,1,0,0,1,1,1,0,3205.18579101562,14160.6494140625,464.613861083984,0,19.4942874908447,11892.853515625,1125.79504394531,2,0,0,2,0,1,0,568.476989746094,6.34296083450317,2.60535025596619,48.1508903503418,Plateau-Mont-Royal,NA,,3832,"c(299165.53125, 5040786.5)"
309,Durocher,Milton,Durocher,Milton,09/04/2009,0,12349.630859375,3751.25512695312,209.156188964844,784.335754394531,2757.76318359375,115864.71875,5872659.5,12888928,2,9.4213809967041,8.22984600067139,5.34308099746704,6.66483688354492,7.92217493057251,11.6601791381836,15.5858182907104,16.3718795776367,40.4000015258789,4,10.1000003814697,33.9000015258789,0,0,0,0,0,0,1,1,1,0,7487.4306640625,2606.70581054688,953.595581054688,1144.54919433594,3354.64184570312,0,553.962646484375,1,0,0,0,0,0,0,756.765991210938,6.62905406951904,0.375125527381897,123.496307373047,Plateau-Mont-Royal,NA,,3833,"c(298961.125, 5040924.5)"
310,Durocher,Prince-Arthur,Durocher,Prince-Arthur,09/04/2009,0,5432.408203125,9617.3115234375,2382.056640625,1156.1689453125,6079.0859375,4767480.5,574736.5625,8482331,0,8.60013771057129,9.17131996154785,7.77572011947632,7.05286693572998,8.71261024475098,15.3773279190063,13.2616672515869,15.9534959793091,44.7000007629395,4,11.1999998092651,37.2000007629395,0,0,0,0,0,0,0,0,1,0,2001.41345214844,0,497.104339599609,1748.77819824219,2355.55981445312,7868.53369140625,578.330505371094,1,0,0,0,0,0,0,929.129028320312,6.83424758911133,0.961731135845184,54.3240814208984,Plateau-Mont-Royal,NA,,3834,"c(298795.0625, 5041035.5)"
320,Hutchison,Sherbrooke,Hutchison,Sherbrooke,28/04/2009,0,3674.84106445312,27405.072265625,878.035888671875,2474.98779296875,24052.048828125,390017.875,884366.875,19278084,2,8.20926475524902,10.2184829711914,6.77768707275391,7.8139910697937,10.0879745483398,12.873948097229,13.692626953125,16.7744808197021,51.9000015258789,3,17.2999992370605,46.2000007629395,0,1,0,1,0,0,1,1,0.5,3353.02368164062,2871.6865234375,12233.072265625,444.193542480469,0,1.63909101486206,11818.9765625,357.321746826172,4,0,0,3,0,0,0,640.931030273438,6.46292161941528,2.74050712585449,36.7484092712402,Plateau-Mont-Royal,NA,,3853,"c(299198.4375, 5040863)"
318,Hutchison,Milton,Hutchison,Milton,30/03/2009,1,8411.6318359375,4610.5810546875,690.483154296875,869.125610351562,3050.97216796875,2012704.5,552749.0625,13853939,0,9.0373706817627,8.43610858917236,6.53739213943481,6.7674880027771,8.02321624755859,14.5149898529053,13.2226591110229,16.4440803527832,48.5,4,12.1000003814697,37.9000015258789,0,0,0,1,1,0,1,1,1,2583.29028320312,3999.5,2027.29064941406,861.226928710938,0,2914.921875,0,635.982971191406,1,0,0,0,0,0,0,808.543029785156,6.6952338218689,0.461058109998703,84.1163177490234,Plateau-Mont-Royal,NA,,3855,"c(299002.4375, 5040994.5)"
1498,Hutchison,Prince-Arthur,Hutchison,Prince-Arthur,09/07/2009,0,4690.48681640625,6884.9521484375,384.470764160156,2311.00366210938,4189.4775390625,253392.390625,4097493.25,7152205.5,0,8.45329189300537,8.83709335327148,5.95186805725098,7.74543714523315,8.34033107757568,12.4426946640015,15.2258863449097,15.7829313278198,47.5999984741211,4,11.8999996185303,43,0,0,0,0,0,0,1,1,1,1142.96472167969,1572.45031738281,0,659.067993164062,0,1773.03625488281,5741.9873046875,685.932189941406,1,0,0,0,0,0,0,967.182006835938,6.87438678741455,0.688495218753815,46.9048690795898,Plateau-Mont-Royal,NA,,3856,"c(298840.71875, 5041101.5)"
326,Jeanne-Mance,Sherbrooke,Jeanne-Mance,Sherbrooke,28/04/2009,0,6338.36328125,27920.775390625,1098.50341796875,3393.28295898438,23428.98828125,2360240,6477518,65376724,8,8.75437641143799,10.2371263504028,7.00170421600342,8.12955284118652,10.0617294311523,14.6742744445801,15.6838483810425,17.995677947998,73.1999969482422,4,18.2999992370605,60.7999992370605,0,1,0,1,0,0,1,1,0.5,0,2874.96484375,12192.8134765625,1360.44519042969,4949.9755859375,763.816162109375,10777.986328125,1339.13696289062,4,0,0,2,0,0,0,824.606018066406,6.71490573883057,2.79207754135132,63.3836326599121,Plateau-Mont-Royal,NA,,3857,"c(299268.5625, 5041048.5)"
322,Jeanne-Mance,Milton,Jeanne-Mance,Milton,01/04/2009,0,4205.52099609375,7190.9658203125,615.86572265625,1073.36596679688,5501.73388671875,494544.21875,1656860.375,12456424,1,8.34415340423584,8.88058090209961,6.42302894592285,6.97855520248413,8.61281871795654,13.1113920211792,14.3204345703125,16.3377475738525,47.2999992370605,4,11.8000001907349,39.5,0,0,0,0,0,0,1,1,1,0,1543.61169433594,2975.70678710938,776.732299804688,4215.2587890625,1082.17041015625,0,803.006530761719,2,0,0,0,0,0,0,934.5419921875,6.84005641937256,0.719096601009369,42.0552101135254,Plateau-Mont-Royal,NA,,3858,"c(299095.125, 5041146)"
324,Jeanne-Mance,Prince-Arthur,Jeanne-Mance,Prince-Arthur,01/04/2009,0,5737.6376953125,6801.89501953125,400.801513671875,1120.28918457031,5280.80419921875,756898.125,704594.3125,17325402,1,8.65480327606201,8.8249568939209,5.99346590042114,7.0213418006897,8.57183361053467,13.5369844436646,13.4653768539429,16.6676845550537,53.7999992370605,4,13.5,43,0,0,0,0,0,0,1,1,1,0,1888.46118164062,0,628.939697265625,4412.72705078125,2648.77197265625,2389.16796875,571.464782714844,1,0,0,0,0,0,0,1070.2060546875,6.9756064414978,0.680189490318298,57.3763771057129,Plateau-Mont-Royal,NA,,3859,"c(298938.125, 5041248.5)"
536,Marie-Anne,Saint-Laurent,Marie-Anne,Saint-Laurent,08/10/2003,0,4601.4599609375,17837.658203125,706.04248046875,1331.39440917969,15800.2216796875,771383.5,1748835.375,35160480,2,8.4341287612915,9.78906726837158,6.5596752166748,7.19398212432861,9.66777896881104,13.5559406280518,14.3744611740112,17.3754329681396,43.4000015258789,4,10.8999996185303,39.9000015258789,0,1,0,1,0,1,1,1,1,0,1092.8466796875,257.201202392578,1365.09973144531,15739.7041015625,1119.68859863281,1840.75354003906,1023.82482910156,3,0,0,1,0,0,0,2158.2880859375,7.67707061767578,1.78376579284668,46.0145988464355,Plateau-Mont-Royal,NA,,3872,"c(298233.90625, 5042129.5)"
537,Marie-Anne,Saint-Urbain,Marie-Anne,Saint-Urbain,07/10/2003,0,1944.97241210938,24601.466796875,1556.55126953125,164.109237670898,22880.806640625,471451.46875,60318.9765625,21386658,0,7.57300281524658,10.1105613708496,7.35022783279419,5.10053205490112,10.0380544662476,13.0635709762573,11.0074024200439,16.8782787322998,47.5999984741211,4,11.8999996185303,42.7999992370605,0,1,0,1,0,1,1,1,1,24278.220703125,566.6455078125,9.94601440429688,302.466186523438,0,367.553833007812,313.299438476562,708.306884765625,2,0,0,0,0,0,0,2088.18408203125,7.64405012130737,2.46014666557312,19.4497241973877,Plateau-Mont-Royal,NA,,3874,"c(298147.0625, 5041999)"
349,Milton,Saint-Urbain,Milton,Saint-Urbain,01/04/2009,0,3642.26684570312,16960.748046875,232.660400390625,1833.91137695312,14894.17578125,134867.53125,2059893,27782652,3,8.20036220550537,9.73865699768066,5.44958019256592,7.51420593261719,9.60872554779053,11.812047958374,14.5381650924683,17.1399211883545,60.5999984741211,4,15.1999998092651,47.9000015258789,0,0,0,0,0,0,1,1,1,15355.5859375,1295.64855957031,1605.16125488281,643.718933105469,0,579.675476074219,0,1123.22387695312,2,0,0,2,0,0,0,1085.91101074219,6.99017477035522,1.69607484340668,36.4226684570312,Plateau-Mont-Royal,NA,,3876,"c(299220.03125, 5041309.5)"
348,Milton,Parc,Milton,Parc,01/04/2009,0,10054.82421875,18632.3828125,1055.76989746094,1431.15466308594,16145.4580078125,2596345.25,2737585.75,92620816,7,9.21580791473389,9.83265590667725,6.96202611923218,7.26623678207397,9.68939399719238,14.7696151733398,14.8225870132446,18.3440246582031,56.5,4,14.1000003814697,52.5999984741211,0,0,0,0,0,0,1,1,1,12651.642578125,3154.55126953125,2387.212890625,2906.58813476562,3593.52783203125,2686.54125976562,0,1307.1435546875,3,0,0,1,0,0,0,866.468994140625,6.76442623138428,1.86323833465576,100.548240661621,Plateau-Mont-Royal,NA,,3878,"c(299043.125, 5041066)"
298,Bleury,Parc/Sherbrooke,Bleury,Parc/Sherbrooke,13/03/2009,0,5633.95556640625,37478.0390625,4615.11328125,4662.52880859375,28200.39453125,9423674,5845721,86054912,5,8.63656711578369,10.5315103530884,8.43709182739258,8.44731330871582,10.247091293335,16.0587368011475,15.5812196731567,18.2704963684082,74.8000030517578,4,18.7000007629395,63.9000015258789,0,0,0,0,0,0,1,1,1,12715.2685546875,2030.16064453125,10429.4443359375,2064.74609375,0,159.092666625977,14333.32421875,1379.95593261719,4,0,0,0,0,0,0,716.765014648438,6.57474803924561,3.7478039264679,56.3395538330078,Plateau-Mont-Royal,NA,,3881,"c(299230.3125, 5040940.5)"
549,Prince-Arthur,Saint-Urbain,Prince-Arthur,Saint-Urbain,09/10/2003,0,7544.83203125,20584.931640625,1024.76940917969,1417.76342773438,18142.3984375,766910.8125,3594467,95792184,4,8.92861843109131,9.9323148727417,6.93222284317017,7.2568359375,9.80600738525391,13.5501260757446,15.0949058532715,18.3776912689209,56.2000007629395,4,14.1000003814697,49,0,1,0,1,0,1,1,1,1,17077.83203125,3195.86254882812,0,748.3740234375,0,2535.30786132812,3507.09912109375,1065.28747558594,2,0,0,1,0,0,0,1211.65600585938,7.09974336624146,2.05849313735962,75.4483184814453,Plateau-Mont-Royal,NA,,3892,"c(299047.53125, 5041419)"
355,Parc,Prince-Arthur,Parc,Prince-Arthur,01/04/2009,0,7670.4365234375,19042.9609375,2232.7578125,1268.87890625,15541.3232421875,4195691,2764988.25,67637096,2,8.94512939453125,9.85445308685303,7.71099281311035,7.1458888053894,9.65125846862793,15.249568939209,14.8325471878052,18.0296669006348,60.0999984741211,4,15,50.7999992370605,0,0,0,0,0,0,1,1,1,11543.083984375,2041.18017578125,0,1527.19030761719,3640.45092773438,2425.44091796875,3859.42529296875,1676.62512207031,3,0,0,0,0,0,0,1013.06402587891,6.92073488235474,1.90429604053497,76.7043685913086,Plateau-Mont-Royal,NA,,3894,"c(298885.5, 5041170.5)"
550,Rachel,Saint-Laurent,Rachel,Saint-Laurent,22/03/2006,0,5823.5166015625,21214.013671875,1517.20007324219,3316.896484375,16379.916015625,2027998.875,5337835,42382900,4,8.66965961456299,9.96241664886475,7.32462215423584,8.10678482055664,9.7038106918335,14.5225601196289,15.490330696106,17.562255859375,62.0999984741211,4,15.5,53.4000015258789,0,1,0,1,1,1,1,1,1,4.8706259727478,1158.21728515625,4955.8623046875,2344.23168945312,13774.130859375,924.257385253906,2479.14868164062,1396.81005859375,3,0,0,0,0,0,0,1973.30700683594,7.5874662399292,2.12140130996704,58.235164642334,Plateau-Mont-Royal,NA,,3896,"c(298416.90625, 5042014)"
551,Rachel,Saint-Urbain,Rachel,Saint-Urbain,14/06/2006,0,1341.53967285156,17564.154296875,3215.744140625,605.26220703125,13743.1474609375,668737.3125,26973.48828125,15082850,4,7.20157289505005,9.77361488342285,8.07581424713135,6.40566205978394,9.52829647064209,13.4131469726562,10.2026100158691,16.5290699005127,55.5999984741211,4,13.8999996185303,49,0,0,0,0,0,1,0,1,1,15468.837890625,809.5498046875,2095.31591796875,129.527969360352,0,360.827911376953,0,41.6339874267578,2,0,0,0,0,0,0,1894.7080078125,7.54682016372681,1.75641548633575,13.4153966903687,Plateau-Mont-Royal,NA,,3898,"c(298330.75, 5041882.5)"
500,Pins,Saint-Denis,Pins,Saint-Denis,27/04/2009,0,3503.15405273438,33092.51953125,6878.46435546875,6014.61962890625,20199.43359375,12442206,6387542.5,15698287,2,8.16141891479492,10.4070625305176,8.83615112304688,8.70194816589355,9.91341018676758,16.3366050720215,15.6698598861694,16.5690612792969,60.7000007629395,4,15.1999998092651,49.7999992370605,0,1,1,1,0,0,0,0,0.5,15767.1845703125,449.405670166016,50.4582214355469,5.52547883987427,10376.228515625,326.003295898438,6898.64794921875,2722.21948242188,6,0,0,3,0,0,1,1887.251953125,7.54287719726562,3.3092520236969,35.0315399169922,Plateau-Mont-Royal,NA,,3907,"c(299192.625, 5042110.5)"
371,Saint-Urbain,Sherbrooke,Saint-Urbain,Sherbrooke,16/03/2009,0,3925.6806640625,32735.7265625,3685.25317382812,2023.27624511719,27027.197265625,2702288.25,2155937.25,51902596,8,8.27529525756836,10.396222114563,8.21209526062012,7.61247301101685,10.2045993804932,14.809609413147,14.5837364196777,17.7648792266846,74.3000030517578,4,18.6000003814697,57.5999984741211,0,1,0,1,1,0,1,1,0,12607.33984375,1302.25085449219,11419.06640625,651.125427246094,0,802.549926757812,8709.3212890625,1169.75439453125,4,0,0,1,0,0,0,1025.02905273438,6.93247604370117,3.27357268333435,39.2568054199219,Plateau-Mont-Royal,NA,,3915,"c(299327.1875, 5041246)"
286,Atwater,Maisonneuve,Atwater,Maisonneuve,25/05/2009,0,11258.0322265625,25567.572265625,3990.146484375,1597.60974121094,19979.814453125,6689119,5103928.5,123089704,9,9.32883739471436,10.1490802764893,8.29158306121826,7.3762640953064,9.90247821807861,15.7159929275513,15.4455213546753,18.6284236907959,75.0999984741211,4,18.7999992370605,66.8000030517578,0,1,0,1,1,0,1,1,0,8912.8779296875,4583.50537109375,4705.5810546875,3310.78393554688,11949.1123046875,1722.01770019531,0,1641.72521972656,5,0,0,0,0,0,0,1748.48596191406,7.46650552749634,2.55675721168518,112.580322265625,Ville-Marie,NA,,3929,"c(298095.46875, 5038908.5)"
288,Aylmer,Maisonneuve,Aylmer,Maisonneuve,30/03/2009,0,11803.541015625,10885.1455078125,1718.17907714844,931.349365234375,8235.6171875,3187136.75,4127009.25,54116444,4,9.37615489959717,9.29515361785889,7.44901990890503,6.83663415908813,9.0162239074707,14.9746332168579,15.2330636978149,17.8066482543945,50.7999992370605,4,12.6999998092651,41.4000015258789,0,1,0,1,1,0,1,1,0.5,0,4467.02294921875,3861.88842773438,1697.84741210938,7021.25048828125,3783.71997070312,2.00721907615662,1854.95031738281,2,0,0,2,0,0,0,366.342010498047,5.90356731414795,1.08851456642151,118.03540802002,Ville-Marie,NA,,3940,"c(299277.9375, 5040589)"
289,Aylmer,Président-Kennedy,Aylmer,PrÚsident-Kennedy,30/03/2009,0,7423.5869140625,14654.7021484375,1172.21557617188,2470.88598632812,11011.6005859375,2406898.5,4149683.25,41362196,1,8.91241836547852,9.59251689910889,7.06665086746216,7.81233215332031,9.30670547485352,14.6938495635986,15.2385425567627,17.537878036499,49.9000015258789,4,12.5,41.7999992370605,0,1,0,1,0,0,1,1,0.5,0,1737.59631347656,5736.63037109375,1644.84875488281,6258.50732421875,1817.09411621094,2659.564453125,2224.04760742188,2,0,0,4,0,0,0,405.966003417969,6.00626945495605,1.46547019481659,74.2358703613281,Ville-Marie,NA,,3941,"c(299220.21875, 5040629)"
377,Beaver Hall/Square-Victoria,Viger,Beaver Hall/Square-Victoria,Viger,26/11/2008,0,10498.224609375,21312.302734375,1943.48828125,5178.96484375,14189.849609375,2786649.5,19547588,76480624,1,9.25896072387695,9.96704006195068,7.57223987579346,8.55235958099365,9.56028175354004,14.8403511047363,16.7883625030518,18.1525478363037,44.2999992370605,3,14.8000001907349,51.4000015258789,0,1,0,1,1,0,1,1,0.5,6252.5634765625,3405.36791992188,15059.740234375,1053.80541992188,0,1433.83911132812,0,4605.21240234375,3,0,0,1,1,0,0,618.234008789062,6.42686700820923,2.13123035430908,104.982246398926,Ville-Marie,NA,,3945,"c(299865.5625, 5040226)"
376,Beaver Hall,La Gauchetière,Beaver Hall,La GauchetiÞre,17/03/2009,0,11831.6396484375,15725.2724609375,877.015686035156,2621.51440429688,12226.7431640625,2783998.25,8508013,67350568,2,9.37853336334229,9.66302394866943,6.77652502059937,7.87150716781616,9.41138076782227,14.8393993377686,15.9565191268921,18.0254211425781,64.5999984741211,4,16.2000007629395,47.4000015258789,0,0,0,0,0,0,1,1,1,8461.294921875,2363.2958984375,2991.38623046875,3128.04028320312,4272.591796875,2925.9052734375,0,3414.39819335938,2,0,0,0,0,0,0,537.456970214844,6.28684854507446,1.57252728939056,118.316398620605,Ville-Marie,NA,,3946,"c(299783.65625, 5040258.5)"
293,Bishop,Sainte-Catherine,Bishop,Sainte-Catherine,30/04/2009,0,21045.70703125,11861.8671875,1398.24792480469,1163.91552734375,9299.7041015625,13503991,1747107.125,57417556,3,9.95445156097412,9.38108444213867,7.24297523498535,7.05954504013062,9.13773822784424,16.4184951782227,14.3734722137451,17.8658618927002,61.5,4,15.3999996185303,50.5,0,0,0,0,0,0,1,1,1,0,9657.794921875,0,1501.06018066406,3026.95483398438,8120.9951171875,8834.912109375,1765.85754394531,3,0,0,1,0,0,0,725.0830078125,6.58628606796265,1.18618667125702,210.457077026367,Ville-Marie,NA,,3952,"c(298834.28125, 5039628)"
292,Bishop,Maisonneuve,Bishop,Maisonneuve,03/11/2009,0,9910.564453125,10111.5166015625,1103.10729980469,1180.48669433594,7827.92236328125,2581899.25,4348858.5,33740776,5,9.20135688781738,9.2214298248291,7.00588607788086,7.07368183135986,8.96545219421387,14.7640361785889,15.2854242324829,17.3342170715332,61.4000015258789,4,15.3000001907349,50.2000007629395,0,1,0,1,1,0,1,1,1,0,3683.95385742188,6633.03955078125,973.994995117188,3478.47680664062,2912.04638671875,0,2340.56958007812,2,0,0,0,0,0,0,743.901977539062,6.61190938949585,1.01115167140961,99.1056442260742,Ville-Marie,NA,,3953,"c(298697.5625, 5039723)"
437,Bleury / Jean-Paul-Riopel,Viger,Bleury / Jean-Paul-Riopel,Viger,12/11/2008,1,4472.44970703125,19144.919921875,2327.04736328125,3729.1484375,13088.7236328125,2292781.25,2824147,28977758,0,8.4056921005249,9.85979270935059,7.75235509872437,8.2239351272583,9.47950553894043,14.6452760696411,14.8537168502808,17.1820392608643,53.9000015258789,4,13.5,46,1,0,0,1,1,0,1,1,0.5,9399.9501953125,1334.26696777344,9091.634765625,1309.37390136719,653.335021972656,1072.06030273438,0,756.748413085938,3,1,1,0,0,0,0,756.786987304688,6.62908172607422,1.91449201107025,44.7244987487793,Ville-Marie,NA,,3955,"c(299973.875, 5040435.5)"
435,Bleury,La Gauchetière,Bleury,La GauchetiÞre,17/03/2009,0,8956.2685546875,10186.728515625,183.029357910156,2257.36206054688,7746.33642578125,222288.234375,5870958,35752860,0,9.1001091003418,9.22884082794189,5.2096471786499,7.72195196151733,8.95497512817383,12.3117303848267,15.5855283737183,17.3921413421631,43.4000015258789,4,10.8999996185303,39.2000007629395,0,0,0,0,0,0,1,1,1,9471.76953125,3422.82055664062,714.958435058594,1718.14807128906,0,1214.49487304688,0,2600.8046875,2,0,0,0,0,0,0,703.383972167969,6.55590295791626,1.01867282390594,89.5626831054688,Ville-Marie,NA,,3956,"c(299900.125, 5040486)"
411,Bleury,René-Lévesque,Bleury,RenÚ-LÚvesque,03/12/2008,0,13440.8603515625,42653.1796875,7320.27880859375,4009.353515625,31323.544921875,16800816,10420743,155656368,6,9.50605487823486,10.6608572006226,8.89840412139893,8.29638481140137,10.3521251678467,16.6369380950928,16.159309387207,18.8631610870361,96.3000030517578,4,24.1000003814697,81.8000030517578,1,1,0,1,0,0,1,1,1,11810.9814453125,6568.64208984375,13630.6689453125,1902.95031738281,0,2929.81005859375,17211.52734375,2039.45751953125,6,0,0,1,0,0,0,618.658996582031,6.4275541305542,4.26531791687012,134.408599853516,Ville-Marie,NA,,3959,"c(299744.40625, 5040592.5)"
297,Bleury,Sainte-Catherine,Bleury,Sainte-Catherine,30/09/2009,0,20269.404296875,13384.2587890625,826.119567871094,930.786315917969,11627.3525390625,1471000.25,9017048,134550544,4,9.91686820983887,9.50183486938477,6.71674013137817,6.83603000640869,9.36111640930176,14.2014532089233,16.014627456665,18.7174491882324,50.2000007629395,4,12.6000003814697,43.7999992370605,0,0,0,0,0,0,1,1,1,8264.93359375,5588.48681640625,0,1780.61413574219,0,9687.5595703125,5119.32470703125,3212.74340820312,2,0,0,0,0,0,0,583.135986328125,6.36842060089111,1.33842587471008,202.694046020508,Ville-Marie,NA,,3961,"c(299568.71875, 5040710.5)"
295,Bleury,Maisonneuve,Bleury,Maisonneuve,13/02/2009,0,9362.9921875,17784.958984375,1351.2451171875,2200.59912109375,14233.115234375,1720499.375,8999276,60471588,4,9.1445198059082,9.78610801696777,7.20878219604492,7.69648504257202,9.56332683563232,14.3581247329712,16.0126552581787,17.9176845550537,64.4000015258789,4,16.1000003814697,51.5999984741211,0,1,0,1,1,0,1,1,0,11022.2998046875,1601.724609375,6762.66015625,2398.53198242188,0,1273.26965332031,0,4089.46655273438,2,0,0,0,0,0,0,611.612976074219,6.41609954833984,1.77849590778351,93.6299209594727,Ville-Marie,NA,,3963,"c(299420.78125, 5040810.5)"
296,Bleury,Président-Kennedy,Bleury,PrÚsident-Kennedy,31/03/2009,0,9133.13671875,20514.541015625,2745.4404296875,2102.93115234375,15666.169921875,2579585.25,5070272.5,70658912,3,9.11966419219971,9.92888927459717,7.91769695281982,7.65108680725098,9.65925884246826,14.7631387710571,15.4389047622681,18.0733757019043,63,4,15.6999998092651,52.0999984741211,0,0,0,0,0,0,0,0,1,9403.1337890625,2292.54858398438,7725.3642578125,1809.10888671875,0,842.2294921875,3386.04321289062,4189.24951171875,3,0,0,0,0,0,0,632.007995605469,6.44890213012695,2.05145406723022,91.3313674926758,Ville-Marie,NA,,3964,"c(299370.03125, 5040844)"
274,Côte-des-Neiges,The Boulevard,C¶te-des-Neiges,The Boulevard,25/10/2006,0,135.24674987793,20239.322265625,7154.826171875,0,13084.4951171875,0,0,1769635.5,0,4.90710115432739,9.91538333892822,8.87554168701172,0,9.47918319702148,0,0,14.3862838745117,46.2999992370605,3,15.3999996185303,52.0999984741211,0,0,0,0,0,0,1,1,0,2060.38696289062,0,0,0,14593.4462890625,135.24674987793,3585.48852539062,0,4,0,0,0,1,0,0,2089.23095703125,7.64455127716064,2.02393221855164,1.35246753692627,Ville-Marie,NA,,3967,"c(297288.21875, 5039498)"
275,McDougall,The Boulevard,McDougall,The Boulevard,25/10/2006,0,270.493499755859,36770.87109375,7360.1728515625,2918.68920898438,26492.0078125,465632.375,318065.03125,3853440.75,0,5.60024785995483,10.5124607086182,8.90383911132812,7.97888994216919,10.1845979690552,13.0511522293091,12.6700105667114,15.1644773483276,34.5,2,17.2999992370605,45.7000007629395,0,1,0,1,1,1,0,1,0.5,11190.2314453125,20.9865646362305,3530.1142578125,11.6592025756836,14450.3955078125,135.24674987793,7600.12841796875,102.600982666016,4,2,1,0,1,0,0,2131.36596679688,7.66451835632324,3.67708706855774,2.70493507385254,Ville-Marie,NA,,3968,"c(297262.28125, 5039448)"
2303,Chomedey,Maisonneuve,Chomedey,Maisonneuve,26/05/2009,0,4614.1318359375,6499.05224609375,521.176452636719,670.347106933594,5307.5283203125,165600.78125,760273.5625,5445336.5,2,8.43687915802002,8.77941226959229,6.25608921051025,6.50779581069946,8.57688236236572,12.0173349380493,13.5414342880249,15.5102701187134,54.7999992370605,4,13.6999998092651,47.7000007629395,0,1,0,1,1,1,1,1,0.5,0,1134.14904785156,5432.75830078125,377.0361328125,1066.2939453125,2785.20239257812,0,317.744171142578,2,0,0,0,0,0,0,1517.90002441406,7.32508325576782,0.649905204772949,46.1413192749023,Ville-Marie,NA,,3987,"c(298241.03125, 5039087.5)"
315,City Councillors,Président-Kennedy,City Councillors,PrÚsident-Kennedy,30/03/2009,0,5636.77734375,11973.05859375,1378.95910644531,1180.24450683594,9413.8544921875,2006564.875,1349426.875,22402288,2,8.6370677947998,9.39041423797607,7.22908401489258,7.07347679138184,9.14993762969971,14.5119352340698,14.1151914596558,16.9246730804443,58.2999992370605,4,14.6000003814697,48.5999984741211,0,1,0,1,0,0,0,0,1,1953.02355957031,1873.87841796875,6128.0380859375,1434.74731445312,0,1468.81774902344,3891.99658203125,859.334106445312,2,0,0,2,0,0,0,457.148986816406,6.12500953674316,1.19730591773987,56.3677749633789,Ville-Marie,NA,,3992,"c(299256.21875, 5040681)"
302,Lambert-Closse,Sainte-Catherine,Lambert-Closse,Sainte-Catherine,11/05/2009,0,11855.955078125,10390.279296875,1198.20727539062,583.592834472656,8608.4794921875,994821.8125,2646985.5,23573442,6,9.38058567047119,9.24862575531006,7.08858203887939,6.36920404434204,9.06050300598145,13.8103189468384,14.7889318466187,16.9756317138672,74.5999984741211,4,18.7000007629395,53.7000007629395,1,0,0,0,0,1,1,1,0,2196.71337890625,5545.30712890625,0,830.258544921875,0,4535.67138671875,8193.56640625,944.718017578125,3,0,0,2,0,0,0,1636.72094726562,7.40045022964478,1.03902792930603,118.559547424316,Ville-Marie,NA,,3996,"c(298266.0625, 5038914)"
301,Lambert-Closse,Maisonneuve,Lambert-Closse,Maisonneuve,11/05/2009,0,5340.3046875,7443.232421875,1041.16064453125,630.125183105469,5771.94677734375,2433217.5,191612.53125,9451354,2,8.58303833007812,8.91506099700928,6.94809103012085,6.44591808319092,8.66076469421387,14.7047252655029,12.1632308959961,16.0616683959961,54.9000015258789,4,13.6999998092651,48.4000015258789,0,1,0,1,1,1,1,1,1,1882.6201171875,2157.64721679688,5560.6123046875,541.547241210938,0,2337.02392578125,0,304.086456298828,2,0,0,0,0,0,0,1634.43395996094,7.39905166625977,0.744323253631592,53.4030456542969,Ville-Marie,NA,,3997,"c(298166.96875, 5038997.5)"
271,Côte-des-Neiges,Docteur-Penfield (int. sud),C¶te-des-Neiges,Docteur-Penfield (int. sud),09/08/2004,0,7823.6796875,55200.00390625,6998.02734375,14927.3095703125,33274.66796875,2238971.75,22174962,138927120,0,8.96490955352783,10.9187183380127,8.85338401794434,9.61094760894775,10.4125518798828,14.6215267181396,16.9144744873047,18.7494602203369,130.399993896484,4,32.5999984741211,53.5999984741211,1,0,0,0,1,1,1,1,0,0,319.943267822266,0,2551.01440429688,18249.330078125,1168.85949707031,36950.671875,3783.86254882812,6,1,1,0,0,0,0,1366.72595214844,7.22017335891724,5.52000045776367,78.2367935180664,Ville-Marie,NA,,4005,"c(298026.53125, 5039609.5)"
1054,Côte-des-Neiges,Pins,C¶te-des-Neiges,Pins,15/09/2004,0,1824.61535644531,16650.23046875,0,0,16650.23046875,0,0,30380264,1,7.50912380218506,9.72017860412598,0,0,9.72017860412598,0,0,17.2293033599854,8.19999980926514,1,8.19999980926514,23.7000007629395,0,0,0,0,0,0,1,1,0,0,0,16650.23046875,1817.43176269531,0,0,0,7.18352508544922,3,0,0,0,1,0,0,1454.8310546875,7.2826452255249,1.6650230884552,18.2461528778076,Ville-Marie,NA,,4007,"c(297927.53125, 5039612)"
524,Côte-Sainte-Catherine,Parc,C¶te-Sainte-Catherine,Parc,05/06/2008,0,1264.63647460938,46939.54296875,8213.2099609375,7680.72265625,31045.609375,8193138.5,955994.4375,6732552.5,1,7.14253997802734,10.7566156387329,9.01349925994873,8.9464693069458,10.3432130813599,15.9188079833984,13.7705068588257,15.7224645614624,85.0999984741211,3,28.3999996185303,77.1999969482422,1,0,0,0,0,0,1,1,0,12749.72265625,139.246978759766,0,50.2202224731445,26924.021484375,77.6130676269531,7265.79736328125,997.556213378906,6,1,1,0,0,0,0,2082.39794921875,7.64127540588379,4.69395446777344,12.6463651657104,Ville-Marie,NA,,4018,"c(297901.9375, 5041813.5)"
413,Crescent,Lucien-L'Allier/René-Lévesque,Crescent,Lucien-L'Allier/RenÚ-LÚvesque,14/07/2009,0,4669.2998046875,34472.8125,6666.619140625,1538.92785644531,26267.265625,9399818,1736924.75,56478124,4,8.44876384735107,10.447925567627,8.8048677444458,7.3388409614563,10.1760787963867,16.0562019348145,14.3676271438599,17.8493633270264,78,4,19.5,68.8000030517578,1,0,0,0,0,0,1,1,1,5419.3427734375,1123.95678710938,17451.525390625,1261.28918457031,0,1452.83166503906,11601.9443359375,831.222106933594,5,0,0,1,0,0,0,696.221008300781,6.54566717147827,3.44728136062622,46.6929969787598,Ville-Marie,NA,,4019,"c(299087.3125, 5039546.5)"
305,Crescent,Sainte-Catherine,Crescent,Sainte-Catherine,14/09/2009,0,20305.140625,13286.30078125,1061.20617675781,1020.68731689453,11204.4072265625,1530345,8228507,81875752,6,9.91862869262695,9.49448871612549,6.96716117858887,6.92823219299316,9.32406234741211,14.2410039901733,15.9231147766113,18.2207126617432,59.2000007629395,4,14.8000001907349,50.2000007629395,0,0,0,0,0,0,1,1,1,4289.2021484375,8804.1884765625,0,1442.08081054688,0,8061.7314453125,8997.0986328125,1997.13903808594,3,0,0,0,0,0,0,638.955993652344,6.45983552932739,1.32863008975983,203.051406860352,Ville-Marie,NA,,4020,"c(298883.0625, 5039699)"
304,Crescent,Maisonneuve,Crescent,Maisonneuve,14/09/2009,0,13267.857421875,10370.8779296875,2259.404296875,694.607666015625,7416.8662109375,8899682,1384748.625,41445060,2,9.4931001663208,9.2467565536499,7.72285604476929,6.54334688186646,8.91151237487793,16.0015258789062,14.1410293579102,17.5398788452148,57.4000015258789,4,14.3999996185303,57.2999992370605,0,1,0,1,1,0,1,1,1,2942.43505859375,5350.69091796875,7428.44287109375,1984.64587402344,0,3938.95092773438,0,1993.56958007812,2,0,0,0,0,0,0,660.664001464844,6.49324560165405,1.03708779811859,132.678573608398,Ville-Marie,NA,,4021,"c(298744.65625, 5039795.5)"
2,Docteur-Penfield,Peel,Docteur-Penfield,Peel,18/02/2009,0,11925.24609375,26117.84375,3634.92504882812,3428.05932617188,19054.859375,10269155,10042212,110851416,1,9.38641262054443,10.170373916626,8.19834423065186,8.13974952697754,9.85507678985596,16.1446552276611,16.1223087310791,18.5237007141113,57,4,14.3000001907349,44.9000015258789,0,1,0,1,0,1,1,1,0,7126.310546875,3163.84057617188,6.33262205123901,2364.47119140625,4415.9482421875,3707.9658203125,14569.251953125,2688.9677734375,4,0,0,1,0,0,0,678.065979003906,6.51924467086792,2.6117844581604,119.252464294434,Ville-Marie,NA,,4025,"c(298588.53125, 5040384.5)"
1422,Docteur-Penfield,Drummond,Docteur-Penfield,Drummond,01/06/2009,0,2751.83935546875,19164.427734375,691.176086425781,3579.64477539062,14893.607421875,462243.84375,3091363.5,19359144,0,7.92002487182617,9.86081123352051,6.53839492797852,8.18301868438721,9.60868740081787,13.0438480377197,14.9441232681274,16.7786750793457,63.4000015258789,4,15.8999996185303,48.5999984741211,0,0,0,0,0,1,1,1,1,793.995666503906,510.299865722656,0,833.489807128906,2989.38427734375,950.669738769531,15381.0478515625,457.3798828125,4,0,0,0,0,0,0,790.596008300781,6.67278718948364,1.91644275188446,27.5183944702148,Ville-Marie,NA,,4027,"c(298456.75, 5040229)"
276,Docteur-Penfield,Montagne,Docteur-Penfield,Montagne,18/02/2009,0,2036.017578125,17729.23046875,306.076721191406,2803.24072265625,14619.9130859375,131961.375,1769096.75,8136275.5,0,7.61875104904175,9.7829704284668,5.72383594512939,7.93853092193604,9.5901403427124,11.7902641296387,14.3859796524048,15.9118432998657,56.5999984741211,4,14.1999998092651,47.2999992370605,0,0,0,0,0,1,1,1,1,363.070343017578,532.253356933594,0,306.688751220703,1574.71203613281,971.510803222656,15791.4482421875,225.56462097168,4,0,0,2,0,0,0,857.817016601562,6.75439071655273,1.7729229927063,20.3601760864258,Ville-Marie,NA,,4028,"c(298392.8125, 5040148.5)"
278,Docteur-Penfield,Simpson / McGregor,Docteur-Penfield,Simpson / McGregor,11/06/2009,0,2035.42333984375,17984.9296875,1647.94873046875,1929.30578613281,14407.67578125,260979.484375,1858951.25,10119386,1,7.61845922470093,9.79728889465332,7.40728712081909,7.56491613388062,9.57551574707031,12.4721965789795,14.4355230331421,16.1299648284912,44.5999984741211,4,11.1999998092651,38.2000007629395,0,0,0,0,0,1,1,1,0.5,3538.88745117188,481.766876220703,0,158.366271972656,0,963.533752441406,14446.0419921875,431.756469726562,2,0,0,1,0,0,0,1114.44604492188,7.01611280441284,1.79849302768707,20.3542327880859,Ville-Marie,NA,,4031,"c(298187.84375, 5039878.5)"
269,Côte-des-Neiges,Docteur-Penfield (int. n-o),C¶te-des-Neiges,Docteur-Penfield (int. n-o),08/04/2008,0,784.292236328125,35053.66796875,5628.86328125,12.0120859146118,29412.79296875,553186.3125,960.886840820312,19979318,1,6.66478204727173,10.464635848999,8.63566303253174,2.48591303825378,10.2891845703125,13.2234497070312,6.86785697937012,16.8102073669434,24,2,12,35.9000015258789,0,0,0,0,1,1,1,1,0,18861.376953125,674.804138183594,0,6.7033519744873,16192.291015625,4.46890211105347,0,98.3158340454102,4,1,1,0,1,0,0,1638.31396484375,7.40142297744751,3.50536680221558,7.84292221069336,Ville-Marie,NA,,4034,"c(297795.6875, 5039464.5)"
307,Drummond,Sainte-Catherine,Drummond,Sainte-Catherine,25/02/2009,0,23842.576171875,14653.6875,1716.140625,1570.490234375,11367.056640625,18305784,4030863.25,98572456,3,10.0792284011841,9.59244728088379,7.44783306121826,7.35914278030396,9.33847522735596,16.722728729248,15.209490776062,18.4063014984131,57.5999984741211,4,14.3999996185303,46.7999992370605,0,0,0,0,0,1,1,1,1,18.9978656768799,10666.83203125,0,2572.22827148438,4684.029296875,8494.2890625,9950.66015625,2109.22705078125,2,0,0,0,0,0,0,443.162994384766,6.09393787384033,1.46536874771118,238.425765991211,Ville-Marie,NA,,4037,"c(298995.15625, 5039859.5)"
306,Drummond,Maisonneuve,Drummond,Maisonneuve,15/09/2009,0,9774.396484375,12521.0224609375,1141.77355957031,1458.8310546875,9920.41796875,1369176.375,6237528,38515476,5,9.18752193450928,9.43516445159912,7.04033803939819,7.28539085388184,9.20234966278076,14.1297197341919,15.6460952758789,17.4665718078613,56.9000015258789,4,14.1999998092651,49.2000007629395,0,1,0,1,1,1,1,1,1,0,4275.70263671875,8534.89453125,1332.58349609375,3986.12768554688,2966.94384765625,0,1199.16625976562,2,0,0,0,0,0,0,478.260986328125,6.17015647888184,1.25210225582123,97.7439651489258,Ville-Marie,NA,,4038,"c(298848.78125, 5039959.5)"
308,Drummond,Sherbrooke,Drummond,Sherbrooke,15/10/2009,0,12086.8212890625,28687.982421875,1967.03002929688,4300.8251953125,22420.126953125,4238467.5,10313245,85225744,8,9.39987087249756,10.2642335891724,7.58428001403809,8.36656188964844,10.0177135467529,15.2597122192383,16.1489391326904,18.260814666748,61.4000015258789,4,15.3999996185303,56.2999992370605,0,0,0,0,0,0,0,0,0.5,1678.72692871094,3591.42626953125,11714.59375,2329.30126953125,4660.2919921875,5080.43115234375,10634.3701171875,1085.66271972656,4,0,0,0,0,0,0,565.705993652344,6.33807468414307,2.86879825592041,120.868209838867,Ville-Marie,NA,,4039,"c(298706.03125, 5040059.5)"
415,Fort du,René-Lévesque,Fort du,RenÚ-LÚvesque,14/07/2009,0,833.029113769531,24682.83203125,4271.35205078125,3776.99243164062,16634.486328125,1173294.25,1045734.0625,4706382.5,0,6.72506904602051,10.113862991333,8.35968589782715,8.2366828918457,9.7192325592041,13.9753255844116,13.8602304458618,15.3644304275513,95,4,23.7999992370605,62.7999992370605,1,0,0,0,0,1,1,1,0,5073.91162109375,399.347991943359,10733.1943359375,81.3152008056641,0,296.348754882812,8875.7255859375,56.0171394348145,6,1,1,0,0,0,0,1430.60302734375,7.26585149765015,2.46828317642212,8.33029079437256,Ville-Marie,NA,,4042,"c(298654.375, 5038922)"
314,Fort du,Tupper,Fort du,Tupper,29/09/2009,0,2928.82470703125,8813.4658203125,278.570770263672,971.332275390625,7563.5625,170344.734375,790915.375,7351423,1,7.98235607147217,9.08403587341309,5.62967205047607,6.87866878509521,8.93109798431396,12.0455799102783,13.5809459686279,15.8104038238525,48.0999984741211,4,12,42.2000007629395,0,0,0,0,0,1,1,1,1,7853.1298828125,554.316589355469,0,611.495361328125,0,357.367431640625,960.336059570312,1405.64526367188,2,0,0,0,0,0,0,1391.5009765625,7.23813819885254,0.881346583366394,29.2882461547852,Ville-Marie,NA,,4044,"c(298503.75, 5039048)"
313,Fort du,Sainte-Catherine,Fort du,Sainte-Catherine,29/09/2009,0,13910.3291015625,14606.6376953125,1469.82727050781,1497.31787109375,11639.4931640625,2978855.5,6242747.5,83059528,8,9.54038715362549,9.58923053741455,7.29290008544922,7.31143093109131,9.36215877532959,14.9070501327515,15.6469306945801,18.2350673675537,59.2999992370605,4,14.8000001907349,47.9000015258789,0,0,0,0,0,1,1,1,1,7803.64697265625,4833.19580078125,0,2026.67041015625,0,4169.28662109375,6802.9912109375,2881.17553710938,3,0,0,0,0,0,0,1383.43395996094,7.23232412338257,1.46066379547119,139.103286743164,Ville-Marie,NA,,4045,"c(298426.96875, 5039110)"
312,Fort du,Maisonneuve,Fort du,Maisonneuve,29/09/2009,0,6207.0751953125,13640.8037109375,3471.13818359375,777.065795898438,9392.599609375,7795676,615872.5,28605952,2,8.7334451675415,9.52082061767578,8.15223789215088,6.65552520751953,9.14767742156982,15.8690795898438,13.3307952880859,17.1691246032715,54.7000007629395,4,13.6999998092651,48.0999984741211,0,1,0,1,1,1,1,1,1,5221.369140625,1937.7255859375,8419.4345703125,1230.93225097656,0,2245.85571289062,0,792.5615234375,2,1,1,0,0,0,0,1381.09899902344,7.23063468933105,1.36408042907715,62.0707511901855,Ville-Marie,NA,,4046,"c(298327.75, 5039193.5)"
384,La Gauchetière,Mansfield,La GauchetiÞre,Mansfield,13/10/2009,0,37045.125,17566.35546875,2303.0439453125,3142.97778320312,12120.3330078125,16947140,26116956,230791360,4,10.5198917388916,9.77374076843262,7.74198722839355,8.0529260635376,9.4026403427124,16.6456108093262,17.0780944824219,19.2570247650146,82.5,4,20.6000003814697,64.5999984741211,1,0,0,0,0,1,1,1,1,0,7545.6953125,4288.177734375,8973.4423828125,10362.794921875,13317.7275390625,2915.3828125,7208.25830078125,4,0,0,1,0,0,0,472.716003417969,6.15849494934082,1.75663554668427,370.451263427734,Ville-Marie,NA,,4052,"c(299588.6875, 5039897)"
385,La Gauchetière,Peel,La GauchetiÞre,Peel,26/02/2009,0,18432.939453125,20635.1171875,3799.169921875,3585.89770507812,13250.048828125,17609360,22583776,161832448,3,9.82189464569092,9.93474960327148,8.24253845214844,8.18476390838623,9.4917573928833,16.6839408874512,16.9327411651611,18.9020729064941,93.5999984741211,4,23.3999996185303,75.5999984741211,1,0,0,0,0,1,1,1,0,6414.88916015625,7590.83984375,3866.07885742188,1534.61022949219,6649.06982421875,5365.263671875,3705.07934570312,3942.22583007812,5,1,1,0,0,0,0,498.292999267578,6.21118831634521,2.06351161003113,184.329391479492,Ville-Marie,NA,,4053,"c(299437.90625, 5039763.5)"
387,Lucien-L'Allier,Saint-Antoine,Lucien-L'Allier,Saint-Antoine,05/10/2009,0,3423.99487304688,28116.3203125,7376.61181640625,13701.595703125,7038.11328125,15936952,1435244.625,16190339,1,8.13856315612793,10.2441062927246,8.9060697555542,9.52526760101318,8.85909461975098,16.5841503143311,14.1768455505371,16.5999240875244,69.4000015258789,4,17.3999996185303,47.7999992370605,1,0,0,0,0,1,1,1,0,9643.4130859375,70.4996109008789,18472.908203125,2236.93359375,0,659.266662597656,0,457.294799804688,3,0,0,0,0,0,0,851.206970214844,6.74665546417236,2.81163191795349,34.2399482727051,Ville-Marie,NA,,4069,"c(299320.34375, 5039376)"
340,Maisonneuve,Union,Maisonneuve,Union,11/03/2009,0,7494.6005859375,13394.744140625,1516.60620117188,1615.76892089844,10262.369140625,4926872,1044349.1875,37578644,3,8.92193794250488,9.50261783599854,7.3242301940918,7.38756608963013,9.23623943328857,15.4102153778076,13.8589038848877,17.4419460296631,66.0999984741211,4,16.5,56.9000015258789,0,1,0,1,1,0,0,0,1,6379.46826171875,1692.65576171875,7015.27587890625,1906.98010253906,0,3248.61645507812,0,646.348083496094,3,0,0,1,0,0,0,305.066009521484,5.72052812576294,1.33947443962097,74.9460067749023,Ville-Marie,NA,,4076,"c(299245.4375, 5040529)"
341,Maisonneuve,University,Maisonneuve,University,02/06/2009,0,16298.2021484375,15680.361328125,1998.47741699219,562.467407226562,13119.4169921875,8326091.5,1543950.75,105679528,2,9.69880962371826,9.66016387939453,7.6001410484314,6.33233308792114,9.48184871673584,15.9349050521851,14.2498550415039,18.4759216308594,58.7000007629395,4,14.6999998092651,51.2000007629395,0,1,0,1,1,0,0,0,0,0,2744.96020507812,4561.23095703125,4223.40380859375,11119.130859375,5163.6201171875,0,4166.21728515625,2,0,0,0,0,0,0,239.076995849609,5.47678565979004,1.56803607940674,162.982025146484,Ville-Marie,NA,,4077,"c(299207.25, 5040459.5)"
331,Maisonneuve,Mansfield,Maisonneuve,Mansfield,12/03/2009,0,10400.91796875,17942.34375,2673.24755859375,808.907775878906,14460.189453125,4708420.5,3738080.75,67740480,2,9.24964904785156,9.79491901397705,7.89104890823364,6.69568490982056,9.57915496826172,15.3648633956909,15.1340827941895,18.0311946868896,59.2000007629395,4,14.8000001907349,48.9000015258789,0,1,0,1,1,1,1,1,0.5,0,4621.14599609375,10300.091796875,1789.6923828125,7642.25244140625,2228.76806640625,0,1761.31103515625,2,0,0,2,0,0,0,185.977996826172,5.22562837600708,1.79423439502716,104.009178161621,Ville-Marie,NA,,4079,"c(299064.03125, 5040255.5)"
334,Maisonneuve,Peel,Maisonneuve,Peel,11/03/2009,0,9560.2138671875,20604.45703125,1878.25854492188,2397.40454101562,16328.7939453125,5113532,2957314.25,78839608,7,9.16536521911621,9.93326282501221,7.53809976577759,7.782142162323,9.70068454742432,15.4474010467529,14.8997917175293,18.1829261779785,57.2000007629395,4,14.3000001907349,49,0,1,0,1,1,1,1,1,0,6064.48046875,1554.27307128906,10056.265625,3365.06030273438,4483.71044921875,3825.77319335938,0,815.107421875,3,0,0,0,0,0,0,305.871002197266,5.72316360473633,2.06044578552246,95.6021423339844,Ville-Marie,NA,,4081,"c(298963.3125, 5040110.5)"
333,Maisonneuve,Montagne,Maisonneuve,Montagne,15/09/2009,0,11183.2177734375,14639.626953125,2070.95361328125,1299.38598632812,11269.287109375,5304992.5,4891231.5,60599140,5,9.32217025756836,9.59148693084717,7.63576412200928,7.16964721679688,9.32983589172363,15.4841594696045,15.4029550552368,17.9197902679443,55.7999992370605,4,14,49,0,1,0,1,1,1,1,1,0,2866.34643554688,5076.2060546875,8423.1005859375,1723.30517578125,3350.17993164062,3073.35986328125,0,1310.34729003906,2,0,0,2,0,0,0,575.008972167969,6.35438585281372,1.46396267414093,111.832176208496,Ville-Marie,NA,,4082,"c(298790.625, 5039874.5)"
337,Maisonneuve,Saint-Mathieu,Maisonneuve,Saint-Mathieu,07/10/2009,0,19400.486328125,12905.9765625,1538.18017578125,1138.43762207031,10229.359375,6075425.5,5606656.5,96916112,10,9.8730525970459,9.46544647216797,7.33835506439209,7.03741216659546,9.23301696777344,15.6197633743286,15.5394649505615,18.3893566131592,57.2999992370605,4,14.3000001907349,51,0,1,0,1,1,1,1,1,0,5793.50537109375,8264.7431640625,7112.4716796875,2261.125,0,3949.74877929688,0,4924.86962890625,3,0,0,0,0,0,0,1103.09204101562,7.00587224960327,1.29059767723083,194.004867553711,Ville-Marie,NA,,4085,"c(298505.5625, 5039407.5)"
336,Maisonneuve,Saint-Marc,Maisonneuve,Saint-Marc,21/09/2009,0,13523.0771484375,15273.650390625,3114.15771484375,1219.42236328125,10940.0703125,5285661.5,6798974,74615296,0,9.51215267181396,9.63388442993164,8.04371356964111,7.10613298416138,9.3001880645752,15.480507850647,15.7322816848755,18.1278553009033,55.2999992370605,4,13.8000001907349,48.5999984741211,0,1,0,1,1,1,1,1,1,0,5575.56982421875,6585.26611328125,1975.72204589844,8688.3837890625,4274.484375,0,1697.30053710938,2,0,0,0,0,0,0,1245.82299804688,7.12755155563354,1.52736508846283,135.230773925781,Ville-Marie,NA,,4086,"c(298414.03125, 5039298)"
388,Mansfield,Saint-Antoine,Mansfield,Saint-Antoine,05/10/2009,0,8841.033203125,27680.8359375,8169.6123046875,2420.83715820312,17090.38671875,26436892,4145146.25,71134624,5,9.08715915679932,10.2284955978394,9.00817680358887,7.79186916351318,9.74627113342285,17.0902709960938,15.2374486923218,18.0800857543945,78.4000015258789,4,19.6000003814697,67.3000030517578,0,1,0,1,0,1,1,1,1,0,4104.220703125,6030.2236328125,1101.318359375,12233.5,1228.97973632812,9417.11328125,2406.51391601562,5,2,1,1,0,0,0,618.372985839844,6.42709159851074,2.7680835723877,88.4103317260742,Ville-Marie,NA,,4090,"c(299708.9375, 5039812.5)"
419,Mansfield,René-Lévesque,Mansfield,RenÚ-LÚvesque,15/07/2009,0,40700.66015625,41185.35546875,1632.73229980469,4410.90869140625,35141.71484375,14543058,41464696,737612416,8,10.6140003204346,10.6258382797241,7.39800977706909,8.39183616638184,10.4671440124512,16.4926242828369,17.5403537750244,20.4189281463623,80.5999984741211,4,20.2000007629395,75,1,1,0,1,0,1,1,1,0.5,0,7737.5068359375,18767.984375,12487.9091796875,10089.6103515625,11557.3798828125,12327.76171875,8917.8662109375,6,0,0,0,0,0,0,256.140014648438,5.54572439193726,4.11853551864624,407.006591796875,Ville-Marie,NA,,4092,"c(299405.53125, 5040022.5)"
342,Mansfield,Sainte-Catherine,Mansfield,Sainte-Catherine,13/03/2009,0,39793.91796875,19339.615234375,2854.81103515625,1505.44360351562,14979.361328125,51208736,8955405,278673696,1,10.5914688110352,9.86991119384766,7.9567608833313,7.31684303283691,9.61442947387695,17.7514209747314,16.0077686309814,19.4455528259277,46.9000015258789,4,11.6999998092651,44.0999984741211,0,0,0,0,0,0,1,1,1,0,17937.697265625,0,5948.68212890625,7926.298828125,11020.625,11413.31640625,4886.91162109375,3,0,0,0,0,0,0,76.2269973754883,4.33371591567993,1.93396151065826,397.939178466797,Ville-Marie,NA,,4094,"c(299204.125, 5040161)"
330,Maisonneuve,McGill College,Maisonneuve,McGill College,11/03/2009,0,19110.302734375,17971.783203125,2500.45581054688,2825.16528320312,12646.1630859375,11397169,15798495,120923096,10,9.85798263549805,9.79655838012695,7.82422780990601,7.94632196426392,9.44510936737061,16.2488765716553,16.5754241943359,18.6106643676758,73.4000015258789,4,18.3999996185303,62.2999992370605,1,1,0,1,1,1,1,1,0,5405.34033203125,4661.1318359375,8508.5498046875,4799.5146484375,4057.89379882812,3827.4609375,0,5822.19580078125,4,0,0,1,0,0,0,169.005996704102,5.12993431091309,1.79717826843262,191.10302734375,Ville-Marie,NA,,4098,"c(299108.53125, 5040320.5)"
1527,McGill College,Président-Kennedy,McGill College,PrÚsident-Kennedy,03/11/2009,0,15453.060546875,11034.671875,2668.69165039062,2407.76098632812,5958.21875,4566125,11030396,28237538,0,9.64556217193604,9.30879783630371,7.88934421539307,7.78645277023315,8.69252681732178,15.3341751098633,16.2161655426025,17.1561622619629,74.4000015258789,4,18.6000003814697,62.0999984741211,1,0,0,0,0,0,0,0,0.5,2593.11181640625,1404.67309570312,3460.48168945312,8053.6796875,3712.41479492188,594.6669921875,1268.66333007812,5400.04052734375,4,0,0,0,0,0,0,251.199005126953,5.52624559402466,1.10346722602844,154.530609130859,Ville-Marie,NA,,4099,"c(299040.8125, 5040367)"
347,McTavish,Metcalfe/Sherbrooke,McTavish,Metcalfe/Sherbrooke,06/10/2009,0,20534.46484375,24600.123046875,1900.23706054688,2687.78784179688,20012.09765625,9701484,14010838,195288736,0,9.92986011505127,10.1105070114136,7.54973411560059,7.89647388458252,9.90409183502197,16.0877895355225,16.4553413391113,19.0899906158447,49.9000015258789,3,16.6000003814697,45.7999992370605,0,0,0,0,1,0,1,1,0.5,0,5856.81591796875,12868.1455078125,2862.27709960938,0,4919.11474609375,11731.9765625,6896.2568359375,4,0,0,0,0,0,0,376.140991210938,5.92996406555176,2.46001219749451,205.344650268555,Ville-Marie,NA,,4100,"c(298881.03125, 5040309.5)"
1384,Docteur-Penfield,McTavish,Docteur-Penfield,McTavish,01/06/2009,1,2404.07934570312,14800.3076171875,670.231384277344,938.704711914062,13191.3720703125,120340.0078125,518052.21875,25006482,0,7.78492212295532,9.60240268707275,6.50762319564819,6.84450101852417,9.48731803894043,11.6980762481689,13.1578311920166,17.0346450805664,34.7000007629395,3,11.6000003814697,30.7999992370605,0,0,1,1,0,1,0,1,0,0,179.549957275391,0,551.8798828125,938.704711914062,328.859924316406,13861.603515625,1343.78967285156,3,0,0,0,0,1,0,624.554992675781,6.43703937530518,1.48003077507019,24.0407943725586,Ville-Marie,NA,,4101,"c(298668.125, 5040457.5)"
346,Metcalfe,Sainte-Catherine,Metcalfe,Sainte-Catherine,16/03/2009,0,45523.88671875,15437.517578125,869.125610351562,1013.64532470703,13554.74609375,3887339.5,15045931,245610528,4,10.7259922027588,9.64455604553223,6.7674880027771,6.9213080406189,9.51449203491211,15.1732358932495,16.5266170501709,19.3192577362061,52,4,13,48.2000007629395,0,0,0,0,0,0,1,1,1,4823.34619140625,19062.453125,0,4472.70166015625,0,14843.3876953125,10614.171875,7145.34423828125,2,0,0,0,0,0,0,161.093994140625,5.0819878578186,1.54375171661377,455.238861083984,Ville-Marie,NA,,4102,"c(299157, 5040090.5)"
420,Montagne,René-Lévesque,Montagne,RenÚ-LÚvesque,15/09/2009,0,11110.15625,34665.56640625,3559.10791015625,4138.2421875,26968.21484375,8990648,11343536,171146320,7,9.31561470031738,10.453501701355,8.17726516723633,8.32802581787109,10.20241355896,16.0116958618164,16.2441596984863,18.958028793335,82,4,20.5,75.5,1,0,0,0,0,0,1,1,0,3954.9716796875,2466.62939453125,13659.130859375,3875.451171875,5965.4462890625,1643.89013671875,11086.0166015625,3124.185546875,6,0,0,1,0,0,0,599.588012695312,6.39624261856079,3.46655654907227,111.1015625,Ville-Marie,NA,,4105,"c(299146.84375, 5039633)"
351,Montagne,Sainte-Catherine,Montagne,Sainte-Catherine,15/09/2009,0,25673.275390625,16344.0400390625,1653.09753417969,1519.31030273438,13171.6318359375,12232103,6367732,157211440,9,10.153205871582,9.70161914825439,7.4104061126709,7.326012134552,9.48582077026367,16.3195743560791,15.6667537689209,18.8731021881104,56.9000015258789,4,14.1999998092651,51.0999984741211,0,0,0,0,0,0,1,1,1,3843.17700195312,12436.38671875,0,2226.79614257812,3956.80444335938,9069.19140625,8544.05859375,1940.90222167969,3,0,0,0,0,0,0,544.669982910156,6.30017995834351,1.63440406322479,256.732757568359,Ville-Marie,NA,,4106,"c(298936.75, 5039776.5)"
352,Montagne,Sherbrooke,Montagne,Sherbrooke,15/09/2009,0,9002.482421875,25976.72265625,2677.578125,3317.19140625,19981.953125,6495772.5,6300479,61058752,8,9.10525608062744,10.1649560928345,7.89266777038574,8.10687446594238,9.90258502960205,15.6866617202759,15.656135559082,17.9273471832275,64.6999969482422,4,16.2000007629395,54.9000015258789,0,0,0,0,0,0,0,0,0,3053.2822265625,2782.701171875,10884.4189453125,1168.98852539062,3438.14965820312,3781.74145507812,8600.8720703125,1269.05151367188,4,0,0,2,0,0,0,648.973022460938,6.47539091110229,2.5976722240448,90.0248260498047,Ville-Marie,NA,,4107,"c(298647.96875, 5039975)"
402,Peel,Saint-Antoine,Peel,Saint-Antoine,05/10/2009,0,11923.9619140625,38197.12109375,3286.10083007812,4640.09619140625,30270.923828125,11952860,16052569,189138192,2,9.38630485534668,10.5505151748657,8.09745693206787,8.44248962402344,10.3179426193237,16.296480178833,16.5913791656494,19.0579872131348,91,4,22.7999992370605,77.1999969482422,1,0,0,0,0,0,1,1,0,7722.7177734375,3027.67260742188,11533.681640625,3414.4677734375,10618.974609375,1844.42236328125,8321.74609375,3637.39892578125,4,0,0,0,0,0,0,649.184020996094,6.47571611404419,3.81971216201782,119.239616394043,Ville-Marie,NA,,4114,"c(299579.125, 5039666)"
421,Peel,René-Lévesque,Peel,RenÚ-LÚvesque,30/04/2009,0,18928.953125,50313.68359375,3898.43896484375,6964.12646484375,39451.1171875,17602358,33128306,365430400,10,9.84844779968262,10.8260316848755,8.26833152770996,8.84852695465088,10.582818031311,16.6835422515869,17.3158988952637,19.7165851593018,113.599998474121,4,28.3999996185303,87.5999984741211,1,0,0,0,0,0,0,0,0,7798.81494140625,4191.27197265625,18206.271484375,4584.40673828125,9499.1767578125,5754.06396484375,14809.4208984375,4399.2109375,6,0,0,0,0,0,0,357.821990966797,5.88003540039062,5.03136825561523,189.289535522461,Ville-Marie,NA,,4116,"c(299303.875, 5039870.5)"
356,Peel,Sainte-Catherine,Peel,Sainte-Catherine,13/03/2009,0,56054.22265625,23344.25390625,84.9528503417969,3319.08813476562,19940.212890625,2149826,36119412,584137152,13,10.9340753555298,10.0581064224243,4.44209623336792,8.10744476318359,9.90049362182617,14.5808982849121,17.4023418426514,20.1856460571289,56.7999992370605,4,14.1999998092651,50.9000015258789,0,1,0,1,0,0,1,1,1,6003.99365234375,25306.109375,0,9912.1640625,7319.77490234375,12462.8349609375,10020.4853515625,8373.1162109375,3,0,0,0,0,0,0,256.941009521484,5.54884672164917,2.33442544937134,560.542236328125,Ville-Marie,NA,,4118,"c(299101.34375, 5040012.5)"
357,Peel,Sherbrooke,Peel,Sherbrooke,13/03/2009,0,4741.65283203125,34672.6171875,452.42333984375,6171.92333984375,28048.271484375,1564.72241210938,7730190,65799504,8,8.46414089202881,10.4537057876587,6.11461782455444,8.7277660369873,10.2416820526123,7.35546398162842,15.8606443405151,18.0021228790283,74,4,18.5,63.4000015258789,0,0,0,0,0,0,1,1,0.5,6316.1455078125,2422.70458984375,10664.5458984375,2315.48999023438,5077.41455078125,0,12614.5107421875,3.45853590965271,4,0,0,0,0,0,0,431.644012451172,6.06760120391846,3.46726179122925,47.4165267944336,Ville-Marie,NA,,4120,"c(298815.75, 5040216.5)"
279,Peel,Pins,Peel,Pins,01/06/2009,0,2687.57934570312,21717.78125,9000.521484375,993.922668457031,11723.3369140625,6640379,80516.96875,18365764,2,7.89639616012573,9.9858865737915,9.10503768920898,6.90165901184082,9.36933708190918,15.7086801528931,11.2962226867676,16.7259998321533,50.7000007629395,4,12.6999998092651,40.0999984741211,0,0,1,1,1,1,1,1,0,1336.65454101562,0,16506.3515625,1527.11962890625,3874.77514648438,1035.7197265625,0,124.739967346191,3,1,1,2,0,0,1,900.101013183594,6.80250692367554,2.17177820205688,26.8757934570312,Ville-Marie,NA,,4128,"c(298396.4375, 5040517.5)"
358,Président-Kennedy,Union,PrÚsident-Kennedy,Union,31/03/2009,0,12887.794921875,14472.666015625,2531.90625,2417.51293945312,9523.2470703125,5549780.5,3775103.75,70266768,4,9.464035987854,9.58001708984375,7.8367280960083,7.79049491882324,9.16149139404297,15.5292692184448,15.1439380645752,18.0678100585938,67,4,16.7999992370605,52.7000007629395,0,0,0,0,0,0,1,1,1,3803.57885742188,2428.98974609375,6224.90478515625,7300.44482421875,0,1546.33325195312,4444.181640625,1612.02722167969,2,0,0,2,0,0,0,354.622009277344,5.87105226516724,1.44726657867432,128.877944946289,Ville-Marie,NA,,4135,"c(299182.03125, 5040572.5)"
359,Président-Kennedy,University,PrÚsident-Kennedy,University,02/06/2009,0,22178.337890625,16145.166015625,1374.51843261719,2226.35815429688,12544.2890625,7100289.5,16028244,125212160,0,10.0068712234497,9.68937587738037,7.22585916519165,7.70812177658081,9.43702125549316,15.7756462097168,16.5898628234863,18.6455192565918,61.7999992370605,4,15.5,51.5,0,0,0,0,0,1,1,1,0,0,3522.0263671875,3488.74487304688,9131.3662109375,9762.6982421875,2533.033203125,2893.72290039062,6991.91162109375,2,0,0,3,0,0,0,303.602996826172,5.71572113037109,1.61451661586761,221.783386230469,Ville-Marie,NA,,4136,"c(299138.84375, 5040507.5)"
422,René-Lévesque,Saint-Alexandre,RenÚ-LÚvesque,Saint-Alexandre,01/10/2009,0,11080.146484375,30523.634765625,1571.06945800781,1921.41235351562,27031.15234375,2687798.25,3118285,86995296,4,9.31291007995605,10.3262567520142,7.3595118522644,7.56081581115723,10.2047452926636,14.8042325973511,14.9527940750122,18.281364440918,83.5,4,20.8999996185303,76.0999984741211,1,1,0,1,0,0,1,1,1,2045.4921875,5102.27880859375,10687.2861328125,1831.84582519531,1446.98962402344,2759.53295898438,16343.8662109375,1386.48876953125,6,0,0,0,0,0,0,508.875,6.23220252990723,3.05236339569092,110.801467895508,Ville-Marie,NA,,4145,"c(299683.96875, 5040485.5)"
412,Cathédrale,Metcalfe/René-Lévesque,CathÚdrale,Metcalfe/RenÚ-LÚvesque,15/07/2009,0,16186.4873046875,33726.2578125,607.5283203125,2634.73217773438,30483.998046875,2109888.25,16664369,183392768,3,9.69193172454834,10.4260320663452,6.40939903259277,7.87653684616089,10.3249568939209,14.5621461868286,16.6287822723389,19.0271415710449,84.1999969482422,4,21.1000003814697,104.199996948242,1,0,0,0,0,1,1,1,1,2773.95727539062,2903.828125,17546.599609375,3122.88232421875,0,7505.77978515625,13405.703125,2653.99731445312,5,0,0,0,1,0,0,299.457000732422,5.70197105407715,3.37262582778931,161.864868164062,Ville-Marie,NA,,4148,"c(299352.90625, 5039944)"
425,René-Lévesque,Stanley,RenÚ-LÚvesque,Stanley,04/05/2009,0,11237.5322265625,31420.94921875,2565.09423828125,4207.29736328125,24648.55859375,7706543.5,9081589,130968432,6,9.3270149230957,10.3552303314209,7.84975004196167,8.34457588195801,10.1124744415283,15.8575801849365,16.0217609405518,18.6904678344727,84.4000015258789,4,21.1000003814697,71.4000015258789,1,0,0,0,0,0,1,1,0.5,6869.333984375,2842.69580078125,16047.833984375,3290.28369140625,740.639465332031,3117.740234375,7763.14208984375,1986.81201171875,4,0,0,1,0,0,0,429.296997070312,6.06214904785156,3.14209485054016,112.37532043457,Ville-Marie,NA,,4149,"c(299254.53125, 5039795)"
414,Drummond,René-Lévesque,Drummond,RenÚ-LÚvesque,15/07/2009,0,11392.63671875,36941.09765625,2181.1953125,4117.69189453125,30642.208984375,5263224,10153454,146382640,1,9.34072303771973,10.5170803070068,7.6876277923584,8.32304763793945,10.3301343917847,15.4762544631958,16.1333255767822,18.8017349243164,82.5,4,20.6000003814697,71.6999969482422,1,0,0,0,0,1,1,1,1,0,2453.04663085938,22588.240234375,2720.98095703125,1444.9892578125,4230.82666015625,12907.8671875,1987.78247070312,5,0,0,0,0,0,0,508.898010253906,6.23224782943726,3.69410967826843,113.926368713379,Ville-Marie,NA,,4150,"c(299202.28125, 5039717)"
424,René-Lévesque,Saint-Mathieu,RenÚ-LÚvesque,Saint-Mathieu,04/05/2009,0,2905.90478515625,23200.240234375,3747.79077148438,1952.41857910156,17500.03125,2967940.75,1211776.25,23396088,6,7.97450017929077,10.0519180297852,8.22892189025879,7.57682418823242,9.76995754241943,14.9033794403076,14.0075979232788,16.9680786132812,85.6999969482422,4,21.3999996185303,74.5999984741211,1,0,0,0,0,1,1,1,0,4606.69970703125,874.675659179688,8071.4189453125,826.841796875,831.765258789062,698.715515136719,9690.35546875,505.671844482422,6,1,1,0,0,0,0,1156.041015625,7.05275630950928,2.32002401351929,29.0590476989746,Ville-Marie,NA,,4153,"c(298818.46875, 5039150.5)"
423,René-Lévesque,Saint-Marc,RenÚ-LÚvesque,Saint-Marc,14/07/2009,0,932.414367675781,33016.62109375,1592.70764160156,10319.50390625,21104.41015625,120877.2578125,1249169.625,6934889.5,0,6.83777713775635,10.4047660827637,7.37319087982178,9.24179077148438,9.95723724365234,11.7025308609009,14.037989616394,15.7520761489868,87.5999984741211,4,21.8999996185303,78.8000030517578,1,1,0,1,0,1,1,1,0,0,484.277221679688,10791.111328125,52.403133392334,16526.927734375,319.839813232422,5698.583984375,75.8941879272461,7,1,1,0,0,0,0,1298.1669921875,7.16870832443237,3.30166220664978,9.324143409729,Ville-Marie,NA,,4154,"c(298738.78125, 5039029.5)"
291,Aylmer,Sherbrooke,Aylmer,Sherbrooke,30/03/2009,1,10520.2177734375,28070.951171875,1116.01342773438,3111.18872070312,23843.748046875,2989399.5,2723564.25,70574400,8,9.26105403900146,10.2424907684326,7.01751804351807,8.04275989532471,10.0792770385742,14.9105825424194,14.8174524307251,18.0721778869629,62.2000007629395,4,15.6000003814697,53.4000015258789,0,0,0,1,0,0,1,1,1,0,3726.93579101562,11896.7841796875,393.703735351562,5210.7392578125,4243.671875,10963.427734375,2155.90649414062,4,0,0,1,0,0,0,488.342010498047,6.19101619720459,2.80709505081177,105.202178955078,Plateau-Mont-Royal,NA,,4162,"c(299128.09375, 5040697.5)"
374,Sherbrooke,University,Sherbrooke,University,15/07/2009,0,22692.9453125,36099.41796875,3499.6162109375,3273.90258789062,29325.8984375,20442124,19436072,342513440,8,10.0298089981079,10.4940319061279,8.16040897369385,8.09373760223389,10.286226272583,16.8331089019775,16.7826404571533,19.6518211364746,64,4,16,51,0,1,0,1,0,0,1,1,0.5,0,5778.68994140625,11536.708984375,5985.07177734375,10178.208984375,4974.88720703125,14384.498046875,5954.2958984375,4,0,0,0,0,0,0,389.256988525391,5.96423959732056,3.60994172096252,226.929458618164,Ville-Marie,NA,,4164,"c(299057.6875, 5040564)"
345,McGill College,Sherbrooke,McGill College,Sherbrooke,03/02/2009,0,16743.732421875,26394.408203125,2668.00439453125,3303.44067382812,20422.962890625,9539119,17831808,221168992,8,9.72577857971191,10.1809072494507,7.88908576965332,8.10272026062012,9.92441463470459,16.0709114074707,16.6964931488037,19.2144374847412,83.3000030517578,4,20.7999992370605,53.7999992370605,0,0,0,0,0,0,0,0,0,434.663238525391,2130.98461914062,10471.244140625,7429.80908203125,3046.7822265625,3726.75439453125,12441.7177734375,3456.18432617188,4,0,0,3,0,0,0,348.516998291016,5.85368680953979,2.6394407749176,167.437316894531,Ville-Marie,NA,,4166,"c(298960.625, 5040422)"
343,Mansfield,Sherbrooke,Mansfield,Sherbrooke,03/02/2009,0,6302.10546875,27615.603515625,2512.767578125,2183.66528320312,22919.171875,2719516.75,1888943.875,44630800,2,8.74863910675049,10.2261362075806,7.82914018630981,7.68875980377197,10.0397291183472,14.8159646987915,14.45152759552,17.6139354705811,49.7999992370605,3,16.6000003814697,46.4000015258789,0,0,0,0,0,0,1,1,0.5,0,132.322494506836,11141.8671875,865.033569335938,4696.4326171875,4222.4697265625,11777.3037109375,1082.27941894531,4,0,0,0,0,0,0,358.7919921875,5.8827428817749,2.76156044006348,63.021053314209,Ville-Marie,NA,,4167,"c(298915.75, 5040361)"
373,Sherbrooke,Stanley,Sherbrooke,Stanley,29/09/2009,0,8028.85498046875,24809.29296875,2494.30786132812,2622.59716796875,19692.38671875,5757166,6624480,56717744,2,8.99079704284668,10.1189737319946,7.82176685333252,7.87192010879517,9.88798713684082,15.5659561157227,15.7062816619873,17.8535976409912,57.4000015258789,4,14.3000001907349,48.0999984741211,0,0,0,0,0,1,1,1,0.5,2981.80688476562,2352.27172851562,10998.046875,1650.24340820312,0,2947.88427734375,10829.4384765625,1078.45544433594,4,0,0,1,0,0,0,494.561004638672,6.20367050170898,2.4809293746948198,80.2885513305664,Ville-Marie,NA,,4169,"c(298760.625, 5040136)"
3064,Crescent,Sherbrooke,Crescent,Sherbrooke,14/09/2009,1,4485.08544921875,21604.2265625,1313.96606445312,1526.20739746094,18764.052734375,5588386.5,6491063,4353597,2,8.40851306915283,9.98064422607422,7.18080520629883,7.33054113388062,9.83969783782959,15.5362005233765,15.6859369277954,15.2865133285522,30.7000007629395,2,15.3000001907349,45.7000007629395,0,0,0,1,1,0,1,1,1,0,0,11659.7607421875,214.17041015625,0,4253.0673828125,9944.4658203125,17.8475341796875,4,0,0,0,1,0,0,728.960021972656,6.59161901473999,2.16042256355286,44.8508529663086,Ville-Marie,NA,,4170,"c(298595.8125, 5039897)"
294,Bishop,Sherbrooke,Bishop,Sherbrooke,14/09/2009,0,5040.1435546875,22316.19921875,2166.7900390625,1416.22778320312,18733.181640625,1562343.125,1086875.5,27884048,5,8.52519035339355,10.0130681991577,7.68100214004517,7.2557520866394,9.83805179595947,14.2616968154907,13.8988180160522,17.1435642242432,49.2999992370605,3,16.3999996185303,46,0,0,0,0,0,0,1,1,0.5,0,1.78475296497345,10258.96875,767.443969726562,3583.01782226562,3549.87451171875,8474.212890625,721.040405273438,4,0,0,1,0,0,0,805.869995117188,6.69192266464233,2.2316198348999,50.4014358520508,Ville-Marie,NA,,4171,"c(298546.625, 5039826)"
1387,Saint-Alexandre,Viger,Saint-Alexandre,Viger,01/12/2008,0,4654.8974609375,13017.0537109375,646.955383300781,574.854919433594,11795.244140625,323770.6875,1240079,16399314,0,8.44567489624023,9.4740161895752,6.47227716445923,6.35411787033081,9.37545204162598,12.6877908706665,14.030686378479,16.6127490997314,45.7000007629395,4,11.3999996185303,42.0999984741211,0,0,0,0,1,0,1,1,1,0,2157.20336914062,11656.888671875,760.962585449219,1360.16528320312,1236.27856445312,0,500.452880859375,2,0,0,0,0,0,0,676.947998046875,6.51759433746338,1.3017053604126,46.5489730834961,Ville-Marie,NA,,4183,"c(299916.71875, 5040325)"
360,Saint-Alexandre,Sainte-Catherine,Saint-Alexandre,Sainte-Catherine,30/09/2009,0,21789.052734375,7429.46875,151.392959594727,1779.33447265625,5498.74169921875,339916.625,19491182,29462478,1,9.98916339874268,8.91320991516113,5.01987886428833,7.48399496078491,8.61227512359619,12.7364559173584,16.785472869873,17.1986274719238,42.9000015258789,4,10.6999998092651,38.7000007629395,0,0,0,0,0,0,1,1,1,669.119445800781,6761.24169921875,0,2245.26049804688,0,10954.1982421875,6760.349609375,1828.35180664062,2,0,0,0,0,0,0,463.183990478516,6.13812446594238,0.742946863174438,217.890533447266,Ville-Marie,NA,,4187,"c(299506.21875, 5040608)"
362,Sainte-Catherine,Saint-Marc,Sainte-Catherine,Saint-Marc,07/10/2009,0,18085.603515625,18966.591796875,541.586791992188,5122.96923828125,13302.03515625,4182577.75,9181650,138050336,2,9.80287075042725,9.85043430328369,6.2945032119751,8.54148864746094,9.49567222595215,15.2464380264282,16.0327167510986,18.7431297302246,60.0999984741211,4,15,48.7999992370605,0,0,0,0,0,1,1,1,1,0,7722.82080078125,0,1792.25158691406,13307.5615234375,7111.24658203125,5659.029296875,1459.28356933594,3,0,0,0,0,0,0,1248.77001953125,7.12991428375244,1.89665913581848,180.856033325195,Ville-Marie,NA,,4192,"c(298513.5625, 5039213.5)"
363,Sainte-Catherine,Saint-Mathieu,Sainte-Catherine,Saint-Mathieu,11/06/2009,0,18200.453125,14773.07421875,1896.419921875,1565.73388671875,11310.9208984375,4454352.5,7203874.5,86299648,4,9.80920219421387,9.60056114196777,7.54772281646729,7.35611009597778,9.33352375030518,15.3093919754028,15.7901296615601,18.2733364105225,60.4000015258789,4,15.1000003814697,48.0999984741211,0,0,0,0,0,1,1,1,0.5,5367.70849609375,8306.7275390625,0,2348.82177734375,0,4600.95703125,9405.365234375,2943.94555664062,3,0,0,0,0,0,0,1104.70104980469,7.0073299407959,1.4773074388504,182.004531860352,Ville-Marie,NA,,4194,"c(298605.25, 5039325)"
365,Sainte-Catherine,Stanley,Sainte-Catherine,Stanley,12/03/2009,0,33723.6796875,14564.19140625,1353.95751953125,1481.07153320312,11729.162109375,8797544,13898670,165441152,1,10.4259557723999,9.5863208770752,7.21078681945801,7.30052089691162,9.36983394622803,15.9899826049805,16.4473037719727,18.9241256713867,47.9000015258789,4,12,41.4000015258789,0,0,0,0,0,1,1,1,1,4701.294921875,13900.1669921875,0,6497.65185546875,0,9384.1982421875,9862.896484375,3941.66381835938,2,0,0,0,0,0,0,350.373992919922,5.85900115966797,1.45641911029816,337.236785888672,Ville-Marie,NA,,4197,"c(299048.40625, 5039935.5)"
339,Maisonneuve,Stanley,Maisonneuve,Stanley,29/09/2009,0,9987.228515625,12896.7265625,1391.02111816406,1154.6025390625,10351.103515625,4219874.5,2439027,48841700,4,9.20906162261963,9.46472930908203,7.23779296875,7.05151081085205,9.24484825134277,15.2553157806396,14.7071104049683,17.7040958404541,54.0999984741211,4,13.5,49.2000007629395,0,1,0,1,1,1,1,1,1,4338.00634765625,2674.69677734375,8558.7197265625,2166.44067382812,0,3033.65234375,0,2112.4384765625,2,0,0,3,0,0,0,391.688995361328,5.97046804428101,1.28967261314392,99.8722839355469,Ville-Marie,NA,,4198,"c(298903.9375, 5040035.5)"
366,Sainte-Catherine,Union,Sainte-Catherine,Union,17/04/2009,0,42227.17578125,13059.7978515625,828.405212402344,2165.37573242188,10066.017578125,4469008.5,34381596,221284432,3,10.6508188247681,9.47729396820068,6.71950197219849,7.68034887313843,9.21691989898682,15.3126773834229,17.3530311584473,19.214958190918,56.2000007629395,4,14.1000003814697,51.0999984741211,0,0,0,0,0,0,1,1,1,6243.8310546875,16682.216796875,0,5394.712890625,0,15877.888671875,6815.96728515625,4272.35693359375,2,0,0,0,0,0,0,251.016006469727,5.52551651000977,1.30597972869873,422.271759033203,Ville-Marie,NA,,4200,"c(299390.28125, 5040430.5)"
367,Sainte-Catherine,University,Sainte-Catherine,University,28/04/2009,0,26353.296875,17871.2890625,1878.76684570312,1108.08898925781,14884.4345703125,15733006,5606789,209248944,8,10.1793489456177,9.79095077514648,7.53837108612061,7.01039218902588,9.60807132720947,16.5712718963623,15.5394887924194,19.1590347290039,48.5,4,12.1000003814697,45.5999984741211,0,1,0,1,0,1,1,1,1,0,8374.11328125,0,5059.87255859375,11088.55859375,7387.380859375,6782.7314453125,5531.9306640625,3,0,0,1,0,0,0,170.662994384766,5.13969087600708,1.78712892532349,263.532958984375,Ville-Marie,NA,,4201,"c(299344.84375, 5040364)"
409,University,Viger,University,Viger,11/11/2008,0,4354.81787109375,33445.921875,7709.154296875,1423.42224121094,24313.34765625,395865.65625,2256446.75,39790656,2,8.37903785705566,10.4176845550537,8.95016384124756,7.26081895828247,10.098780632019,12.8888301849365,14.6293020248413,17.4991436004639,75.5,3,25.2000007629395,74.5,1,0,1,1,1,1,1,1,0.5,8639.5068359375,1585.2265625,9132.576171875,2708.30249023438,15673.8408203125,51.3500747680664,0,9.93872356414795,6,1,1,0,0,0,1,545.5,6.30170297622681,3.34459209442139,43.5481796264648,Ville-Marie,NA,,4213,"c(299763.4375, 5040047.5)"
386,La Gauchetière,University,La GauchetiÞre,University,13/05/2009,0,29446.78125,35145.5625,5625.017578125,3198.4658203125,26322.078125,44137908,28679564,483135520,12,10.290340423584,10.4672536849976,8.63497924804688,8.07042694091797,10.1781625747681,17.6028308868408,17.1716957092285,19.9958076477051,117.300003051758,4,29.2999992370605,103.400001525879,1,1,1,1,1,0,1,1,1,6830.78076171875,8258.44140625,4706.60888671875,5344.68310546875,20535.5390625,10710.689453125,3072.63061523438,5132.96728515625,6,0,0,0,0,0,1,470.265991210938,6.15329837799072,3.51455616950989,294.467803955078,Ville-Marie,NA,,4214,"c(299700.875, 5040100)"
378,Belmont,University,Belmont,University,13/05/2009,0,9285.03515625,28784.314453125,1570.12182617188,3739.36889648438,23474.822265625,4173582.75,7656294,100347024,1,9.13615894317627,10.2675857543945,7.35890817642212,8.22667217254639,10.063684463501,15.2442846298218,15.8510389328003,18.424144744873,113.099998474121,4,28.2999992370605,103.300003051758,1,0,1,1,0,1,0,1,1,6932.2001953125,2883.29565429688,0,2025.77038574219,19998.392578125,1379.9609375,1853.72033691406,2996.0078125,6,0,0,0,0,0,1,394.653015136719,5.9780068397522,2.87843155860901,92.8503494262695,Ville-Marie,NA,,4215,"c(299634.5, 5040147.5)"
350,Milton,University,Milton,University,31/03/2009,0,18315.12109375,10251.55078125,207.814590454102,1195.41052246094,8848.326171875,1030437.125,7794723,101488504,1,9.8154821395874,9.23518371582031,5.33664608001709,7.08624505996704,9.08798408508301,13.8454942703247,15.8689584732056,18.4354553222656,43.5999984741211,4,10.8999996185303,34.2000007629395,0,0,1,1,0,0,1,1,0.5,0,6520.54052734375,1307.89733886719,3603.0576171875,8833.0732421875,5009.5810546875,110.580238342285,3181.94287109375,2,0,0,1,0,0,1,652.432983398438,6.48070859909058,1.02515506744385,183.151214599609,Plateau-Mont-Royal,NA,,4218,"c(298826.65625, 5040722.5)"
270,Côte-des-Neiges,Docteur-Penfield (int. n-e),C¶te-des-Neiges,Docteur-Penfield (int. n-e),02/11/2004,0,575.984252929688,34645.578125,9611.3857421875,0,25034.193359375,0,0,14044773,0,6.35608005523682,10.4529247283936,9.17070388793945,0,10.1279983520508,0,0,16.4577617645264,12.6999998092651,1,12.6999998092651,34.7000007629395,0,0,0,0,1,0,0,0,0,25034.193359375,561.023620605469,9611.3857421875,14.9606304168701,0,0,0,0,3,1,1,0,1,0,0,1639.001953125,7.40184259414673,3.46455788612366,5.75984239578247,Ville-Marie,NA,,4254,"c(297783.625, 5039486.5)"
2363,Côte-des-Neiges,Swail,C¶te-des-Neiges,Swail,17/03/2009,1,3813.61499023438,18451.6484375,1250.70068359375,901.800903320312,16299.146484375,1999309.5,397990.21875,33248298,4,8.24633312225342,9.82290935516357,7.13145923614502,6.80439376831055,9.69886779785156,14.5083122253418,12.8941831588745,17.3195133209229,45.7000007629395,3,15.1999998092651,43.2999992370605,1,0,0,1,1,0,1,1,0,8118.11474609375,1598.55151367188,0,1244.81518554688,8181.03125,441.328247070312,2152.50146484375,528.920104980469,3,0,0,1,0,0,0,3907.14404296875,8.27056217193604,1.84516489505768,38.1361503601074,C¶te-des-Neiges-Notre-Dame-de-Graces,NA,,4275,"c(295407.3125, 5039503)"
144,Côte-des-Neiges,Jean-Brillant,C¶te-des-Neiges,Jean-Brillant,27/08/2004,0,14522.4404296875,25854.896484375,1848.69213867188,3327.64575195312,20678.55859375,5697955,10705744,127810088,5,9.58345031738281,10.1602554321289,7.5222339630127,8.11001968383789,9.93685340881348,15.5556182861328,16.1862907409668,18.6660556793213,68.8000030517578,4,17.2000007629395,54.7999992370605,0,1,1,1,0,0,1,1,1,11118.9453125,2846.85009765625,4131.4248046875,4731.7685546875,8627.2294921875,3107.77905273438,1977.29675292969,3836.04296875,4,0,0,0,0,0,1,4013.88696289062,8.29751491546631,2.58548974990845,145.224411010742,C¶te-des-Neiges-Notre-Dame-de-Graces,NA,,4276,"c(295285.25, 5039581)"
145,Côte-des-Neiges,Lacombe,C¶te-des-Neiges,Lacombe,26/08/2004,0,15406.81640625,25496.078125,1357.84118652344,3676.61596679688,20461.62109375,1519101.125,13285809,95491352,12,9.64256477355957,10.1462802886963,7.21365118026733,8.20974826812744,9.92630577087402,14.2336292266846,16.4022064208984,18.3745460510254,64.3000030517578,4,16.1000003814697,52,0,0,0,0,0,1,1,1,1,10648.6083984375,1036.9248046875,10.4449319839478,3887.52514648438,8831.1904296875,2503.70190429688,6005.8359375,7978.66455078125,4,0,0,2,0,0,0,4128.31494140625,8.32562446594238,2.54960775375366,154.068161010742,C¶te-des-Neiges-Notre-Dame-de-Graces,NA,,4277,"c(295157.375, 5039662.5)"
142,Côte-des-Neiges,Edouard-Montpetit,C¶te-des-Neiges,Edouard-Montpetit,02/04/2008,0,12733.099609375,20036.0234375,644.032531738281,2363.08520507812,17028.90625,1217174.25,10021465,70281352,11,9.45195960998535,9.90528678894043,6.46774911880493,7.76772308349609,9.74266815185547,14.0120429992676,16.1202392578125,18.0680160522461,60,4,15,55,0,0,0,0,0,1,0,1,0,8301.408203125,899.363891601562,5012.67919921875,5085.125,6721.93701171875,1332.14050292969,0,5416.4697265625,3,0,0,2,0,0,0,4194.38916015625,8.34150314331055,2.00360226631165,127.330993652344,C¶te-des-Neiges-Notre-Dame-de-Graces,NA,,4278,"c(295084.65625, 5039709)"
151,Côte-des-Neiges,Saint-Kevin,C¶te-des-Neiges,Saint-Kevin,25/08/2004,0,11405.6826171875,23168.44140625,857.698181152344,990.059020996094,21320.68359375,789236.375,1042250.6875,42063476,1,9.34186744689941,10.0505456924438,6.7542519569397,6.89776515960693,9.96743297576904,13.578821182251,13.8568925857544,17.5546894073486,38.4000015258789,3,12.8000001907349,39.5999984741211,0,0,1,1,1,1,1,1,0,10414.150390625,920.179565429688,0,5271.15185546875,10906.533203125,1052.71569824219,1847.75720214844,4161.63525390625,4,0,0,2,1,0,1,4262.17919921875,8.35753631591797,2.31684422492981,114.056823730469,C¶te-des-Neiges-Notre-Dame-de-Graces,NA,,4279,"c(295010.96875, 5039755.5)"
168,Decelles,Queen-Mary,Decelles,Queen-Mary,17/03/2009,0,3695.70288085938,23168.466796875,4375.5458984375,4823.58642578125,13969.3349609375,4698527,3536783.75,26268430,0,8.21492576599121,10.0505466461182,8.38378715515137,8.48127269744873,9.5446195602417,15.3627595901489,15.078727722168,17.0838775634766,100.300003051758,4,25.1000003814697,67.6999969482422,1,1,0,1,1,0,1,1,0,8550.9033203125,1389.67858886719,2076.2392578125,1160.59216308594,7828.318359375,518.813354492188,4713.00634765625,626.618713378906,5,1,1,0,0,0,0,3683.27905273438,8.21155834197998,2.3168466091156,36.9570274353027,C¶te-des-Neiges-Notre-Dame-de-Graces,NA,,4284,"c(295609.71875, 5039645.5)"
1547,Decelles,Swail,Decelles,Swail,30/11/2004,0,3392.32275390625,25613.849609375,1748.8759765625,1099.85961914062,22765.11328125,3453685.75,304409.96875,51257352,0,8.12926959991455,10.1508884429932,7.46672916412354,7.00293779373169,10.0329847335815,15.05495262146,12.6261310577393,17.7523708343506,42.0999984741211,3,14,37.7999992370605,0,0,1,1,1,1,1,1,1,11726.8818359375,1974.80310058594,0,867.716491699219,11038.2314453125,276.771636962891,2848.73559570312,273.031494140625,2,0,0,0,0,0,1,3747.46508789062,8.228835105896,2.56138491630554,33.9232292175293,C¶te-des-Neiges-Notre-Dame-de-Graces,NA,,4285,"c(295537.125, 5039697)"
166,Decelles,Lacombe,Decelles,Lacombe,17/03/2009,0,4676.05810546875,19763.357421875,1275.48583984375,2015.22961425781,16472.642578125,1606178.25,2328990.75,35181044,1,8.45021057128906,9.89158535003662,7.15108203887939,7.60848808288574,9.70945644378662,14.2893676757812,14.660945892334,17.3760185241699,60.4000015258789,4,15.1000003814697,49.9000015258789,0,0,0,0,0,1,1,1,1,8078.0771484375,1190.91247558594,0,1458.74145507812,8268.732421875,904.554443359375,3416.54809570312,1121.849609375,2,0,0,0,0,0,0,3966.42602539062,8.28562068939209,1.97633576393127,46.7605819702148,C¶te-des-Neiges-Notre-Dame-de-Graces,NA,,4289,"c(295295.65625, 5039882)"
164,Decelles,Edouard-Montpetit,Decelles,Edouard-Montpetit,17/03/2009,0,6576.1279296875,22453.5078125,2049.54760742188,3464.2119140625,16939.748046875,3599806.5,5989350.5,55184968,1,8.79120063781738,10.0192022323608,7.62537384033203,8.15023994445801,9.73741817474365,15.0963907241821,15.6054935455322,17.8262004852295,64.5999984741211,4,16.1000003814697,55.5999984741211,0,1,0,1,1,0,1,1,0.5,9210.5712890625,1979.2392578125,3447.05297851562,2132.52490234375,8190.56396484375,1259.97534179688,1605.32006835938,1204.38818359375,4,0,0,0,0,0,0,4031.65893554688,8.30193328857422,2.24535083770752,65.7612762451172,C¶te-des-Neiges-Notre-Dame-de-Graces,NA,,4290,"c(295226.0625, 5039934.5)"
1688,Gatineau,Queen-Mary,Gatineau,Queen-Mary,31/03/2008,0,2299.10595703125,14065.783203125,2740.8154296875,906.8125,10418.1552734375,2103824,871985.1875,9103177,4,7.74027585983276,9.55150032043457,7.91601085662842,6.80993604660034,9.25130462646484,14.5592670440674,13.6785278320312,16.024133682251,87.5,4,21.8999996185303,68.1999969482422,1,0,0,0,0,1,1,1,0.5,5.09445190429688,1184.30993652344,5140.30224609375,357.867584228516,3354.69677734375,373.315093994141,5565.68896484375,383.613433837891,5,0,0,0,0,0,0,3770.462890625,8.23495292663574,1.40657830238342,22.991060256958,C¶te-des-Neiges-Notre-Dame-de-Graces,NA,,4306,"c(295540.78125, 5039532.5)"
80,Cedar Crescent,Queen-Mary,Cedar Crescent,Queen-Mary,27/05/2009,0,1386.05346679688,20389.044921875,1722.25085449219,1596.41564941406,17070.37890625,660854.4375,352387.0625,8251945.5,2,7.23421621322632,9.92275333404541,7.45138692855835,7.37551593780518,9.7451000213623,13.4012889862061,12.7724847793579,15.9259595870972,54.4000015258789,4,13.6000003814697,47.7999992370605,0,0,0,0,0,0,0,0,0,234.767013549805,504.157897949219,9078.91015625,132.512802124023,1290.27954101562,400.584686279297,9785.0888671875,348.798065185547,5,0,0,0,0,0,0,4182.73095703125,8.33871936798096,2.03890442848206,13.8605346679688,C¶te-des-Neiges-Notre-Dame-de-Graces,NA,,4330,"c(295234, 5039045.5)"
126,Queen-Mary,Roslyn,Queen-Mary,Roslyn,27/05/2009,0,778.322326660156,20794.72265625,1455.55541992188,995.412109375,18343.755859375,175143.671875,221357.5625,6286506,1,6.65714120864868,9.94245529174805,7.28314304351807,6.90315723419189,9.81704425811768,12.0733623504639,12.3075351715088,15.6539163589478,48.4000015258789,3,16.1000003814697,47.0999984741211,0,0,0,0,0,1,1,1,1,0,0,8297.60546875,222.377807617188,2450.96752929688,435.616790771484,10046.150390625,120.327713012695,4,0,0,2,0,0,0,4328.2939453125,8.37292861938477,2.0794723033905,7.78322315216064,C¶te-des-Neiges-Notre-Dame-de-Graces,NA,,4331,"c(295131.5, 5038884.5)"
119,Grosvenor,Queen-Mary,Grosvenor,Queen-Mary,27/05/2009,0,2234.43994140625,19579.568359375,593.491027832031,1493.1181640625,17492.958984375,804230.5,606195.875,30640772,1,7.71174621582031,9.88224220275879,6.38602209091187,7.30862188339233,9.76955413818359,13.5976409912109,13.3149576187134,17.2378425598145,49.4000015258789,3,16.5,46.5999984741211,0,0,1,1,0,0,1,1,0,0,22.8470344543457,7955.78466796875,108.142631530762,678.007141113281,459.986968994141,10945.77734375,1643.46337890625,6,0,0,3,0,0,1,4386.97314453125,8.38639450073242,1.95795679092407,22.3443984985352,C¶te-des-Neiges-Notre-Dame-de-Graces,NA,,4332,"c(295090.875, 5038820.5)"
149,Côte-des-Neiges,Queen-Mary,C¶te-des-Neiges,Queen-Mary,01/04/2008,0,4745.9736328125,22772.51171875,1965.17724609375,3255.27514648438,17552.05859375,1983576.375,4574057.5,41775936,10,8.46505165100098,10.0333089828491,7.58333778381348,8.08803176879883,9.77292728424072,14.5004119873047,15.3359107971191,17.547830581665,132.800003051758,4,33.2000007629395,96.9000015258789,1,1,0,1,0,0,0,0,0,7798.24609375,1103.81872558594,5941.177734375,802.167846679688,3286.50659179688,690.4453125,5746.58154296875,2149.54174804688,6,0,0,0,0,0,0,3827.30810546875,8.24991703033447,2.27725124359131,47.4597358703613,C¶te-des-Neiges-Notre-Dame-de-Graces,NA,,4347,"c(295496.625, 5039462)"
1450,Côte-Sainte-Catherine,Stirling,C¶te-Sainte-Catherine,Stirling,05/02/2009,0,1865.41271972656,20311.02734375,878.179077148438,2044.90270996094,17387.9453125,287065.875,668453.4375,26751790,0,7.53123807907104,9.91891860961914,6.77785110473633,7.6231050491333,9.76353168487549,12.5674667358398,13.4127216339111,17.1021118164062,48.2000007629395,3,16.1000003814697,42.2000007629395,0,0,0,0,0,0,1,1,1,0,0,9940.150390625,1145.08544921875,0,326.887634277344,10370.876953125,393.439636230469,4,0,0,1,0,0,0,3773.49609375,8.23575687408447,2.03110265731812,18.6541271209717,C¶te-des-Neiges-Notre-Dame-de-Graces,NA,,4382,"c(295550.53125, 5040981)"
162,Côte-Sainte-Catherine,Wilderton,C¶te-Sainte-Catherine,Wilderton,21/05/2009,0,1393.78637695312,21425.841796875,2464.98583984375,1577.5908203125,17383.265625,979578.625,601307.3125,10309171,1,7.23977899551392,9.97235298156738,7.80994081497192,7.36365413665771,9.76326274871826,13.7948780059814,13.3068609237671,16.1485443115234,67.4000015258789,4,16.8999996185303,51,0,1,0,1,0,0,1,1,1,0,399.300964355469,8762.326171875,232.046600341797,481.8349609375,403.821350097656,12181.6806640625,358.617462158203,4,0,0,1,0,0,0,3804.93408203125,8.24405384063721,2.14258408546448,13.9378633499146,C¶te-des-Neiges-Notre-Dame-de-Graces,NA,,4383,"c(295504.75, 5040910)"
169,Decelles,Van Horne,Decelles,Van Horne,19/08/2009,0,2137.31176757812,15103.8779296875,2200.79565429688,2063.48754882812,10839.5947265625,1182587.875,967113.5625,13654133,2,7.66730403900146,9.62270736694336,7.69657421112061,7.63215303421021,9.29096126556396,13.9832162857056,13.7820711135864,16.4295520782471,60,4,15,49.5999984741211,0,0,0,0,0,0,0,0,1,663.332946777344,463.028289794922,5699.248046875,578.785339355469,3022.70947265625,330.494812011719,5718.58740234375,765.003234863281,4,0,0,0,0,0,0,4642.7548828125,8.4430627822876,1.51038777828217,21.3731174468994,C¶te-des-Neiges-Notre-Dame-de-Graces,NA,,4396,"c(294605.84375, 5040333.5)"
156,Côte-Sainte-Catherine,Hudson,C¶te-Sainte-Catherine,Hudson,21/05/2009,0,3608.77661132812,20841.6875,2070.58813476562,1653.86584472656,17117.232421875,2548649,2042784.875,47560780,2,8.19112396240234,9.94470977783203,7.6355881690979,7.41087102890015,9.74784088134766,14.7510738372803,14.5298252105713,17.6775188446045,49.7999992370605,3,16.6000003814697,44.5,0,0,1,1,0,0,1,1,0.5,2688.22973632812,830.24462890625,9647.861328125,1378.71838378906,0,0,8505.595703125,1399.81359863281,4,0,0,2,0,0,1,4037.36206054688,8.30334663391113,2.08416867256165,36.0877647399902,C¶te-des-Neiges-Notre-Dame-de-Graces,NA,,4421,"c(295216.875, 5040460)"
174,Hudson,Van Horne,Hudson,Van Horne,19/08/2009,0,1724.61254882812,15107.74609375,1558.73571777344,1506.52001953125,12042.490234375,666781.625,651961.1875,10656521,1,7.45275783538818,9.62296295166016,7.35163021087646,7.31755781173706,9.39619731903076,13.4102182388306,13.3877401351929,16.1816825866699,63.2999992370605,4,15.8000001907349,50.9000015258789,0,0,0,0,0,0,0,0,1,1514.25561523438,432.830780029297,5766.935546875,364.047607421875,1800.47509765625,395.922729492188,6026.080078125,531.811462402344,4,0,0,1,0,0,0,4488.7890625,8.40933799743652,1.51077461242676,17.2461261749268,C¶te-des-Neiges-Notre-Dame-de-Graces,NA,,4423,"c(294776.75, 5040628)"
130,Barclay,Côte-des-Neiges,Barclay,C¶te-des-Neiges,11/08/2004,0,9572.896484375,28859.95703125,2557.21142578125,2705.45556640625,23597.2890625,5432751.5,7426312,94488872,6,9.16669082641602,10.2702102661133,7.84667301177979,7.90302610397339,10.068886756897,15.5079555511475,15.8205404281616,18.36399269104,51.9000015258789,4,13,51.7000007629395,1,0,0,0,0,1,1,1,0,10694.755859375,2832.48681640625,5072.0673828125,3184.654296875,13093.1337890625,848.231384277344,0,2707.52416992188,5,1,1,0,0,0,0,5055.1982421875,8.52817249298096,2.88599562644958,95.7289657592773,C¶te-des-Neiges-Notre-Dame-de-Graces,NA,,4465,"c(294192.5625, 5040290)"
77,Bourret,Décarie inter. Est,Bourret,DÚcarie inter. Est,20/08/2009,0,731.901977539062,14221.5478515625,0,1262.39233398438,12959.15625,0,251414.265625,6903925.5,0,6.59564685821533,9.56251430511475,0,7.1407642364502,9.469557762146,0,12.4348573684692,15.7476005554199,35.5,3,11.8000001907349,30.6000003814697,0,0,0,0,0,0,1,1,0,0,0,0,199.156997680664,14221.5478515625,532.744995117188,0,0,3,0,0,2,0,0,0,5523.69384765625,8.61680221557617,1.42215478420258,7.31901979446411,C¶te-des-Neiges-Notre-Dame-de-Graces,NA,,4483,"c(293933.59375, 5038715.5)"
152,Côte-des-Neiges,Van Horne,C¶te-des-Neiges,Van Horne,12/08/2004,0,8114.40771484375,32018.939453125,1117.60766601562,3922.07202148438,26979.259765625,1581446.125,8187920.5,99365200,6,9.00139617919922,10.3740825653076,7.01894617080688,8.27437496185303,10.202823638916,14.273850440979,15.9181709289551,18.4143123626709,70.3000030517578,4,17.6000003814697,57.7999992370605,0,1,0,1,1,0,0,0,0,10058.4697265625,1666.62084960938,6371.40869140625,1987.12487792969,9358.6591796875,1036.9248046875,6230.40185546875,3423.73706054688,4,0,0,1,0,0,0,4778.8310546875,8.47195148468018,3.2018940448761,81.1440734863281,C¶te-des-Neiges-Notre-Dame-de-Graces,NA,,4492,"c(294469.78125, 5040112.5)"
148,Appleton,Côte-des-Neiges/Plamondon,Appleton,C¶te-des-Neiges/Plamondon,07/04/2008,0,5549.11572265625,21161.671875,1682.79077148438,1021.96887207031,18456.912109375,1270130.625,1377534.125,27070138,2,8.62139415740967,9.95994663238525,7.42820882797241,6.92948579788208,9.82319355010986,14.054630279541,14.1358060836792,17.113941192627,55.7000007629395,4,13.8999996185303,34.5999984741211,0,0,0,0,0,1,1,1,1,7660.92431640625,744.057495117188,0,1778.72338867188,9674.1259765625,413.365295410156,3826.6201171875,2612.9697265625,4,0,0,0,0,0,0,4991.13720703125,8.51541900634766,2.11616706848145,55.4911575317383,C¶te-des-Neiges-Notre-Dame-de-Graces,NA,,4493,"c(294256.25, 5040250)"
154,Côte-Sainte-Catherine,Decelles,C¶te-Sainte-Catherine,Decelles,17/02/2009,0,3448.28466796875,32307.896484375,4932.392578125,6252.94091796875,21122.5625,5616396,5327092,35513544,5,8.14563179016113,10.3830671310425,8.50358009338379,8.74080657958984,9.95809745788574,15.5412006378174,15.4883155822754,17.385425567627,74.9000015258789,4,18.7000007629395,64.0999984741211,1,1,0,1,0,0,1,1,0,5801.71923828125,936.132263183594,11373.6884765625,770.235412597656,8179.9482421875,1200.77722167969,6952.5419921875,541.139709472656,5,1,1,0,0,0,0,4268.423828125,8.35900020599365,3.23078966140747,34.4828453063965,C¶te-des-Neiges-Notre-Dame-de-Graces,NA,,4497,"c(294981, 5040090)"
158,Côte-Sainte-Catherine,Légaré,C¶te-Sainte-Catherine,LÚgarÚ,10/08/2009,0,6604.5625,20880.650390625,2399.70751953125,3994.85424804688,14486.0888671875,3896575,4671501.5,43349300,5,8.79551601409912,9.94657802581787,7.78310203552246,8.29276180267334,9.5809440612793,15.1756076812744,15.356990814209,17.5848007202148,65.1999969482422,4,16.2999992370605,55.5999984741211,0,0,1,1,0,1,1,1,1,7255.02294921875,2485.64868164062,6574.24072265625,1708.53063964844,0,1292.68786621094,7051.38720703125,1117.69519042969,4,0,0,1,0,0,1,4610.44921875,8.43608093261719,2.0880651473999,66.0456237792969,C¶te-des-Neiges-Notre-Dame-de-Graces,NA,,4498,"c(294677.46875, 5039613.5)"
159,Côte-Sainte-Catherine,Lemieux,C¶te-Sainte-Catherine,Lemieux,10/08/2009,0,1454.50903320312,15999.3818359375,433.225067138672,632.867980957031,14933.2880859375,270051.875,248293.859375,12026414,3,7.2824239730835,9.68030452728271,6.0712571144104,6.45026206970215,9.61134815216064,12.506368637085,12.4223680496216,16.3026161193848,51.9000015258789,3,17.2999992370605,45,0,0,1,1,0,0,1,1,1,592.939392089844,647.284729003906,7532.5263671875,602.125366210938,0,1.8816419839859,7873.91552734375,203.217300415039,4,0,0,1,0,0,1,5121.18310546875,8.54114055633545,1.59993815422058,14.545090675354,C¶te-des-Neiges-Notre-Dame-de-Graces,NA,,4501,"c(294278.78125, 5038983)"
161,Côte-Sainte-Catherine,Westbury,C¶te-Sainte-Catherine,Westbury,10/08/2009,0,2241.03540039062,20124.00390625,1317.64306640625,2389.72534179688,16416.634765625,739720.0625,1371431.375,15970126,3,7.71469306945801,9.90966892242432,7.18359994888306,7.77893400192261,9.70604991912842,13.5140266418457,14.131365776062,16.5862293243408,68.3000030517578,4,17.1000003814697,53.4000015258789,0,0,1,1,0,0,0,0,1,2166.12548828125,754.538330078125,7764.1123046875,299.181030273438,1599.13952636719,568.255798339844,8594.626953125,619.060119628906,4,0,0,0,0,0,1,5253.81982421875,8.56671047210693,2.01240038871765,22.4103546142578,C¶te-des-Neiges-Notre-Dame-de-Graces,NA,,4502,"c(294184.4375, 5038820.5)"
87,Côte-Sainte-Catherine,Décarie inter. Est,C¶te-Sainte-Catherine,DÚcarie inter. Est,20/08/2009,0,687.091674804688,27448.890625,643.647644042969,7221.8798828125,19583.36328125,110812.390625,2085174.25,6894769,1,6.53246784210205,10.2200813293457,6.46715116500854,8.8848705291748,9.88243579864502,11.6155939102173,14.5503625869751,15.7462739944458,61.4000015258789,4,15.3999996185303,53.7999992370605,0,0,0,0,0,0,1,1,0,0,305.374084472656,7308.0830078125,278.819793701172,16001.1572265625,97.9188613891602,4139.650390625,4.9789252281189,6,0,0,3,0,0,0,5415.60791015625,8.5970401763916,2.7448890209198,6.87091684341431,C¶te-des-Neiges-Notre-Dame-de-Graces,NA,,4510,"c(294070.375, 5038634)"
112,Décarie,Van Horne inter. Est,DÚcarie,Van Horne inter. Est,24/08/2009,0,1209.89562988281,32791.34375,5266.57958984375,4108.65087890625,23416.115234375,2262300.5,1786479.125,13744464,4,7.09828901290894,10.3979196548462,8.56913566589355,8.32085037231445,10.0611801147461,14.631893157959,14.3957567214966,16.4361476898193,63.0999984741211,4,15.8000001907349,45.7999992370605,0,0,0,0,0,0,1,1,0,0,536.267883300781,6887.6796875,353.748657226562,14168.65625,299.181030273438,11735.009765625,20.6980590820312,4,1,1,2,0,0,0,5719.5478515625,8.65164470672607,3.27913427352905,12.0989561080933,C¶te-des-Neiges-Notre-Dame-de-Graces,NA,,4512,"c(293689.625, 5038873)"
106,Décarie,Plamondon inter. Est,DÚcarie,Plamondon inter. Est,31/08/2009,0,760.183227539062,26231.080078125,2908.796875,2804.98266601562,20517.30078125,582800.875,725884.625,8370409.5,2,6.63356018066406,10.1746997833252,7.97549486160278,7.93915319442749,9.92902374267578,13.2756013870239,13.4951457977295,15.9402132034302,62.5999984741211,4,15.6999998092651,50.5999984741211,0,0,0,0,0,0,1,1,0,0,231.441925048828,4076.7080078125,291.654479980469,16065.263671875,218.270446777344,6089.1083984375,18.8164176940918,4,0,0,0,0,0,0,5922.283203125,8.68647766113281,2.62310791015625,7.60183238983154,C¶te-des-Neiges-Notre-Dame-de-Graces,NA,,4513,"c(293447.0625, 5039028)"
104,Décarie,Paré inter. Est,DÚcarie,ParÚ inter. Est,10/06/2009,0,1225.06066894531,38451.140625,3292.333984375,5817.37890625,29341.427734375,349572.40625,1968602.375,12130262,3,7.11074590682983,10.5571441650391,8.09935188293457,8.66860485076904,10.2867555618286,12.7644662857056,14.4928340911865,16.3112144470215,70.1999969482422,4,17.6000003814697,60.5,0,0,0,0,1,1,1,1,0,0,175.249404907227,6512.73486328125,834.119750976562,29335.89453125,187.045028686523,2602.51171875,28.6465358734131,4,0,0,0,0,0,0,6622.48095703125,8.79822540283203,3.84511399269104,12.2506065368652,C¶te-des-Neiges-Notre-Dame-de-Graces,NA,,4517,"c(292655.15625, 5039591)"
110,Décarie,Royalmount/Savane inter. Est,DÚcarie,Royalmount/Savane inter. Est,21/01/2009,0,3689.94995117188,25644.642578125,5316.857421875,1556.15344238281,18771.6328125,8112536.5,4738947,35528368,3,8.21336841583252,10.1520900726318,8.57863807678223,7.34997177124023,9.84010219573975,15.9089212417603,15.3713264465332,17.3858413696289,95.6999969482422,4,23.8999996185303,62,1,0,0,0,0,1,1,1,0,0,3110.50512695312,6328.7822265625,458.648498535156,12506.626953125,75.4976959228516,6809.234375,45.2986183166504,6,0,0,2,0,0,0,6963.10791015625,8.84838104248047,2.56446433067322,36.8994979858398,C¶te-des-Neiges-Notre-Dame-de-Graces,NA,,4518,"c(292290.71875, 5039923)"
76,Décarie,Jockeys des inter. Ouest,DÚcarie,Jockeys des inter. Ouest,20/01/2009,0,3831.92846679688,31943.66796875,2163.76440429688,3185.19482421875,26594.708984375,375028.46875,3787946.25,63632088,0,8.25112342834473,10.3717288970947,7.67960500717163,8.06626892089844,10.1884679794312,12.8347568511963,15.1473350524902,17.9686279296875,37.9000015258789,2,19,48.5,0,1,0,1,0,1,1,1,0,30000.865234375,209.117034912109,0,173.322219848633,0,2264.49267578125,1942.80200195312,1184.99658203125,4,0,0,0,1,0,0,6525.18896484375,8.78342533111572,3.1943666934967,38.3192863464355,C¶te-des-Neiges-Notre-Dame-de-Graces,NA,,4522,"c(292773.40625, 5039407.5)"
105,Décarie,Paré inter. Ouest,DÚcarie,ParÚ inter. Ouest,10/06/2009,0,721.218688964844,37222.7421875,1446.04479980469,2264.97827148438,33511.71875,309462.9375,626609,11362892,2,6.58094215393066,10.5246753692627,7.27658700942993,7.72531986236572,10.4196500778198,12.6425943374634,13.3480777740479,16.2458648681641,65.9000015258789,4,16.5,58.5,1,0,1,1,1,0,1,1,0,29487.138671875,116.27123260498,3744.22290039062,6.74036121368408,0,214.006469726562,3991.37866210938,384.200592041016,4,0,0,2,0,0,1,6663.18994140625,8.80435371398926,3.72227430343628,7.21218681335449,C¶te-des-Neiges-Notre-Dame-de-Graces,NA,,4523,"c(292618.5625, 5039547.5)"
97,Décarie,Ferrier inter. Ouest,DÚcarie,Ferrier inter. Ouest,21/01/2009,0,411.462463378906,17166.583984375,1675.20336914062,1602.92309570312,13888.45703125,140132.546875,245155.71875,3021027.25,0,6.01971817016602,9.75072002410889,7.42368984222412,7.37958383560181,9.5388126373291,11.8503437042236,12.4096488952637,14.9211082458496,53.9000015258789,4,13.5,45.0999984741211,0,0,0,0,0,1,1,1,0,11424.546875,84.9349060058594,3084.67016601562,5.66232681274414,0,145.333068847656,2657.36572265625,175.532150268555,3,0,0,1,0,0,0,6830.02783203125,8.8290843963623,1.71665835380554,4.11462450027466,C¶te-des-Neiges-Notre-Dame-de-Graces,NA,,4524,"c(292436.65625, 5039710)"
111,Décarie,Royalmount/Savanne int. Ouest,DÚcarie,Royalmount/Savanne int. Ouest,21/01/2009,0,3344.54809570312,23299.783203125,6483.97265625,2074.87133789062,14740.939453125,835410.5,591097.4375,24589098,1,8.11508655548096,10.0561990737915,8.77708911895752,7.63765382766724,9.59838390350342,13.6356792449951,13.2897357940674,17.0178146362305,66.3000030517578,4,16.6000003814697,53.2000007629395,1,0,0,0,0,0,1,1,0,12257.8974609375,2731.12915039062,6926.158203125,41.5237312316895,0,262.3544921875,4115.72802734375,309.540557861328,5,1,1,2,0,0,0,7014.080078125,8.85567474365234,2.32997822761536,33.4454803466797,C¶te-des-Neiges-Notre-Dame-de-Graces,NA,,4525,"c(292241.34375, 5039887)"
96,Décarie,Ferrier inter. Est,DÚcarie,Ferrier inter. Est,21/01/2009,0,490.735015869141,18006.310546875,3356.78442382812,1275.53564453125,13373.9912109375,159729.59375,207971.890625,3422494,2,6.19590377807617,9.79847812652588,8.11873912811279,7.15112113952637,9.50106716156006,11.9812383651733,12.2451581954956,15.045880317688,58.7999992370605,4,14.6999998092651,49.2999992370605,0,0,0,0,0,1,1,1,0.5,0,96.2595672607422,1639.06323242188,215.168441772461,14084.0390625,164.207489013672,2283.20874023438,15.0995388031006,3,0,0,1,0,0,0,6785.81103515625,8.82258892059326,1.80063104629517,4.90735006332397,C¶te-des-Neiges-Notre-Dame-de-Graces,NA,,4528,"c(292477.6875, 5039755.5)"
157,Côte-Sainte-Catherine,Lavoie,C¶te-Sainte-Catherine,Lavoie,10/08/2009,0,4372.935546875,19736.697265625,2232.00756835938,2595.35766601562,14909.3310546875,2359960,2110956,29631528,9,8.3831901550293,9.89023494720459,7.71065711975098,7.86148023605347,9.60974311828613,14.6741552352905,14.5626516342163,17.2043495178223,66.3000030517578,4,16.6000003814697,55.7000007629395,0,0,0,0,0,0,1,1,1,0,961.518920898438,8656.515625,483.581909179688,3116.42553710938,1490.26025390625,7963.7548828125,1437.57421875,4,0,0,1,0,0,0,4784.19091796875,8.47307205200195,1.97366976737976,43.7293548583984,C¶te-des-Neiges-Notre-Dame-de-Graces,NA,,4550,"c(294536.46875, 5039389.5)"
181,Lavoie,Van Horne,Lavoie,Van Horne,18/08/2009,0,2089.80493164062,15987.767578125,1551.17944335938,1414.64538574219,13021.943359375,974381.125,764207.0625,13342104,1,7.64482593536377,9.67957878112793,7.34677076339722,7.25463390350342,9.47439098358154,13.7895584106445,13.5465936660767,16.4064350128174,59.7000007629395,4,14.8999996185303,49.7000007629395,0,0,0,0,0,0,0,0,1,0,671.483764648438,5047.97021484375,400.211029052734,4661.12353515625,410.258178710938,6278.673828125,607.851928710938,2,0,0,0,0,0,0,5099.10595703125,8.53682041168213,1.59877681732178,20.8980484008789,C¶te-des-Neiges-Notre-Dame-de-Graces,NA,,4551,"c(294184.84375, 5039614)"
182,Légaré,Van Horne,LÚgarÚ,Van Horne,24/09/2007,0,1483.27197265625,15984.1689453125,1141.02673339844,1540.14123535156,13303.0009765625,324354.21875,471489.65625,10349430,5,7.30200576782227,9.67935371398926,7.03968381881714,7.33962917327881,9.4957447052002,12.6895914077759,13.0636520385742,16.1524429321289,57.7000007629395,4,14.3999996185303,49.5999984741211,0,0,0,0,0,1,1,1,0.5,4534.72412109375,475.812286376953,4767.3369140625,337.438293457031,0,194.209091186523,6682.107421875,475.812286376953,4,0,0,0,0,0,0,4936.8310546875,8.50447845458984,1.59841692447662,14.8327198028564,C¶te-des-Neiges-Notre-Dame-de-Graces,NA,,4555,"c(294325.53125, 5039839)"
183,Lemieux,Van Horne,Lemieux,Van Horne,12/08/2009,0,2573.49780273438,14806.0556640625,1848.82299804688,1454.30432128906,11502.927734375,1551023.125,648590.25,23273096,5,7.85302114486694,9.60279178619385,7.52230405807495,7.28228282928467,9.35035705566406,14.2544250488281,13.3825559616089,16.9628086090088,43.2000007629395,3,14.3999996185303,37.9000015258789,0,0,0,0,0,0,1,1,0,1071.38903808594,550.265502929688,5919.71484375,1719.57971191406,0,0,7814.95166015625,303.652618408203,3,0,0,1,0,0,0,5417.4228515625,8.59737586975098,1.4806056022644,25.734977722168,C¶te-des-Neiges-Notre-Dame-de-Graces,NA,,4558,"c(293926.34375, 5039206.5)"
192,Van Horne,Westbury,Van Horne,Westbury,18/08/2009,0,1811.83410644531,17391.03515625,1568.24621582031,1488.60131835938,14334.1875,692515.8125,540899.4375,9132722,0,7.50209522247314,9.76371002197266,7.35771322250366,7.30559206008911,9.57040309906006,13.4480857849121,13.2009887695312,16.0273742675781,62.9000015258789,4,15.6999998092651,48.7000007629395,0,1,0,1,0,0,0,0,1,1503.77172851562,855.681335449219,5503.083984375,214.338958740234,2429.169921875,423.654357910156,7955.009765625,318.159393310547,3,0,0,0,0,0,0,5552.60498046875,8.62202262878418,1.73910355567932,18.1183414459229,C¶te-des-Neiges-Notre-Dame-de-Graces,NA,,4575,"c(293819.25, 5039054.5)"
88,Côte-Sainte-Catherine,Décarie inter. Ouest,C¶te-Sainte-Catherine,DÚcarie inter. Ouest,20/08/2009,0,443.124328613281,17445.533203125,8938.2734375,0,8507.259765625,1185195.125,0,3769773.75,1,6.09385013580322,9.76683902740479,9.0980978012085,0,9.04867458343506,13.9854183197021,0,15.1425256729126,38.5999984741211,3,12.8999996185303,37.2000007629395,0,0,0,0,0,1,1,1,0,12587.5263671875,199.156997680664,4858.00732421875,0,0,243.967330932617,0,0,4,1,1,0,0,0,0,5452.708984375,8.60386753082275,1.74455332756042,4.43124341964722,C¶te-des-Neiges-Notre-Dame-de-Graces,NA,,4585,"c(294044.09375, 5038593.5)"
190,Van Horne,Victoria,Van Horne,Victoria,18/08/2009,0,14037.52734375,21911.83203125,618.196228027344,2495.54052734375,18798.095703125,1749235.375,9460755,134477200,13,9.54948997497559,9.99478244781494,6.42680597305298,7.82226085662842,9.84151077270508,14.3746891021729,16.0626621246338,18.7169055938721,211.199996948242,4,52.7999992370605,54,0,1,0,1,0,0,0,0,0,4985.39208984375,4504.46728515625,5393.09814453125,1913.97998046875,4615.6123046875,1371.43444824219,6917.7294921875,6247.64599609375,2,0,0,1,0,0,0,5269.5791015625,8.56970596313477,2.19118309020996,140.375274658203,C¶te-des-Neiges-Notre-Dame-de-Graces,NA,,4588,"c(294043.90625, 5039391.5)"
146,Côte-des-Neiges,La Peltrie,C¶te-des-Neiges,La Peltrie,17/08/2004,0,5796.20556640625,23582.28515625,78.311767578125,1487.92358398438,22016.048828125,183873.984375,3487999.5,74168368,3,8.66495895385742,10.0682506561279,4.36069822311401,7.30513715744019,9.99952697753906,12.1220064163208,15.0648393630981,18.12184715271,42.0999984741211,3,14,41,0,0,0,0,1,0,1,1,0,12592.5322265625,2094.64965820312,0,79.4000778198242,10984.53125,1274.18225097656,5.22078514099121,2347.9736328125,4,0,0,1,0,0,0,4614.68017578125,8.43699741363525,2.3582284450531,57.9620552062988,C¶te-des-Neiges-Notre-Dame-de-Graces,NA,,4593,"c(294637.84375, 5040005)"
114,Décarie,Vézina inter. Est,DÚcarie,VÚzina inter. Est,31/08/2009,0,952.110717773438,31851.02734375,6296.73681640625,2980.66845703125,22573.62109375,2526161.5,1239827.625,12537476,2,6.85868120193481,10.3688249588013,8.74778747558594,7.99990320205688,10.0245370864868,14.7422122955322,14.0304832458496,16.3442325592041,57.4000015258789,4,14.3999996185303,49.4000015258789,0,0,0,0,0,0,1,1,0,0,445.949096679688,4358.20458984375,308.589233398438,18702.546875,176.874328613281,8790.2763671875,20.6980590820312,3,0,0,0,0,0,0,6082.3017578125,8.71313858032227,3.18510270118713,9.5211067199707,C¶te-des-Neiges-Notre-Dame-de-Graces,NA,,4609,"c(293261.21875, 5039146.5)"
1427,Bonavista,Côte-Saint-Luc,Bonavista,C¶te-Saint-Luc,25/08/2009,0,252.852996826172,16076.89453125,650.433471679688,866.612487792969,14559.8486328125,62238.05078125,80614.1484375,1828560.25,1,5.53280782699585,9.68513774871826,6.47763919830322,6.76459217071533,9.58602333068848,11.038722038269,11.2974290847778,14.419038772583,58.0999984741211,3,19.3999996185303,33.2000007629395,0,0,1,1,0,0,1,1,0,798.345397949219,127.263763427734,7389.91015625,56.9337882995605,0,0,7888.638671875,68.6554489135742,4,0,0,2,0,0,1,4067.27587890625,8.31072902679443,1.60768949985504,2.52852988243103,C¶te-des-Neiges-Notre-Dame-de-Graces,NA,,4631,"c(295731.28125, 5038179.5)"
82,Clanranald,Queen-Mary,Clanranald,Queen-Mary,13/09/2006,0,1620.67517089844,11091.55078125,629.722900390625,1385.85864257812,9075.9697265625,199955.1875,626898.8125,6355769,1,7.39059782028198,9.31393909454346,6.44528007507324,7.23407506942749,9.11338520050049,12.2058486938477,13.3485403060913,15.6648731231689,70.3000030517578,4,17.6000003814697,57.0999984741211,1,0,0,0,0,1,1,1,1,2.34097695350647,550.41796875,2708.5107421875,408.445068359375,4131.8251953125,554.786376953125,4248.8740234375,107.025718688965,4,0,0,0,0,0,0,5257.44482421875,8.5673999786377,1.10915505886078,16.206750869751,C¶te-des-Neiges-Notre-Dame-de-Graces,NA,,4652,"c(294525.03125, 5037913)"
83,Clanranald,Van Horne,Clanranald,Van Horne,19/08/2009,0,494.903411865234,18366.392578125,1299.59106445312,539.562377929688,16527.240234375,183439,82064.1328125,3763114.5,0,6.2043628692627,9.81827831268311,7.16980504989624,6.29075813293457,9.71276473999023,12.1196365356445,11.3152561187744,15.14075756073,55.4000015258789,4,13.8999996185303,36.2999992370605,0,0,0,0,0,0,1,1,0.5,0,159.375671386719,7190.296875,147.632202148438,2167.9189453125,112.401794433594,9008.177734375,75.4937438964844,4,0,0,0,0,0,0,5975.953125,8.6954984664917,1.83663928508759,4.94903421401978,C¶te-des-Neiges-Notre-Dame-de-Graces,NA,,4655,"c(293504.75, 5038570)"
90,Côte-Saint-Luc,Décarie inter. Est,C¶te-Saint-Luc,DÚcarie inter. Est,12/05/2009,0,1848.693359375,39679.39453125,5941.04345703125,3812.13891601562,29926.2109375,839737.9375,2459017.75,27381852,2,7.5222339630127,10.588586807251,8.68964004516602,8.24594593048096,10.306489944458,13.6408452987671,14.7152729034424,17.1253910064697,45.0999984741211,3,15,58,1,0,0,0,1,0,1,1,0,0,294.939575195312,8624.2734375,1027.7275390625,21254.0546875,501.701324462891,9801.064453125,24.3249111175537,4,0,0,1,1,0,0,4652.63916015625,8.44518947601318,3.96793937683105,18.4869327545166,C¶te-des-Neiges-Notre-Dame-de-Graces,NA,,4676,"c(295218.6875, 5037896.5)"
108,Décarie,Queen-Mary inter. Est,DÚcarie,Queen-Mary inter. Est,12/03/2009,0,4315.62939453125,41213.8515625,754.980590820312,9009.69140625,31449.177734375,10083.455078125,12875479,69356040,9,8.36999797821045,10.6265296936035,6.6266918182373,9.10605621337891,10.3561277389526,9.21865081787109,16.3708343505859,18.0547637939453,85,4,21.2999992370605,70.5999984741211,1,1,0,1,1,0,1,1,0,0,2836.46215820312,9939.935546875,756.278564453125,23113.576171875,709.532897949219,8160.33837890625,13.3559131622314,6,0,0,1,0,0,0,4955.4951171875,8.50825214385986,4.12138509750366,43.1562957763672,C¶te-des-Neiges-Notre-Dame-de-Graces,NA,,4683,"c(294716.4375, 5038217)"
98,Décarie,Isabella inter. Est,DÚcarie,Isabella inter. Est,27/08/2009,0,1521.89147949219,29893.21875,5440.35498046875,2063.12060546875,22389.744140625,359508.40625,391685.5,16494387,0,7.32770919799805,10.3053865432739,8.60159969329834,7.6319751739502,10.0163583755493,12.7924928665161,12.8782138824463,16.6185302734375,54.0999984741211,4,13.5,47.4000015258789,0,1,0,1,1,0,1,1,0,0,21.5753421783447,2921.3173828125,419.889343261719,17911.029296875,687.091674804688,9060.873046875,393.335083007812,3,0,0,1,0,0,0,5126.9169921875,8.54226016998291,2.98932194709778,15.2189149856567,C¶te-des-Neiges-Notre-Dame-de-Graces,NA,,4684,"c(294463.5, 5038380)"
94,Décarie,Edouard-Montpetit inter. Est,DÚcarie,Edouard-Montpetit inter. Est,24/08/2009,0,306.707611083984,30567.32421875,2828.93969726562,4781.447265625,22956.935546875,43046.46484375,71975.765625,4687166.5,0,5.72589492797852,10.3276872634888,7.94765710830688,8.47249889373779,10.0413751602173,10.6700353622437,11.1840848922729,15.3603391647339,72,4,18,59.7000007629395,0,1,0,1,1,1,1,1,0,0,15.0531339645386,6418.51904296875,73.3840255737305,21401.71875,197.572387695312,2747.08618164062,20.6980590820312,4,1,1,4,0,0,0,5237.1171875,8.56352615356445,3.05673241615295,3.06707620620728,C¶te-des-Neiges-Notre-Dame-de-Graces,NA,,4686,"c(294307.53125, 5038484.5)"
91,Côte-Saint-Luc,Décarie inter. Ouest,C¶te-Saint-Luc,DÚcarie inter. Ouest,12/05/2009,0,1243.61108398438,39451.03125,4344.36474609375,6261.48388671875,28845.18359375,1106034.125,2755540.75,17234364,1,7.12577486038208,10.5828161239624,8.37663459777832,8.74217319488525,10.2696981430054,13.9162912368774,14.8291244506836,16.6624164581299,49.2999992370605,3,16.3999996185303,59.7000007629395,1,1,0,1,1,0,1,1,0,17471.3828125,373.995513916016,10119.6630859375,15.2030696868896,0,483.457641601562,11859.9873046875,370.954925537109,6,0,0,1,1,0,0,4691.6669921875,8.4535436630249,3.94510316848755,12.436110496521,C¶te-des-Neiges-Notre-Dame-de-Graces,NA,,4688,"c(295194.46875, 5037860.5)"
103,Décarie,Snowdon inter. Ouest,DÚcarie,Snowdon inter. Ouest,27/08/2009,0,1201.58056640625,20786.37109375,693.453735351562,1741.29675292969,18351.62109375,96884.1484375,897508.875,8414945,1,7.091392993927,9.94205284118652,6.54168510437012,7.4623851776123,9.81747341156006,11.4812707901001,13.7073783874512,15.945520401001,34.9000015258789,3,11.6000003814697,41.2999992370605,0,0,0,0,0,0,1,1,0,17709.888671875,229.030548095703,1463.5322265625,11.6174917221069,0,194.178085327148,1612.95031738281,766.754455566406,3,0,0,2,1,0,0,4876.59814453125,8.49220275878906,2.07863712310791,12.0158052444458,C¶te-des-Neiges-Notre-Dame-de-Graces,NA,,4689,"c(294873.6875, 5038067)"
99,Décarie,Isabella inter. Ouest,DÚcarie,Isabella inter. Ouest,27/08/2009,0,1643.04528808594,32366.28125,3333.17529296875,4917.3916015625,24115.71484375,695013.5625,2958266.5,21757866,0,7.40430688858032,10.3848724365234,8.11168098449707,8.50053310394287,10.0906190872192,13.4516868591309,14.9001140594482,16.895486831665,54.7999992370605,4,13.6999998092651,46.7000007629395,0,1,0,1,1,0,1,1,0,22531.5,302.054779052734,2333.22265625,14.9367752075195,0,761.775512695312,7501.56005859375,564.278198242188,4,0,0,3,0,0,0,5159.2138671875,8.54853916168213,3.23662805557251,16.4304523468018,C¶te-des-Neiges-Notre-Dame-de-Graces,NA,,4691,"c(294443.03125, 5038343.5)"
95,Décarie,Edouard-Montpetit inter. Ouest,DÚcarie,Edouard-Montpetit inter. Ouest,24/08/2009,0,79.0289535522461,25987.515625,4348.22216796875,0,21639.29296875,158173.890625,0,833686.75,1,4.36981391906738,10.1653718948364,8.37752246856689,0,9.98226642608643,11.9714498519897,0,13.6336126327515,55.5999984741211,3,18.5,52.2999992370605,1,0,0,0,0,0,0,0,0,10549.130859375,24.4613418579102,1720.92175292969,0,0,54.5676116943359,13717.462890625,0,5,1,1,0,0,0,0,5280.36376953125,8.57175064086914,2.59875154495239,0.790289521217346,C¶te-des-Neiges-Notre-Dame-de-Graces,NA,,4692,"c(294278.53125, 5038437)"
78,Bourret,Décarie inter. Ouest,Bourret,DÚcarie inter. Ouest,20/08/2009,0,823.182250976562,12618.17578125,0,1494.18200683594,11123.994140625,0,121281.6328125,5390858.5,0,6.7131781578064,9.44289398193359,0,7.30933380126953,9.31686019897461,0,11.7058706283569,15.5002145767212,36.0999984741211,3,12,31.2999992370605,0,0,1,1,0,0,1,1,1,11482.21484375,484.615386962891,0,0,0,0,1135.96154785156,338.56689453125,2,0,0,2,0,0,1,5554.02294921875,8.62227821350098,1.26181757450104,8.2318229675293,C¶te-des-Neiges-Notre-Dame-de-Graces,NA,,4696,"c(293912.65625, 5038678.5)"
113,Décarie,Van Horne inter. Ouest,DÚcarie,Van Horne inter. Ouest,24/08/2009,0,1467.68054199219,29269.64453125,4749.50439453125,2946.72900390625,21573.41015625,566155.5,1626231.625,15395827,0,7.29143905639648,10.2843055725098,8.46579647064209,7.98845100402832,9.97921657562256,13.2466239929199,14.301775932312,16.5496063232422,54.5,4,13.6000003814697,45.9000015258789,0,0,0,0,0,0,1,1,0,13917.1064453125,532.504577636719,6150.99755859375,16.9347763061523,0,299.181030273438,9201.541015625,619.060119628906,4,0,0,0,0,0,0,5745.73779296875,8.65621376037598,2.92696452140808,14.6768054962158,C¶te-des-Neiges-Notre-Dame-de-Graces,NA,,4699,"c(293672.25, 5038834)"
107,Décarie,Plamondon inter. Ouest,DÚcarie,Plamondon inter. Ouest,31/08/2009,0,1080.06237792969,25095.111328125,2511.50756835938,2431.650390625,20151.953125,429980.0625,993829.0625,11710435,1,6.98477411270142,10.130428314209,7.82863807678223,7.79632616043091,9.911057472229,12.9714937210083,13.8093204498291,16.2759914398193,60.5,4,15.1000003814697,49.4000015258789,0,0,0,0,0,0,1,1,0,17311.03515625,222.033721923828,3096.46118164062,18.8164176940918,0,434.659240722656,4687.615234375,404.552978515625,4,0,0,0,0,0,0,5948.583984375,8.69090843200684,2.5095112323761,10.8006238937378,C¶te-des-Neiges-Notre-Dame-de-Graces,NA,,4702,"c(293428.03125, 5038990.5)"
121,Lemieux,Ponsard/Queen-Mary,Lemieux,Ponsard/Queen-Mary,20/05/2009,0,3568.70678710938,23414.72265625,1359.7705078125,2631.2685546875,19423.68359375,1316190.75,2879659.25,12959164,1,8.17995929718018,10.0611200332642,7.21507120132446,7.87522077560425,9.87424755096436,14.0902519226074,14.8731832504272,16.3773136138916,63.5,4,15.8999996185303,59.2000007629395,0,0,0,0,0,0,0,0,1,1393.57702636719,2062.32568359375,10031.125,271.118133544922,1233.93542480469,924.543334960938,10756.0849609375,310.719665527344,6,0,0,1,0,0,0,4624.1201171875,8.43904113769531,2.34147214889526,35.687068939209,C¶te-des-Neiges-Notre-Dame-de-Graces,NA,,4736,"c(294929.25, 5038569.5)"
123,MacDonald,Van Horne,MacDonald,Van Horne,26/08/2009,0,353.981781005859,22249.6953125,371.311737060547,3755.66333007812,18122.720703125,9622.923828125,334839.4375,2886319,0,5.86924505233765,10.0100841522217,5.91704177856445,8.23101997375488,9.80492210388184,9.17190265655518,12.7214059829712,14.8754930496216,53.5999984741211,4,13.3999996185303,44.5,0,0,0,0,0,0,1,1,0,4832.85400390625,184.540252685547,7695.048828125,57.0397148132324,0,13.4211101531982,9721.7919921875,98.9806823730469,4,1,1,0,0,0,0,6040.83984375,8.70629787445068,2.22496962547302,3.53981781005859,Hampstead,NA,,4741,"c(293458.6875, 5038496.5)"
127,Queen-Mary,Victoria,Queen-Mary,Victoria,09/07/2009,0,2655.97241210938,27886.66796875,2551.2978515625,3405.90942382812,21929.4609375,1576723.25,2548597,20282834,9,7.88456583023071,10.2359037399292,7.84435701370239,8.13326740264893,9.99558639526367,14.2708587646484,14.7510538101196,16.8252868652344,68.9000015258789,4,17.2000007629395,61.7000007629395,0,1,0,1,0,0,0,0,0,5378.41162109375,1201.724609375,10221.9072265625,345.652526855469,2198.169921875,845.326354980469,10088.1787109375,263.269012451172,5,0,0,2,0,0,0,4451.8271484375,8.40106964111328,2.78866672515869,26.5597248077393,C¶te-des-Neiges-Notre-Dame-de-Graces,NA,,4750,"c(295045.8125, 5038752)"
128,Queen-Mary,Westbury,Queen-Mary,Westbury,20/05/2009,0,25850.658203125,24023.23828125,1872.50170898438,1940.11462402344,20210.623046875,16168067,14325851,214843024,13,10.1600914001465,10.0867767333984,7.53503084182739,7.57050180435181,9.91396427154541,16.5985488891602,16.477575302124,19.185417175293,72.6999969482422,4,18.2000007629395,59.2000007629395,0,0,1,1,0,0,0,0,0,0,11134.12109375,10162.5947265625,6327.10546875,873.333251953125,4133.7900390625,12987.3115234375,4255.64111328125,6,0,0,1,0,0,1,4807.7412109375,8.47798252105713,2.40232372283936,258.506591796875,C¶te-des-Neiges-Notre-Dame-de-Graces,NA,,4751,"c(294808.625, 5038377)"
115,Décarie,Vézina inter. Ouest,DÚcarie,VÚzina inter. Ouest,31/08/2009,0,1093.23388671875,34458.36328125,1768.83605957031,7458.65869140625,25230.869140625,94282.2421875,3251734.5,14216127,2,6.99689483642578,10.4475069046021,7.47807693481445,8.9171314239502,10.1358232498169,11.4540481567383,14.9946985244751,16.4698886871338,64.5999984741211,4,16.2000007629395,52.5,0,0,0,0,0,0,1,1,0,23432.0859375,406.434600830078,2621.31127929688,3.76328301429749,0,208.862228393555,8404.9658203125,474.173706054688,4,0,0,0,0,0,0,6127.1318359375,8.72048187255859,3.44583630561829,10.9323387145996,C¶te-des-Neiges-Notre-Dame-de-Graces,NA,,4757,"c(293221.9375, 5039112)"
8,Cavendish,Terrebonne,Cavendish,Terrebonne,02/09/2009,0,967.48291015625,17243.84375,1407.39379882812,1280.29846191406,14556.15234375,404232.25,289302.84375,8129810,1,6.87469816207886,9.75521087646484,7.24949502944946,7.15484809875488,9.585768699646,12.9097452163696,12.5752286911011,15.9110479354858,64,4,16,55.0999984741211,0,1,0,1,0,0,0,0,1,7192.099609375,216.410659790039,2302.66821289062,149.57795715332,6380.9326171875,373.944885253906,1368.14367675781,227.549438476562,4,0,0,0,0,0,0,6360.7109375,8.75789546966553,1.72438442707062,9.67482948303223,C¶te-des-Neiges-Notre-Dame-de-Graces,NA,,4789,"c(294224.53125, 5036321.5)"
7,Cavendish,Somerled,Cavendish,Somerled,10/09/2009,0,4042.505859375,19787.392578125,2195.71923828125,2362.34204101562,15229.3310546875,1972989.875,2050471.875,36403996,1,8.30461978912354,9.89280033111572,7.69426488876343,7.76740884780884,9.63097858428955,14.4950609207153,14.5335807800293,17.4101886749268,73.0999984741211,4,18.2999992370605,64.9000015258789,0,1,0,1,0,0,0,0,1,6690.833984375,2136.16845703125,3352.82250976562,451.790954589844,6424.2373046875,777.647155761719,3319.498046875,676.899353027344,5,1,1,2,0,0,0,6471.93115234375,8.77522945404053,1.9787392616272,40.4250602722168,C¶te-des-Neiges-Notre-Dame-de-Graces,NA,,4790,"c(293990.375, 5036449)"
5,Cavendish,Fielding,Cavendish,Fielding,01/09/2009,0,2358.625,17665.41796875,1566.96057128906,1713.57678222656,14384.880859375,997497.6875,974656,18028102,2,7.76583385467529,9.77936363220215,7.35689306259155,7.44633817672729,9.57393264770508,13.8130054473877,13.7898397445679,16.7074413299561,61.5999984741211,4,15.3999996185303,55,0,0,0,0,0,0,0,0,1,5400.97412109375,732.206176757812,3703.8916015625,432.017517089844,5248.859375,711.558288574219,3311.69311523438,482.843109130859,4,0,0,0,0,0,0,6617.55615234375,8.79748153686523,1.76654183864594,23.5862503051758,C¶te-des-Neiges-Notre-Dame-de-Graces,NA,,4791,"c(293705.375, 5036607.5)"
1445,Cavendish,Chester,Cavendish,Chester,01/09/2009,0,1705.83386230469,12180.1396484375,1050.13842773438,1174.76220703125,9955.2392578125,504237.28125,466622.90625,11412061,1,7.44180917739868,9.40756225585938,6.95667695999146,7.06882095336914,9.20585441589355,13.130802154541,13.053277015686,16.2501811981201,62.2999992370605,4,15.6000003814697,54.2999992370605,0,0,0,0,0,0,0,0,1,5047.26220703125,738.559387207031,947.507141113281,244.598159790039,4612.912109375,511.432495117188,1572.45861816406,211.243865966797,4,0,0,0,0,0,0,6775.56494140625,8.82107830047607,1.21801400184631,17.0583381652832,C¶te-des-Neiges-Notre-Dame-de-Graces,NA,,4792,"c(293421.21875, 5036765)"
1444,Côte-Saint-Luc,Hampton/Heath,C¶te-Saint-Luc,Hampton/Heath,03/09/2009,0,357.339874267578,21922.015625,859.033508300781,970.115417480469,20092.8671875,62781.80078125,118021.15625,3091180.25,0,5.87868690490723,9.99524688720703,6.75580787658691,6.8774151802063,9.90812015533447,11.0474214553833,11.6786193847656,14.9440641403198,83.6999969482422,4,20.8999996185303,51.0999984741211,0,0,0,0,0,0,0,0,0.5,1092.30554199219,94.4510726928711,8806.9443359375,6.2967381477356,0,110.192916870117,12022.7666015625,146.399154663086,4,0,0,4,0,0,0,6029.25390625,8.70437812805176,2.19220161437988,3.57339882850647,C¶te-des-Neiges-Notre-Dame-de-Graces,NA,,4806,"c(293905.0625, 5037429)"
51,Girouard,Notre-Dame-de-Grâce,Girouard,Notre-Dame-de-GrÔce,26/02/2009,1,2010.26110839844,14450.2275390625,819.6337890625,1969.63012695312,11660.962890625,736970.25,634459,12477777,2,7.60601997375488,9.57846546173096,6.70885801315308,7.58560085296631,9.3640022277832,13.5103025436401,13.3605279922485,16.3394603729248,56.7000007629395,4,14.1999998092651,49.7999992370605,0,0,0,1,0,1,1,1,0.5,4110.71435546875,978.705505371094,2.09090304374695,405.18408203125,3755.26098632812,293.611663818359,6582.1611328125,332.759887695312,2,0,0,0,0,0,0,4701.76806640625,8.4556941986084,1.4450227022171,20.102611541748,C¶te-des-Neiges-Notre-Dame-de-Graces,NA,,4827,"c(295621, 5037231.5)"
43,Décarie,Monkland inter. Est,DÚcarie,Monkland inter. Est,29/04/2009,0,9805.21875,12585.16796875,3646.31616210938,2664.84130859375,6274.01025390625,11939094,4993842,36616596,1,9.19067001342773,9.44027423858643,8.20147323608398,7.88789987564087,8.74417114257812,16.2953281402588,15.4237155914307,17.4160118103027,54.4000015258789,3,18.1000003814697,35.7000007629395,0,0,1,1,0,0,0,0,0,0,4468.26318359375,797.692810058594,3684.96240234375,6930.93359375,1443.44116210938,4856.54150390625,208.551803588867,2,0,0,1,0,0,1,4559.5830078125,8.42498683929443,1.25851678848267,98.0521850585938,C¶te-des-Neiges-Notre-Dame-de-Graces,NA,,4869,"c(295451.71875, 5037697.5)"
44,Décarie,Monkland inter. Ouest,DÚcarie,Monkland inter. Ouest,29/04/2009,0,4207.1630859375,8395.3251953125,1638.3984375,2305.09741210938,4451.82958984375,150666.875,344461.6875,1074647.625,0,8.34454441070557,9.03542995452881,7.40147399902344,7.74287796020508,8.40106964111328,11.9228267669678,12.749737739563,13.8875026702881,31.7999992370605,2,15.8999996185303,33.7000007629395,1,0,1,1,0,0,1,1,0,3943.49584960938,3965.7685546875,1309.93664550781,91.959846496582,0,0,3141.89282226562,149.434753417969,2,0,0,2,1,0,1,4649.3017578125,8.44447231292725,0.839532494544983,42.0716323852539,C¶te-des-Neiges-Notre-Dame-de-Graces,NA,,4870,"c(295398.71875, 5037615.5)"
73,Sherbrooke,West Hill,Sherbrooke,West Hill,05/02/2009,0,2213.83178710938,16503.494140625,413.998687744141,627.270751953125,15462.2236328125,186658.3125,383683.5625,9823756,1,7.70247983932495,9.71132659912109,6.02586317062378,6.44137811660767,9.64615535736084,12.137035369873,12.857572555542,16.1003131866455,63.7999992370605,4,16,48.5999984741211,0,0,1,1,0,1,1,1,1,821.724670410156,655.732727050781,7466.61279296875,182.03923034668,0,931.727661132812,8215.15625,444.332305908203,4,0,0,0,0,0,1,5906.14501953125,8.68374824523926,1.65034937858582,22.1383171081543,C¶te-des-Neiges-Notre-Dame-de-Graces,NA,,4891,"c(294955.15625, 5036167)"
31,Benny,Sherbrooke,Benny,Sherbrooke,18/02/2009,0,3717.85913085938,18216.841796875,1585.26635742188,1832.23864746094,14799.337890625,1540479.25,1561696.75,22976138,4,8.22090339660645,9.81010246276855,7.36850786209106,7.5132942199707,9.60233783721924,14.2476043701172,14.2612829208374,16.9499664306641,70.5999984741211,4,17.7000007629395,52.5999984741211,0,1,1,1,0,1,0,1,1,0,1284.13549804688,7892.55810546875,609.420227050781,2197.419921875,904.237121582031,8126.86474609375,920.066223144531,4,0,0,1,0,0,1,5988.3740234375,8.69757556915283,1.82168412208557,37.1785926818848,C¶te-des-Neiges-Notre-Dame-de-Graces,NA,,4892,"c(294890.3125, 5036116)"
36,Cavendish,Sherbrooke,Cavendish,Sherbrooke,18/02/2009,0,4788.3017578125,36142.3828125,6165.86279296875,7141.0869140625,22835.435546875,6855237.5,8466674,56379184,8,8.47393131256104,10.4952220916748,8.72678279876709,8.87362003326416,10.0360689163208,15.7405242919922,15.9516477584839,17.8476104736328,92.6999969482422,4,23.2000007629395,67.5999984741211,0,1,0,1,1,0,1,1,0.5,9332.173828125,1539.37963867188,8371.7265625,1020.97674560547,10583.921875,1204.98999023438,7854.56201171875,1022.95538330078,5,1,1,0,0,0,0,6205.76708984375,8.73323440551758,3.61423826217651,47.8830184936523,C¶te-des-Neiges-Notre-Dame-de-Graces,NA,,4893,"c(294714.5, 5035985.5)"
10,Côte-Saint-Luc,Ellendale/Fielding,C¶te-Saint-Luc,Ellendale/Fielding,03/09/2009,0,977.568542480469,28379.578125,3956.36767578125,3271.36254882812,21151.84765625,832964.875,725849.375,9856681,4,6.8850679397583,10.2534246444702,8.28308200836182,8.09296226501465,9.95948314666748,13.6327466964722,13.4950981140137,16.1036605834961,72.5,4,18.1000003814697,52.7999992370605,0,0,0,0,0,0,0,0,0,5489.2978515625,174.734481811523,7849.78857421875,203.069793701172,3834.17749023438,366.784973144531,11206.314453125,232.979309082031,4,0,0,4,0,0,0,5833.22900390625,8.67132568359375,2.83795785903931,9.77568531036377,C¶te-des-Neiges-Notre-Dame-de-Graces,NA,,4909,"c(294122.34375, 5037438)"
72,Sherbrooke,West Broadway,Sherbrooke,West Broadway,12/02/2009,0,5046.20556640625,17111.9453125,3713.44287109375,4006.16918945312,9392.333984375,4331715.5,5207045.5,18993514,5,8.52639198303223,9.74753189086914,8.2197151184082,8.29559135437012,9.14764881134033,15.2814741134644,15.4655227661133,16.7596073150635,66.5999984741211,4,16.7000007629395,55.2999992370605,0,0,0,0,0,0,1,1,1,2423.35595703125,2276.46899414062,5781.345703125,1332.99694824219,4719.1669921875,1025.68334960938,4188.07763671875,411.056335449219,4,0,0,0,0,0,0,7393.9951171875,8.90842342376709,1.71119451522827,50.4620552062988,C¶te-des-Neiges-Notre-Dame-de-Graces,NA,,5036,"c(293833.59375, 5035188)"
38,Côte-Saint-Antoine,Décarie,C¶te-Saint-Antoine,DÚcarie,27/01/2009,0,1942.33935546875,14791.9775390625,931.794555664062,1901.11096191406,11959.072265625,520965.84375,1391865.625,11691851,0,7.57164812088013,9.60184001922607,6.83711194992065,7.55019378662109,9.38924503326416,13.1634397506714,14.1461563110352,16.2744026184082,61.4000015258789,4,15.3999996185303,48,0,1,0,1,1,1,1,1,1,2155.42626953125,755.458862304688,7010.3466796875,156.366790771484,5626.20458984375,308.965698242188,0,721.547973632812,4,0,0,0,0,0,0,4357.1201171875,8.37956619262695,1.47919774055481,19.4233932495117,C¶te-des-Neiges-Notre-Dame-de-Graces,NA,,5090,"c(295944.6875, 5037382)"
39,Côte-Saint-Antoine,Girouard,C¶te-Saint-Antoine,Girouard,28/04/2009,0,1191.61877441406,17347.919921875,2170.16748046875,2538.25219726562,12639.5,719791.3125,862289,7793124,0,7.08306789398193,9.76122760772705,7.68255996704102,7.83923101425171,9.44458198547363,13.4867172241211,13.6673460006714,15.8687515258789,58.5,4,14.6000003814697,49.2999992370605,0,0,0,0,0,1,1,1,1,5843.34814453125,358.960815429688,8993.158203125,227.833587646484,2511.41284179688,340.930816650391,0,263.893585205078,2,0,0,0,0,0,0,4646.365234375,8.44384098052979,1.73479199409485,11.916187286377,C¶te-des-Neiges-Notre-Dame-de-Graces,NA,,5093,"c(295784.46875, 5037126)"
47,Décarie,Sherbrooke,DÚcarie,Sherbrooke,30/04/2009,0,5874.27880859375,34156.3671875,5091.40380859375,3824.84716796875,25240.1171875,6229761,6161764.5,61241340,11,8.6783390045166,10.4387035369873,8.53530883789062,8.24927425384521,10.1361904144287,15.6448488235474,15.6338739395142,17.9303321838379,73.5,4,18.3999996185303,62.2000007629395,0,1,1,1,1,0,1,1,0,2294.908203125,1853.58178710938,9307.4501953125,1195.64965820312,7033.84521484375,1860.07995605469,15520.1640625,964.967224121094,6,0,0,3,0,0,1,4257.89892578125,8.35653114318848,3.41563677787781,58.7427864074707,C¶te-des-Neiges-Notre-Dame-de-Graces,NA,,5099,"c(296291.125, 5037159.5)"
45,Décarie,Notre-Dame-de-Grâce,DÚcarie,Notre-Dame-de-GrÔce,27/01/2009,0,2963.43334960938,14808.654296875,1851.08178710938,1459.18603515625,11498.38671875,1598654.375,1099020.875,17031060,0,7.99410390853882,9.60296726226807,7.52352523803711,7.28563404083252,9.34996223449707,14.2846727371216,13.909930229187,16.6505489349365,58.7999992370605,4,14.6999998092651,47.7999992370605,0,1,0,1,0,1,1,1,1,2445.17895507812,874.146911621094,0,851.539611816406,6155.6806640625,604.743835449219,6207.79443359375,633.0029296875,4,0,0,0,0,0,0,4414.880859375,8.39273643493652,1.48086547851562,29.6343326568604,C¶te-des-Neiges-Notre-Dame-de-Graces,NA,,5100,"c(295784.25, 5037485.5)"
53,Girouard,Sherbrooke,Girouard,Sherbrooke,27/01/2009,0,3042.55859375,32529.42578125,5307.26806640625,7227.14013671875,19995.017578125,4924173,6736414,26988758,3,8.02045440673828,10.3899002075195,8.57683277130127,8.88559913635254,9.90323829650879,15.4096670150757,15.7230377197266,17.1109313964844,86.4000015258789,4,21.6000003814697,64.4000015258789,0,1,0,1,0,0,1,1,0.5,6872.7666015625,990.950988769531,12715.7646484375,599.092041015625,1838.57446289062,1017.32611083984,11102.3212890625,435.189514160156,4,0,0,0,0,0,0,4571.31201171875,8.42755508422852,3.25294256210327,30.4255867004395,C¶te-des-Neiges-Notre-Dame-de-Graces,NA,,5105,"c(296044.40625, 5036962.5)"
1726,Grey,Sherbrooke,Grey,Sherbrooke,05/05/2009,1,6339.68017578125,20475.052734375,1079.18518066406,1106.80932617188,18289.05859375,1371356,1813002,38092352,3,8.75458431243896,9.92696189880371,6.983962059021,7.00923681259155,9.81405830383301,14.131311416626,14.4104948043823,17.4555244445801,65.6999969482422,4,16.3999996185303,52.7000007629395,0,0,1,1,0,1,1,1,1,364.639373779297,2312.38696289062,9504.564453125,1087.01953125,1333.32775878906,1974.87878417969,9272.521484375,965.394958496094,4,0,0,0,0,1,0,3951.72802734375,8.28190803527832,2.04750537872314,63.396800994873,C¶te-des-Neiges-Notre-Dame-de-Graces,NA,,5110,"c(296485.5625, 5037397.5)"
58,Maisonneuve,Marlowe,Maisonneuve,Marlowe,05/05/2009,0,5497.43017578125,12265.142578125,1031.30322265625,460.403228759766,10773.435546875,610598.125,377420.9375,36017268,1,8.61203575134277,9.41451740264893,6.93857908248901,6.13210296630859,9.28483867645264,13.3221940994263,12.8411159515381,17.3995094299316,60.0999984741211,4,15,47,0,0,0,0,0,1,1,1,1,0,469.774871826172,5679.5341796875,2458.33642578125,384.897094726562,1684.50012207031,6200.7109375,884.818664550781,2,0,0,1,0,0,0,4069.03295898438,8.31116104125977,1.22651422023773,54.9743003845215,C¶te-des-Neiges-Notre-Dame-de-Graces,NA,,5118,"c(296627.625, 5037110.5)"
70,Sherbrooke,Vendôme,Sherbrooke,Vend¶me,27/02/2009,0,3890.771484375,20882.099609375,800.022888183594,1919.6259765625,18162.44921875,866111.6875,2249138.5,23404420,0,8.2663631439209,9.94664764404297,6.6846399307251,7.55988597869873,9.8071117401123,13.6717691421509,14.6260576248169,16.9684352874756,63.0999984741211,4,15.8000001907349,54.5,0,0,0,0,0,1,1,1,1,877.236877441406,1376.67211914062,8815.265625,551.479858398438,0,1248.93969726562,11189.5966796875,713.679809570312,4,0,0,0,0,0,0,4035.98291015625,8.30300521850586,2.08820986747742,38.90771484375,C¶te-des-Neiges-Notre-Dame-de-Graces,NA,,5141,"c(296432.5625, 5037331.5)"
29,Addington,Sherbrooke,Addington,Sherbrooke,25/02/2009,0,2692.92504882812,28682.556640625,5771.12939453125,4973.21923828125,17938.20703125,685464,1290017.875,7821895,1,7.89838314056396,10.2640438079834,8.66062259674072,8.51182270050049,9.79468822479248,13.4378509521484,14.0701665878296,15.8724365234375,70.9000015258789,4,17.7000007629395,54.2000007629395,0,0,1,1,1,1,1,1,0.5,11618.2509765625,1387.02453613281,8996.544921875,9.89318466186523,0,1094.18627929688,8067.76025390625,201.820983886719,4,0,0,0,0,0,1,4490.43994140625,8.40970611572266,2.86825561523438,26.9292507171631,C¶te-des-Neiges-Notre-Dame-de-Graces,NA,,5142,"c(296109.90625, 5037011.5)"
52,Girouard,Saint-Jacques,Girouard,Saint-Jacques,11/05/2004,0,291.783477783203,33270.67578125,8903.27734375,1901.32629394531,22466.072265625,1584178.125,104167.28125,4935701.5,0,5.67601203918457,10.4124317169189,9.09417533874512,7.55030679702759,10.0197620391846,14.2755756378174,11.5537528991699,15.4120054244995,17.3999996185303,1,17.3999996185303,52.7000007629395,1,0,0,0,0,0,1,1,0,9537.052734375,72.0876846313477,10591.6552734375,181.935577392578,0,0,13141.9677734375,37.7602157592773,4,1,1,0,1,0,0,4482.046875,8.40783500671387,3.32706761360168,2.91783475875854,C¶te-des-Neiges-Notre-Dame-de-Graces,NA,,5158,"c(296637, 5036580.5)"
54,Girouard,Upper Lachine,Girouard,Upper Lachine,06/05/2009,0,1812.53137207031,17539.912109375,1140.02856445312,4011.69873046875,12388.185546875,739705.5625,1148416.125,11340979,1,7.50248003005981,9.7722339630127,7.03880882263184,8.29697036743164,9.42449855804443,13.5140075683594,13.953893661499,16.243932723999,84.1999969482422,4,21.1000003814697,68.1999969482422,1,1,0,1,1,0,0,0,0,9371.8994140625,412.769744873047,2610.60913085938,272.641265869141,991.655883789062,939.774719238281,4565.7490234375,187.345687866211,4,0,0,1,0,0,0,4508.046875,8.41361904144287,1.75399124622345,18.1253128051758,C¶te-des-Neiges-Notre-Dame-de-Graces,NA,,5167,"c(296393.4375, 5036734.5)"
59,Maisonneuve,Vendôme,Maisonneuve,Vend¶me,05/05/2009,0,7841.74365234375,12718.1787109375,1578.26232910156,1057.08581542969,10082.8310546875,1833916.625,2487744,29109768,0,8.9672155380249,9.45078754425049,7.36407995223999,6.96327114105225,9.21858882904053,14.4219636917114,14.7268867492676,17.1865844726562,61.5999984741211,4,15.3999996185303,46.2999992370605,0,0,1,1,0,1,1,1,1,2243.08447265625,1350.03259277344,4992.61279296875,857.453186035156,0,3604.64794921875,5482.48193359375,2029.60986328125,2,0,0,0,0,0,1,3989.95288085938,8.29153442382812,1.27181792259216,78.4174346923828,C¶te-des-Neiges-Notre-Dame-de-Graces,NA,,5174,"c(296677.5, 5037172)"
34,Botrel,Sherbrooke,Botrel,Sherbrooke,25/02/2009,0,2220.03076171875,31950.189453125,6341.0654296875,10233.517578125,15375.6064453125,3546793.25,7753903,761545.9375,0,7.70527601242065,10.3719329833984,8.75480175018311,9.23342418670654,9.64053821563721,15.0815544128418,15.8637065887451,13.5431060791016,78.4000015258789,4,19.6000003814697,0,1,0,1,1,1,1,1,1,0,0,1204.98999023438,12059.4228515625,47.4872894287109,7364.83935546875,967.553527832031,12525.9267578125,0,4,0,0,0,0,0,1,4421.2080078125,8.39416790008545,3.19501900672913,22.2003078460693,C¶te-des-Neiges-Notre-Dame-de-Graces,NA,,5185,"c(296166.4375, 5037053)"
205,Église,Laurendeau,?glise,Laurendeau,17/08/2009,0,562.610900878906,15787.759765625,3625.51489257812,3547.654296875,8614.5908203125,775347.3125,391340.0625,2419373.75,2,6.33258819580078,9.66699028015137,8.19575214385986,8.17404174804688,9.06121253967285,13.5610656738281,12.8773317337036,14.6990194320679,68.4000015258789,4,17.1000003814697,51.5,1,0,0,0,0,0,0,0,0,2691.18627929688,31.9879093170166,5490.1796875,65.8574600219727,4529.8974609375,289.772827148438,3076.4970703125,174.99267578125,3,1,1,0,0,0,0,4441.498046875,8.39874744415283,1.57877600193024,5.62610912322998,Sud-Ouest,NA,,5342,"c(297951.5, 5035975.5)"
203,Eadie,Église,Eadie,?glise,17/02/2009,0,707.036560058594,6944.2626953125,1113.56579589844,583.690612792969,5247.00634765625,207559.40625,112035.0625,1642313,2,6.5610818862915,8.84567070007324,7.01532316207886,6.36937093734741,8.56541347503662,12.2431726455688,11.6265668869019,14.3116159439087,52.0999984741211,4,13,44.9000015258789,0,0,0,0,0,0,0,0,0,815.511047363281,203.421142578125,3510.42309570312,152.072113037109,0,197.496246337891,2618.32861328125,154.047073364258,2,0,0,0,0,0,0,4488.55078125,8.40928554534912,0.694426298141479,7.07036542892456,Sud-Ouest,NA,,5380,"c(297765.375, 5035987)"
204,Église,Hadley,?glise,Hadley,17/08/2009,0,329.287292480469,6029.21533203125,1267.732421875,1509.30029296875,3252.18286132812,114034.2578125,106307.0078125,485479.5625,2,5.79693078994751,8.70437240600586,7.14498519897461,7.31940078735352,8.08708190917969,11.6442537307739,11.57408618927,13.0928916931152,52.9000015258789,4,13.1999998092651,48.4000015258789,0,0,0,0,0,0,0,0,1,1493.32885742188,82.792236328125,87.8428726196289,86.5555191040039,2793.00415039062,65.8574600219727,1655.03955078125,94.0820846557617,2,0,0,0,0,0,0,4542.64306640625,8.4212646484375,0.602921545505524,3.2928729057312,Sud-Ouest,NA,,5385,"c(297579.28125, 5035998.5)"
208,Galt,La Vérendrye,Galt,La VÚrendrye,17/08/2009,0,287.891174316406,41984.90234375,2806.97900390625,2247.97900390625,36929.94140625,79225.9375,199961.90625,8024385,1,5.6625828742981,10.6450653076172,7.93986415863037,7.71778678894043,10.5167779922485,11.2800588607788,12.2058820724487,15.8979959487915,90,4,22.5,72.5,1,0,0,0,0,0,1,1,0,10555.1201171875,16.9347763061523,17666.400390625,28.2246265411377,0,9.4082088470459,13763.380859375,233.323577880859,6,0,0,4,0,0,0,4446.205078125,8.39980602264404,4.19849014282227,2.87891173362732,Sud-Ouest,NA,,5402,"c(298463.84375, 5035847.5)"
206,Église,La Vérendrye,?glise,La VÚrendrye,22/09/2009,0,165.183166503906,43079.50390625,2074.619140625,6658.20751953125,34346.67578125,253724,179778.890625,4729406.5,4,5.10705518722534,10.6708030700684,7.63753318786621,8.8036060333252,10.444260597229,12.4440021514893,12.0994825363159,15.3693103790283,99.5,4,24.8999996185303,44.4000015258789,1,0,0,0,0,0,1,1,0,0,0,16833.37109375,27.0010948181152,11720.1318359375,15.8829965591431,14525.9990234375,122.299072265625,6,1,1,2,0,0,0,4349.47998046875,8.37781143188477,4.30795049667358,1.65183162689209,Verdun,NA,,5417,"c(298465.40625, 5035945.5)"
232,Georges-Vanier,Saint-Jacques,Georges-Vanier,Saint-Jacques,10/09/2009,0,1874.85375976562,13365.005859375,1627.35009765625,810.898010253906,10926.7578125,1157269.5,483847.125,11141974,1,7.53628587722778,9.50039482116699,7.39470815658569,6.69814205169678,9.29897022247314,13.961573600769,13.089524269104,16.2262306213379,64.6999969482422,4,16.2000007629395,52.9000015258789,0,0,0,0,0,0,1,1,1,3976.73266601562,314.836883544922,0,941.3623046875,1671.78283691406,261.314636230469,7716.49072265625,357.339874267578,3,0,0,0,0,0,0,1674.02197265625,7.42298460006714,1.3365006446838401,18.7485370635986,Sud-Ouest,NA,,5480,"c(298997.8125, 5038568.5)"
225,Courcelle,Notre-Dame,Courcelle,Notre-Dame,15/11/2006,0,0,10479.296875,1227.44995117188,1450.41369628906,7801.4326171875,0,0,0,0,0,9.25715732574463,7.11269378662109,7.27960395812988,8.96206283569336,0,0,0,57.0999984741211,4,14.3000001907349,44.9000015258789,0,0,0,0,0,0,0,0,1,1758.42553710938,0,4650.05859375,0,1284.91479492188,0,2785.89770507812,0,2,0,0,0,0,0,0,3525.40600585938,8.16775131225586,1.04792964458466,0,Sud-Ouest,NA,,5519,"c(297859.78125, 5036983)"
246,Notre-Dame,Saint-Rémi,Notre-Dame,Saint-RÚmi,23/09/2009,0,2036.80615234375,15324.3310546875,1781.20349121094,1893.34643554688,11649.78125,931412.1875,1050859.25,12006066,3,7.61913776397705,9.63719654083252,7.48504495620728,7.54610109329224,9.3630428314209,13.744457244873,13.8651189804077,16.3009223937988,56.4000015258789,4,14.1000003814697,45.9000015258789,0,0,0,0,0,0,0,0,0,3323.16870117188,318.2509765625,3973.59765625,663.553283691406,3855.84765625,848.138793945312,4171.716796875,206.863128662109,3,1,1,0,0,0,0,3813.49096679688,8.24630069732666,1.53243315219879,20.3680610656738,Sud-Ouest,NA,,5520,"c(297698.65625, 5036739)"
224,Côte-Saint-Paul,Notre-Dame,C¶te-Saint-Paul,Notre-Dame,12/02/2009,1,784.921813964844,9680.87890625,886.542663574219,1900.63037109375,6893.70556640625,139522.046875,311069.90625,2265708.75,2,6.66558408737183,9.17790794372559,6.78732919692993,7.54994106292725,8.83836364746094,11.8459777832031,12.6477727890015,14.6333980560303,69.5999984741211,4,17.3999996185303,47.9000015258789,0,0,0,1,0,0,1,1,1,1331.90490722656,268.165313720703,3238.80810546875,189.868865966797,1078.90563964844,193.78369140625,4031.26000976562,133.103958129883,2,0,0,0,0,0,0,4018.28198242188,8.29860973358154,0.968087911605835,7.84921836853027,Sud-Ouest,NA,,5522,"c(297502.78125, 5036604)"
258,Saint-Jacques,Vinet,Saint-Jacques,Vinet,10/09/2009,0,1083.03894042969,11456.248046875,681.302429199219,1777.31066894531,8997.6357421875,194244.125,489617.59375,4776482,0,6.98752593994141,9.34629058837891,6.52400588989258,7.48285722732544,9.10471725463867,12.1768712997437,13.1013803482056,15.3792152404785,60.9000015258789,4,15.1999998092651,50.2999992370605,0,0,0,0,0,0,1,1,1,1706.95874023438,289.649932861328,0,275.482299804688,1812.48657226562,275.482299804688,7936.802734375,242.424407958984,2,0,0,0,0,0,0,1891.30200195312,7.54502058029175,1.14562475681305,10.8303890228271,Sud-Ouest,NA,,5572,"c(298786.6875, 5038389.5)"
1510,Atwater,Lionel-Groulx,Atwater,Lionel-Groulx,11/06/2009,1,4630.96337890625,30054.052734375,1439.67138671875,1752.08728027344,26862.294921875,1759898.375,3503789,95784000,4,8.44052028656006,10.3107528686523,7.2721700668335,7.46856307983398,10.1984786987305,14.3807668685913,15.0693559646606,18.3776054382324,75,3,25,64.5999984741211,1,0,0,1,0,0,1,1,0.5,15704.8408203125,2235.46508789062,2261.81860351562,1065.22155761719,12080.0849609375,1330.27673339844,7.30797576904297,0,6,0,0,0,0,0,0,2188.88500976562,7.6911473274231,3.00540518760681,46.3096351623535,Sud-Ouest,NA,,5621,"c(298617.96875, 5038127.5)"
218,Atwater,Delisle,Atwater,Delisle,11/06/2009,0,8580.1181640625,30019.33984375,917.151062011719,1194.85412597656,27907.333984375,1818605.875,3500618.5,67722776,3,9.05720329284668,10.3095970153809,6.8212718963623,7.08577919006348,10.236644744873,14.4135808944702,15.0684499740601,18.030933380127,81.5,4,20.3999996185303,71,1,0,1,1,0,0,0,0,0,15973.4091796875,1546.98840332031,612.043029785156,1426.96350097656,12469.234375,771.827209472656,964.652893066406,4834.3388671875,6,0,0,0,0,0,1,2245.3740234375,7.71662759780884,3.00193405151367,85.8011779785156,Sud-Ouest,NA,,5622,"c(298646.75, 5038060.5)"
1551,Brennan/Commune,Prince,Brennan/Commune,Prince,02/12/2009,1,2597.71069335938,5632.72607421875,1502.56372070312,2046.20483398438,2083.95776367188,261322.671875,809043.4375,1842719.375,0,7.86238622665405,8.63634872436523,7.31492805480957,7.62374210357666,7.64202404022217,12.4735107421875,13.6036081314087,14.4267530441284,31.2999992370605,3,10.3999996185303,41.5999984741211,0,0,1,1,1,0,1,1,0,2284.0478515625,1234.67651367188,2083.95776367188,140.581985473633,1264.720703125,478.793731689453,0,743.658325195312,3,0,0,1,1,1,0,1547.49597167969,7.34439325332642,0.563272595405579,25.9771060943604,Ville-Marie,NA,,5676,"c(300650.5625, 5039571.5)"
260,Bridge,Mill,Bridge,Mill,04/11/2009,0,122.8056640625,33610.05078125,6412.2265625,3971.39624023438,23226.427734375,123057.40625,89957.84375,2081824.875,1,4.81060314178467,10.4225797653198,8.76596164703369,8.28687286376953,10.0530462265015,11.7204055786133,11.4070959091187,14.5487546920776,62.9000015258789,4,15.6999998092651,51.7999992370605,0,0,1,1,1,1,1,1,0,11473.73828125,87.9554061889648,5780.9140625,18.2548961639404,14604.607421875,3.31907200813293,1750.79113769531,13.2762880325317,4,1,1,0,0,0,1,2225.72412109375,7.70783758163452,3.36100506782532,1.22805666923523,Sud-Ouest,NA,,5682,"c(300711.59375, 5038548)"
262,Bridge,Wellington,Bridge,Wellington,21/11/2007,0,0,28612.916015625,8263.4501953125,7633.63525390625,12715.830078125,0,0,0,1,0,10.2616128921509,9.01959800720215,8.9403190612793,9.45060253143311,0,0,0,75.4000015258789,4,18.8999996185303,63.7000007629395,0,1,1,1,1,1,1,1,0,3307.6787109375,0,8946.1337890625,0,11001.078125,0,5358.02587890625,0,5,1,1,5,0,0,1,1944.2939453125,7.57265424728394,2.8612916469574,0,Sud-Ouest,NA,,5683,"c(300318.9375, 5038601.5)"
381,Cathédrale,Saint-Jacques,CathÚdrale,Saint-Jacques,23/04/2004,0,2397.78173828125,27205.72265625,3190.79467773438,5699.00830078125,18315.919921875,974937.0625,2389742,24407768,6,7.78229904174805,10.2111825942993,8.06802463531494,8.64804744720459,9.81552600860596,13.7901277542114,14.6866960525513,17.0104122161865,71.5,4,17.8999996185303,63.5,0,0,0,0,0,1,1,1,1,9382.7783203125,362.145111083984,5.41730785369873,304.964294433594,0,419.325897216797,17817.52734375,1311.34643554688,3,0,0,0,0,0,0,747.650024414062,6.61693477630615,2.72057223320007,23.9778175354004,Ville-Marie,NA,,5695,"c(299744.09375, 5039665.5)"
969,Duke,William,Duke,William,26/11/2008,0,7638.84423828125,16505.88671875,3209.78369140625,1479.17993164062,11816.9228515625,420813.375,6075512,52957320,1,8.94100189208984,9.71147155761719,8.07395935058594,7.29924297332764,9.37728786468506,12.9499454498291,15.619776725769,17.7849979400635,52.0999984741211,4,13,46,0,0,0,0,0,0,1,1,0,0,4107.3515625,4371.47216796875,2391.39135742188,12134.4140625,1008.99786376953,0,131.10334777832,1,0,0,0,0,0,0,1086.94702148438,6.99112796783447,1.65058863162994,76.3884429931641,Ville-Marie,NA,,5747,"c(300211.9375, 5039723)"
389,Mansfield,Saint-Jacques,Mansfield,Saint-Jacques,13/10/2009,1,1863.53234863281,20530.5078125,2850.35571289062,3487.98266601562,14192.169921875,1483804.5,1607946.375,13607434,1,7.53022909164429,9.92966747283936,7.95519876480103,8.15707874298096,9.56044578552246,14.2101202011108,14.2904682159424,16.4261264801025,72.0999984741211,4,18,65.5,1,1,0,1,0,1,1,1,0,0,520.568176269531,2909.9638671875,161.087875366211,6350.982421875,266.218902587891,11269.5615234375,915.657409667969,5,1,1,0,0,0,0,730.786987304688,6.5941219329834,2.05305075645447,18.6353225708008,Ville-Marie,NA,,5806,"c(299802.625, 5039749)"
1410,Mill,Oak,Mill,Oak,04/11/2009,0,54.7646865844727,9660.5498046875,466.1435546875,814.833618164062,8379.572265625,11414.9033203125,17094.943359375,55624.80859375,0,4.0030460357666,9.17580604553223,6.14449405670166,6.70298385620117,9.0335521697998,9.34267520904541,9.74653816223145,10.9263849258423,43.2000007629395,3,14.3999996185303,36.5,0,0,1,1,0,1,1,1,1,739.589965820312,48.1265449523926,5522.1494140625,3.31907200813293,0,0,3398.810546875,3.31907200813293,2,0,0,1,0,0,1,2059.25708007812,7.6301007270813,0.966054975986481,0.547646880149841,Sud-Ouest,NA,,5808,"c(300743.46875, 5038809)"
390,McGill,Notre-Dame,McGill,Notre-Dame,03/12/2008,0,23147.12890625,14359.298828125,1742.29431152344,2036.7666015625,10580.23828125,7367139.5,11300394,90061304,3,10.0496263504028,9.57215309143066,7.46295785903931,7.61911916732788,9.26674270629883,15.8125400543213,16.240348815918,18.3160018920898,56.7000007629395,4,14.1999998092651,68,0,0,1,1,1,0,1,1,1,4026.34228515625,1980.37231445312,0,7273.58984375,5655.3779296875,2893.13647460938,4677.5791015625,11000.03125,3,0,0,0,1,0,1,903.708984375,6.80650758743286,1.43592989444733,231.471282958984,Ville-Marie,NA,,5830,"c(300145.21875, 5040121.5)"
403,Peel,Saint-Jacques,Peel,Saint-Jacques,23/04/2004,0,3003.8984375,38993.78515625,5617.74853515625,4518.03515625,28858.001953125,4102748.25,2018063.875,43206272,2,8.00766563415527,10.5711584091187,8.63368606567383,8.41583156585693,10.2701425552368,15.2271680831909,14.5176486968994,17.5814952850342,19.8999996185303,1,19.8999996185303,32.2999992370605,0,0,0,0,0,1,0,1,0.5,7714.2470703125,770.034851074219,0,628.988891601562,9994.93359375,354.52099609375,21284.603515625,1250.35363769531,3,0,0,0,1,0,0,775.450988769531,6.65344476699829,3.89937853813171,30.0389842987061,Ville-Marie,NA,,5860,"c(299691.0625, 5039588)"
396,Montagne,Saint-Antoine,Montagne,Saint-Antoine,07/10/2009,0,3198.87182617188,28422.25390625,3606.89453125,5104.5478515625,19710.8125,2459108.25,2752900.5,35666672,1,8.07055282592773,10.2549276351929,8.19060230255127,8.53788661956787,9.88892269134521,14.7153091430664,14.8281660079956,17.3897266387939,64.1999969482422,4,16.1000003814697,163.199996948242,0,0,0,0,0,1,1,1,0,3717.42236328125,465.475769042969,18705.0078125,1389.63208007812,5999.82373046875,645.550354003906,0,698.213684082031,4,0,0,0,1,0,0,775.747009277344,6.65382623672485,2.84222531318665,31.9887180328369,Ville-Marie,NA,,5893,"c(299397.0625, 5039463)"
1536,Jean-d'Estrées,Saint-Jacques,Jean-d'EstrÚes,Saint-Jacques,13/10/2009,0,2038.185546875,13111.9970703125,4463.3896484375,1208.42077636719,7440.18701171875,968755.125,457522.15625,5005239,0,7.6198148727417,9.48128318786621,8.40366363525391,7.09707021713257,8.91465091705322,13.783766746521,13.0335807800293,15.4259958267212,66.8000030517578,4,16.7000007629395,53.4000015258789,0,1,1,1,1,1,1,1,0.5,4922.19189453125,774.91748046875,0,217.044708251953,746.005615234375,639.264526367188,7443.79931640625,406.958831787109,4,1,1,0,0,0,1,822.034973144531,6.71178293228149,1.31119966506958,20.3818550109863,Ville-Marie,NA,,5912,"c(299631, 5039497)"
397,Montagne,Saint-Jacques,Montagne,Saint-Jacques,11/09/2009,0,3295.34326171875,24726.513671875,2022.560546875,2176.38916015625,20527.564453125,1540054.75,1871444.5,32107048,1,8.100266456604,10.1156311035156,7.61212015151978,7.68542194366455,9.92952442169189,14.2473287582397,14.4422206878662,17.2845859527588,66.8000030517578,4,16.7000007629395,55.0999984741211,0,0,0,0,0,1,1,1,1,8151.013671875,751.683959960938,0,1203.34655761719,6084.7734375,611.45654296875,10490.7265625,728.856201171875,2,0,0,0,0,0,0,909.049987792969,6.81239986419678,2.47265148162842,32.9534339904785,Ville-Marie,NA,,5913,"c(299540.21875, 5039363.5)"
1511,Lucien-L'Allier,Saint-Jacques,Lucien-L'Allier,Saint-Jacques,11/09/2009,0,1857.19738769531,10720.5205078125,1663.62719726562,448.191802978516,8608.701171875,1036224.1875,279165.40625,7439570,1,7.52682399749756,9.27991485595703,7.41675615310669,6.10522079467773,9.06052875518799,13.8510942459106,12.5395603179932,15.8223237991333,59.4000015258789,4,14.8999996185303,47.5,0,0,0,0,0,1,1,1,1,1663.62719726562,611.45654296875,0,622.870422363281,448.191802978516,381.548889160156,8608.701171875,241.321517944336,3,0,0,0,0,0,0,981.619995117188,6.88920402526855,1.07205200195312,18.5719738006592,Ville-Marie,NA,,5914,"c(299476, 5039269.5)"
261,Bridge,Saint-Patrick,Bridge,Saint-Patrick,05/06/2006,0,48.0387077331543,12376.17578125,5458.91845703125,3915.18090820312,3002.07666015625,66585.453125,138456.71875,36369.54296875,0,3.87200689315796,9.42352867126465,8.60500621795654,8.27261734008789,8.00706005096436,11.1062412261963,11.8383131027222,10.5014867782593,52,3,17.2999992370605,39.9000015258789,0,0,0,0,0,1,1,1,0,26.2763824462891,0,617.494995117188,0,5458.91845703125,36.0290298461914,6273.486328125,12.0096769332886,4,1,1,0,0,0,0,1834.10595703125,7.51431226730347,1.23761761188507,0.480387091636658,Sud-Ouest,NA,,5921,"c(300143.75, 5038624)"
395,McGill,Wellington,McGill,Wellington,27/11/2008,0,2976.46215820312,9672.7666015625,2943.09497070312,2228.68090820312,4500.990234375,2472923.75,2619085.75,5231713,1,7.99849081039429,9.17706966400146,7.98721694946289,7.70916509628296,8.41205310821533,14.7209119796753,14.7783355712891,15.4702491760254,41.5999984741211,3,13.8999996185303,43.0999984741211,0,1,1,1,1,0,1,1,0,3750.21923828125,737.13818359375,0,0,2235.95239257812,425.208892822266,3686.5947265625,1814.11511230469,2,0,0,0,1,0,1,1293.48400878906,7.16509485244751,0.967276632785797,29.7646217346191,Ville-Marie,NA,,5938,"c(300510.125, 5039944)"
4081,McGill,William & Place Youville,McGill,William & Place Youville,27/11/2008,1,7446.90185546875,12359.544921875,2717.68188476562,2986.72338867188,6655.1396484375,5215573,7097889,11373928,0,8.91555309295654,9.42218399047852,7.90753507614136,8.00193214416504,8.80314540863037,15.4671602249146,15.7753076553345,16.2468338012695,51.7000007629395,4,12.8999996185303,53.2000007629395,0,0,0,1,1,0,0,0,0.5,5653.50537109375,543.413696289062,2186.87036132812,2290.2177734375,4519.1689453125,1165.63061523438,0,3447.6396484375,2,0,0,0,1,0,0,1180.46496582031,7.07366371154785,1.23595452308655,74.4690170288086,Ville-Marie,NA,,5946,"c(300405.15625, 5039994)"
614,Alexandre-DeSève,Sainte-Catherine,Alexandre-DeSÞve,Sainte-Catherine,24/04/2009,0,9966.58984375,10963.953125,1172.08410644531,967.466064453125,8824.40234375,3280593,1473216.125,21250032,3,9.20699405670166,9.3023681640625,7.06653881072998,6.87468004226685,9.08527565002441,15.0035352706909,14.2029581069946,16.8718681335449,53.5,4,13.3999996185303,44.5999984741211,0,0,0,0,0,1,1,1,1,1100.56713867188,4607.212890625,0,487.980895996094,1523.70935058594,4166.34716796875,8339.6767578125,705.048278808594,2,0,0,0,0,0,0,2535.3701171875,7.83809471130371,1.09639525413513,99.665901184082,Ville-Marie,NA,,5990,"c(300608.3125, 5042363)"
613,Alexandre-DeSève,Maisonneuve,Alexandre-DeSÞve,Maisonneuve,24/04/2009,0,2362.50073242188,12533.353515625,1027.06359863281,599.948120117188,10906.341796875,614221.125,284148.8125,9913422,2,7.76747608184814,9.43614864349365,6.93445920944214,6.39684295654297,9.29710006713867,13.3281097412109,12.5572528839111,16.1093997955322,55,4,13.6999998092651,46.5999984741211,0,0,0,0,0,0,1,1,1,846.284484863281,629.327087402344,10226.9306640625,523.317443847656,1460.138671875,928.846435546875,0,281.009704589844,2,0,0,0,0,0,0,2541.72705078125,7.84059906005859,1.25333535671234,23.6250076293945,Ville-Marie,NA,,5991,"c(300495.59375, 5042438)"
431,Amherst,Viger,Amherst,Viger,14/11/2008,0,804.345092773438,17481.89453125,553.826416015625,3882.37915039062,13045.689453125,19321.00390625,269634.71875,6010097.5,0,6.69002819061279,9.7689208984375,6.3168511390686,8.26420307159424,9.4762134552002,9.86894798278809,12.5048227310181,15.6089515686035,60.5,4,15.1000003814697,56.7999992370605,0,0,0,0,0,1,1,1,0.5,4003.58715820312,200.661148071289,9500.8271484375,530.561706542969,3977.48071289062,23.8072547912598,0,49.3150291442871,3,0,0,0,0,0,0,2085.76708984375,7.6428918838501,1.7481894493103,8.0434513092041,Ville-Marie,NA,,5996,"c(300707.3125, 5041713.5)"
429,Amherst,René-Lévesque,Amherst,RenÚ-LÚvesque,07/05/2009,0,2246.6328125,34370.2734375,3471.44409179688,3514.232421875,27384.595703125,1742728.25,2103277.75,34216220,2,7.71718788146973,10.4449472427368,8.15232563018799,8.16457557678223,10.2177362442017,14.3709621429443,14.5590076446533,17.3482093811035,108.199996948242,4,27.1000003814697,91.1999969482422,1,0,0,0,0,0,0,0,0,5683.419921875,628.333984375,12235.630859375,745.864074707031,4414.64990234375,236.566986083984,12036.572265625,635.867919921875,7,0,0,0,0,0,0,2052.62890625,7.62687683105469,3.43702745437622,22.4663276672363,Ville-Marie,NA,,5998,"c(300516.78125, 5041837)"
474,Amherst,Sainte-Catherine,Amherst,Sainte-Catherine,07/04/2009,0,8874.0361328125,17549.21484375,1644.87951660156,1541.35559082031,14362.98046875,4033331.25,2095572.25,73825872,8,9.09088516235352,9.77276515960693,7.40542221069336,7.34041786193848,9.57240867614746,15.2101030349731,14.5553369522095,18.1172199249268,51.7000007629395,4,12.8999996185303,49.4000015258789,0,0,0,0,0,1,1,1,1,5344.89990234375,4700.91162109375,0,586.79443359375,5467.5947265625,2540.59033203125,6736.72119140625,1045.73974609375,2,0,0,0,0,0,0,2043.7080078125,7.6225209236145,1.75492143630981,88.740364074707,Ville-Marie,NA,,5999,"c(300341.25, 5041950.5)"
471,Amherst,Maisonneuve,Amherst,Maisonneuve,07/04/2009,0,3989.54638671875,21440.947265625,1644.87951660156,1832.75622558594,17963.310546875,1915090.25,1585568.25,35095224,4,8.29143333435059,9.97305774688721,7.40542221069336,7.5135760307312,9.79608726501465,14.465274810791,14.2764530181885,17.3735752105713,55.5,4,13.8999996185303,50,0,0,0,0,0,1,1,1,0.5,5172.35986328125,1452.23425292969,11368.4560546875,663.831665039062,4900.13037109375,1412.89599609375,0,460.584442138672,3,0,0,2,0,0,0,2049.80908203125,7.62550210952759,2.14409470558167,39.8954620361328,Ville-Marie,NA,,6000,"c(300226.34375, 5042025)"
473,Amherst,Robin,Amherst,Robin,07/04/2009,0,2545.50756835938,10388.8134765625,582.801147460938,607.723571777344,9198.2890625,351386.25,256353.21875,13112479,0,7.84208488464355,9.24848461151123,6.36784601211548,6.40971994400024,9.1267728805542,12.7696409225464,12.4543123245239,16.3890743255615,44.5,4,11.1000003814697,41.5999984741211,0,0,0,0,0,1,1,1,0.5,4102.61328125,963.785217285156,0,380.269012451172,5459.92626953125,473.697174072266,826.273986816406,727.756164550781,2,0,0,0,0,0,0,2076.0419921875,7.63821840286255,1.03888130187988,25.4550762176514,Ville-Marie,NA,,6001,"c(300052.40625, 5042137.5)"
472,Amherst,Ontario,Amherst,Ontario,11/02/2009,0,4633.9677734375,22993.75,1800.57556152344,2347.2919921875,18845.8828125,2489649,2605764,43846284,5,8.44116878509521,10.0429782867432,7.49586200714111,7.76101779937744,9.84405040740967,14.7276515960693,14.7732362747192,17.5962009429932,57.7999992370605,4,14.5,50,0,0,0,0,0,0,0,0,0,5543.1552734375,1493.87097167969,6566.92919921875,761.775268554688,5720.46875,1818.36743164062,5163.19775390625,559.954284667969,2,0,0,0,0,0,0,2124.08911132812,7.66109848022461,2.29937505722046,46.3396759033203,Ville-Marie,NA,,6002,"c(299881.90625, 5042251)"
432,Berri,René-Lévesque,Berri,RenÚ-LÚvesque,11/02/2009,0,4382.68115234375,43021.72265625,3660.25561523438,2750.46875,36611,4911606.5,3210773.25,81022792,6,8.38541603088379,10.6694602966309,8.20528793334961,7.91952705383301,10.5081043243408,15.407112121582,14.9820222854614,18.210241317749,86.4000015258789,3,28.7999992370605,99.3000030517578,1,1,0,1,1,0,1,1,0,4776.90771484375,1371.19543457031,12397.1630859375,1230.71228027344,10049.87109375,749.903442382812,15797.78125,1030.86987304688,6,0,0,0,1,0,0,1679.91296386719,7.42649745941162,4.30217218399048,43.8268127441406,Ville-Marie,NA,,6020,"c(300315.21875, 5041521)"
481,Berri,Sainte-Catherine,Berri,Sainte-Catherine,04/12/2008,0,21342.80078125,23890.22265625,1770.68493652344,2174.55810546875,19944.98046875,13217948,13578455,249558048,20,9.96846961975098,10.0812253952026,7.47912216186523,7.68458080291748,9.90073299407959,16.3970851898193,16.4239940643311,19.3352012634277,75.0999984741211,4,18.7999992370605,64.0999984741211,0,1,0,1,1,1,1,1,0,5433.5908203125,7544.25390625,0,6248.24658203125,12420.9716796875,6222.04443359375,6035.66064453125,1328.25634765625,4,0,0,0,0,0,0,1670.78698730469,7.42105007171631,2.38902235031128,213.428009033203,Ville-Marie,NA,,6021,"c(300138, 5041637.5)"
438,Bonsecours,Notre-Dame,Bonsecours,Notre-Dame,18/06/2009,0,2967.28393554688,7174.60595703125,498.769378662109,3040.1181640625,3635.71826171875,333413.5625,2462076,5389590.5,1,7.99540185928345,8.87830257415771,6.21214389801025,8.01965236663818,8.198561668396,12.7171392440796,14.7165145874023,15.4999799728394,46.0999984741211,4,11.5,39.7000007629395,0,0,0,0,0,0,0,0,1,5539.4462890625,775.161254882812,0,668.472351074219,0,703.479675292969,1635.15966796875,820.170593261719,1,0,0,0,0,0,0,1712.42895507812,7.44566822052002,0.717460572719574,29.6728401184082,Ville-Marie,NA,,6030,"c(300696.78125, 5041136)"
637,Champlain,La Fontaine,Champlain,La Fontaine,03/12/2008,0,2842.98095703125,6787.25048828125,1131.20837402344,1137.78515625,4518.2568359375,1158870.375,831682.1875,6640304.5,1,7.95260810852051,8.8228006362915,7.03104209899902,7.0368390083313,8.4158821105957,13.9629564285278,13.6312055587769,15.708667755127,53.4000015258789,4,13.3999996185303,47.0999984741211,0,0,0,0,0,0,0,0,1,3341.0107421875,1019.55181884766,585.334594726562,1150.26354980469,2005.921875,464.026794433594,854.983093261719,209.13883972168,2,0,0,0,0,0,0,2661.82690429688,7.88676786422729,0.678725063800812,28.4298095703125,Ville-Marie,NA,,6053,"c(300307.5, 5042665.5)"
1550,Commune de la,Mill,Commune de la,Mill,02/12/2008,1,542.980895996094,10831.6708984375,3594.51538085938,4719.8837890625,2517.271484375,404967.53125,1420890.75,1034081.375,0,6.29707384109497,9.29022979736328,8.18716430664062,8.45953941345215,7.83093118667603,12.9115619659424,14.1667947769165,13.8490238189697,36.7999992370605,2,18.3999996185303,42.0999984741211,1,0,0,1,1,0,0,0,0,0,4.06727313995361,4414.4794921875,374.189086914062,3923.98193359375,128.119094848633,2493.20922851562,36.6054534912109,2,0,0,1,1,0,0,1544.06701660156,7.34217500686646,1.08316707611084,5.42980909347534,Ville-Marie,NA,,6081,"c(300661.4375, 5039604)"
450,La Gauchetière,Saint-Laurent,La GauchetiÞre,Saint-Laurent,31/03/2009,0,9107.869140625,9630.013671875,20.9721145629883,34.3180046081543,9574.7236328125,64011.91796875,104746.7734375,61496936,1,9.11689376831055,9.17263984680176,3.04319405555725,3.53567004203796,9.1668815612793,11.0668249130249,11.5593013763428,17.934497833252,41.0999984741211,4,10.3000001907349,36.7999992370605,0,0,0,0,0,0,1,1,0,0,3052.23950195312,34.3180046081543,2019.66625976562,9574.7236328125,3370.60229492188,20.9721145629883,665.361267089844,2,0,0,0,0,0,0,1106.47302246094,7.00893259048462,0.963001370429993,91.0786895751953,Ville-Marie,NA,,6097,"c(300114.625, 5040911)"
448,La Gauchetière,Saint-Denis,La GauchetiÞre,Saint-Denis,30/04/2009,0,3778.642578125,11978.0654296875,147.183990478516,1638.39013671875,10192.4912109375,78426.0859375,1852476.5,14464793,1,8.23711967468262,9.39083194732666,4.99168300628662,7.40146923065186,9.22940731048584,11.2699117660522,14.4320335388184,16.4872283935547,42.2999992370605,4,10.6000003814697,40.2000007629395,0,0,0,0,0,0,1,1,1,11387.392578125,841.50341796875,590.672607421875,1273.62683105469,0,532.843872070312,0,1130.66870117188,3,0,0,0,0,0,0,1581.24304199219,7.36596632003784,1.19780659675598,37.7864265441895,Ville-Marie,NA,,6101,"c(300348.09375, 5041359)"
449,La Gauchetière,Saint-Hubert,La GauchetiÞre,Saint-Hubert,04/05/2009,0,1346.18054199219,6681.265625,261.744293212891,321.848541259766,6097.6728515625,56755.0703125,116703.125,3812566,0,7.20502710342407,8.80706310272217,5.5673680305481,5.77408123016357,8.71566200256348,10.9464998245239,11.6673889160156,15.1538133621216,46.4000015258789,4,11.6000003814697,38.5,0,0,0,0,0,0,0,0,1,3239.81274414062,432.212768554688,455.628967285156,420.254302978516,2985.82397460938,191.335296630859,0,302.378112792969,2,0,0,0,0,0,0,1804.07202148438,7.49780178070068,0.668126583099365,13.4618053436279,Ville-Marie,NA,,6106,"c(300473.21875, 5041547.5)"
138,Gosford,Notre-Dame/Saint-Claude,Gosford,Notre-Dame/Saint-Claude,25/11/2008,0,3238.36767578125,6307.326171875,1063.51770019531,1687.95202636719,3555.85620117188,1211226,1032954.6875,4479839,0,8.08282470703125,8.74946689605713,6.96933698654175,7.43127107620239,8.17635059356689,14.0071439743042,13.8479337692261,15.3150978088379,57.9000015258789,4,14.5,44.9000015258789,0,0,0,0,0,0,0,0,1,1614.17163085938,1345.04064941406,2288.99243164062,627.796081542969,455.279174804688,783.502807617188,1948.8828125,482.028137207031,2,0,0,0,0,0,0,1597.17004394531,7.37598848342896,0.630732595920563,32.3836784362793,Ville-Marie,NA,,6114,"c(300632, 5041020)"
487,Hôtel-de-Ville,Ontario,H¶tel-de-Ville,Ontario,27/04/2009,0,3900.98852539062,7124.70068359375,1007.14605712891,1011.18273925781,5106.3720703125,626595.75,666899.875,5388484.5,2,8.2689847946167,8.87132263183594,6.91487598419189,6.91887617111206,8.53824424743652,13.3480567932129,13.4103946685791,15.4997749328613,42.0999984741211,3,14,37.0999984741211,0,0,1,1,0,0,0,0,1,1572.27807617188,1357.42614746094,3810.60473632812,442.038360595703,286.602691650391,1530.55786132812,1455.21508789062,570.966186523438,2,0,0,4,0,0,1,1340.30895996094,7.20065546035767,0.712470054626465,39.0098838806152,Ville-Marie,NA,,6120,"c(299638.125, 5041506)"
325,Jeanne-Mance,Sainte-Catherine,Jeanne-Mance,Sainte-Catherine,03/11/2009,0,14767.2880859375,11515.1435546875,960.944946289062,2488.73950195312,8065.45947265625,4474441,4060645.5,60061532,6,9.60017013549805,9.35141754150391,6.86791706085205,7.81953191757202,8.99534606933594,15.313892364502,15.2168531417847,17.9108791351318,46.2000007629395,4,11.6000003814697,54.5,0,1,0,1,0,0,1,1,0.5,0,4656.29248046875,0,1631.60729980469,6580.853515625,7013.4267578125,4934.29052734375,1465.9619140625,2,0,0,0,1,0,0,697.405029296875,6.54736614227295,1.1515144109726,147.672882080078,Ville-Marie,NA,,6129,"c(299628.4375, 5040808)"
1449,Jeanne-Mance,Maisonneuve,Jeanne-Mance,Maisonneuve,13/02/2009,0,5046.4462890625,8551.451171875,122.255508422852,1460.63159179688,6968.56396484375,66608.25,876583.25,21904988,1,8.52643966674805,9.05385589599609,4.80611276626587,7.28662395477295,8.84916400909424,11.1065835952759,13.6837873458862,16.9022254943848,22.1000003814697,2,11.1000003814697,58.2999992370605,0,1,0,1,1,0,1,1,0,0,600.139831542969,8199.6982421875,2879.04931640625,351.752685546875,1252.99462890625,0,314.262420654297,2,0,0,0,1,0,0,727.919982910156,6.59019136428833,0.85514509677887,50.4644622802734,Ville-Marie,NA,,6130,"c(299461.9375, 5040919.5)"
323,Jeanne-Mance,Président-Kennedy,Jeanne-Mance,PrÚsident-Kennedy,16/02/2009,0,5681.25927734375,10878.1064453125,1466.53955078125,1745.46545410156,7666.1015625,2044956.5,2973510.5,26657980,2,8.64492797851562,9.29450702667236,7.2906608581543,7.46477699279785,8.9445629119873,14.5308866500854,14.9052543640137,17.0985984802246,51.7999992370605,4,13,52.2000007629395,0,1,0,1,1,0,1,1,0,0,1529.0576171875,5133.97802734375,3000.4150390625,1625.61450195312,397.244293212891,4118.513671875,754.542236328125,3,1,1,0,1,0,0,741.034973144531,6.60804796218872,1.08781063556671,56.8125915527344,Ville-Marie,NA,,6131,"c(299431, 5040942)"
335,Maisonneuve,Saint-Laurent,Maisonneuve,Saint-Laurent,,0,1997.55615234375,21519.115234375,2937.6689453125,1519.48388671875,17061.962890625,1240020.75,593699.3125,15688463,10,7.59967994689941,9.97669696807861,7.9853720664978,7.32612609863281,9.74460697174072,14.0306386947632,13.2941284179688,16.5684356689453,62.4000015258789,4,15.6000003814697,64.0999984741211,0,1,0,1,1,0,1,1,0,0,25.3146514892578,9950.3173828125,1157.56994628906,11568.7978515625,480.978393554688,0,333.693145751953,3,0,0,2,1,0,0,1062.42395019531,6.9683084487915,2.15191149711609,19.9755611419678,Ville-Marie,NA,,6150,"c(299695.4375, 5041187.5)"
495,Maisonneuve,Sanguinet,Maisonneuve,Sanguinet,25/03/2009,1,9534.900390625,9364.0712890625,666.917846679688,2068.80639648438,6628.34716796875,1039857.125,7030546.5,30269186,3,9.1627140045166,9.14463520050049,6.50266695022583,7.63472700119019,8.79911136627197,13.8545942306519,15.7657747268677,17.2256412506104,56.2999992370605,4,14.1000003814697,49.2999992370605,0,1,0,1,1,0,0,0,0,9.72183513641357,3408.93774414062,9336.8505859375,3019.10375976562,17.499303817749,1559.3359375,0,1547.52270507812,2,0,0,1,0,0,0,1435.57897949219,7.26932334899902,0.936407148838043,95.349006652832,Ville-Marie,NA,,6151,"c(299896.90625, 5041504)"
493,Maisonneuve,Saint-Denis,Maisonneuve,Saint-Denis,27/03/2009,0,28776.75,18330.05859375,1064.87414550781,1584.46948242188,15680.7158203125,1386614,28777930,203062320,16,10.2673225402832,9.81629753112793,6.97061204910278,7.36800479888916,9.66018676757812,14.1423749923706,17.1751194000244,19.1290225982666,54.2999992370605,4,13.6000003814697,48,0,1,0,1,1,1,1,1,0.5,11195.99609375,6718.20654296875,7134.06396484375,2593.90209960938,0,1302.13879394531,0,18162.501953125,2,0,0,0,0,0,0,1559.583984375,7.35217428207397,1.83300590515137,287.767486572266,Ville-Marie,NA,,6152,"c(299962.84375, 5041610)"
478,Berri,Maisonneuve,Berri,Maisonneuve,04/02/2009,0,7144.8583984375,29326.373046875,4285.07421875,1534.60534667969,23506.693359375,7985619.5,4038690.25,87434664,9,8.87414836883545,10.2862415313721,8.36289310455322,7.33602905273438,10.0650396347046,15.8931531906128,15.2114305496216,18.2864017486572,77.5,4,19.3999996185303,65.0999984741211,1,1,0,1,1,1,1,1,0,4257.6328125,2928.3828125,11483.154296875,793.433471679688,13585.5849609375,1317.77233886719,0,2105.26977539062,4,1,1,1,0,0,0,1680.0849609375,7.42659950256348,2.93263721466064,71.4485855102539,Ville-Marie,NA,,6154,"c(300026.3125, 5041712.5)"
494,Maisonneuve,Saint-Hubert,Maisonneuve,Saint-Hubert,25/03/2009,0,8675.9150390625,18549.26171875,2113.52685546875,1664.37817382812,14771.35546875,4120220.25,3614850.75,62230996,4,9.06830596923828,9.82818508148193,7.6561131477356,7.41720676422119,9.60044479370117,15.2314167022705,15.1005611419678,17.9463634490967,51.7000007629395,4,12.8999996185303,47.7999992370605,0,0,0,0,0,1,1,1,0.5,3698.18603515625,2995.4775390625,10229.314453125,1972.79614257812,4621.76025390625,2659.646484375,0,1047.99523925781,2,0,0,1,0,0,0,1784.86999511719,7.48710107803345,1.85492622852325,86.759147644043,Ville-Marie,NA,,6155,"c(300085.125, 5041800)"
492,Maisonneuve,Saint-André,Maisonneuve,Saint-AndrÚ,25/03/2009,0,13814.6357421875,12710.3271484375,923.574340820312,1024.68139648438,10762.0712890625,4702349,2522968.75,52565836,3,9.53348445892334,9.45016956329346,6.82825088500977,6.93213701248169,9.28378295898438,15.3635730743408,14.7409467697144,17.7775764465332,49.5,4,12.3999996185303,41.9000015258789,0,0,0,0,0,1,1,1,1,1847.14868164062,4203.7939453125,10863.1787109375,2057.17578125,0,5091.4677734375,0,2462.1982421875,2,0,0,0,0,0,0,1906.16796875,7.55285024642944,1.27103269100189,138.146362304688,Ville-Marie,NA,,6157,"c(300149.75, 5041903)"
338,Maisonneuve,Saint-Urbain,Maisonneuve,Saint-Urbain,16/02/2009,0,3517.49829101562,21082.869140625,2941.79565429688,1418.59924316406,16722.474609375,1756181.5,2008561,26902864,0,8.16550540924072,9.95621585845947,7.98677492141724,7.25742483139038,9.72450923919678,14.3786516189575,14.5129289627075,17.1077423095703,42.2999992370605,4,10.6000003814697,57.0999984741211,0,1,0,1,1,0,1,1,0,11808.5859375,543.714233398438,9274.283203125,960.931701660156,0,596.97607421875,0,1415.87634277344,2,0,0,1,1,0,0,928.921997070312,6.83402490615845,2.10828685760498,35.1749839782715,Ville-Marie,NA,,6165,"c(299551.03125, 5041102)"
392,Saint-Jacques,Square Victoria Est,Saint-Jacques,Square Victoria Est,20/11/2008,1,19392.15234375,13308.4609375,4219.22412109375,3297.5751953125,5791.662109375,18831804,4487303,53033116,0,9.87262439727783,9.49615478515625,8.3474063873291,8.10094261169434,8.66417503356934,16.7510585784912,15.31676197052,17.7864265441895,56.7000007629395,4,14.1999998092651,57.2999992370605,0,0,1,1,1,0,0,0,0.5,0,2022.615234375,5711.6767578125,5166.5341796875,4453.72607421875,962.0556640625,3143.05834960938,11240.947265625,3,0,0,0,1,1,0,839.242004394531,6.73249912261963,1.33084607124329,193.921524047852,Ville-Marie,NA,,6170,"c(300083.40625, 5040151.5)"
454,Notre-Dame,Saint-Laurent,Notre-Dame,Saint-Laurent,25/11/2008,1,8136.50244140625,11243.416015625,2420.35766601562,4005.73681640625,4817.32177734375,4744214.5,7806349,19434656,4,9.00411605834961,9.32753753662109,7.79167079925537,8.29548263549805,8.47997283935547,15.3724355697632,15.8704481124878,16.7825679779053,57.5999984741211,4,14.3999996185303,46.9000015258789,0,0,0,1,1,0,1,1,0.5,0,1959.58520507812,3039.39331054688,1810.50427246094,3489.27392578125,1987.74487304688,4714.74853515625,2378.66796875,4,0,0,1,0,0,0,1296.48498535156,7.16741180419922,1.12434160709381,81.3650207519531,Ville-Marie,NA,,6178,"c(300453.625, 5040699)"
452,Jacques-Cartier (pl),Notre-Dame,Jacques-Cartier (pl),Notre-Dame,25/11/2008,0,1348.35363769531,5891.63623046875,260.930755615234,183.551284790039,5447.154296875,166973.96875,58120.1484375,4222746,3,7.20663976669312,8.68128871917725,5.56425523757935,5.21249389648438,8.60284900665283,12.0255928039551,10.9702682495117,15.2559957504272,24.7000007629395,2,12.3999996185303,23.2999992370605,0,0,0,0,1,0,1,1,0.5,0,0,3653.03051757812,79.5097961425781,237.536956787109,573.133117675781,2001.06896972656,695.710693359375,2,0,0,0,0,0,0,1505.83703613281,7.31710433959961,0.589163601398468,13.4835367202759,Ville-Marie,NA,,6183,"c(300579.3125, 5040926.5)"
722,Notre-Dame,Saint-Antoine,Notre-Dame,Saint-Antoine,18/06/2009,0,135.028091430664,5168.56640625,3210.02856445312,168.083450317383,1790.45422363281,272909.1875,0,152220.265625,0,4.90548276901245,8.5503511428833,8.07403469085693,5.12446117401123,7.49022483825684,12.5168943405151,0,11.9330835342407,68.3000030517578,3,22.7999992370605,52.2000007629395,1,0,0,0,0,1,1,1,0,3378.11206054688,50.0104026794434,0,85.0176849365234,0,0,1790.45422363281,0,2,1,1,0,0,0,0,2345.86108398438,7.7604079246521,0.516856670379639,1.35028088092804,Ville-Marie,NA,,6184,"c(300959.125, 5041828)"
719,Notre-Dame,Papineau,Notre-Dame,Papineau,23/04/2009,1,659.556701660156,15332.310546875,8465.015625,7.74652576446533,6859.54833984375,510272.90625,1938.00012207031,2472781.25,0,6.49156808853149,9.63771820068359,9.04369735717773,2.04724407196045,8.83339691162109,13.1427011489868,7.56941223144531,14.720853805542,67.0999984741211,4,16.7999992370605,63.2000007629395,1,0,0,1,0,1,1,1,1,625.531921386719,45.4866714477539,0,246.927642822266,17.4296836853027,253.425735473633,14689.349609375,113.716674804688,4,2,1,0,0,0,0,2762.25805664062,7.92380380630493,1.53323101997375,6.59556722640991,Ville-Marie,NA,,6185,"c(301120.5, 5042254)"
1462,Notre-Dame,Place d'Armes/Saint-Sulpice,Notre-Dame,Place d'Armes/Saint-Sulpice,04/12/2008,0,10091.92578125,9175.02734375,1884.74169921875,646.945068359375,6643.34033203125,5348733.5,1084893.75,37748820,1,9.21949100494385,9.12424087524414,7.54154586791992,6.47226095199585,8.80136966705322,15.4923696517944,13.8969926834106,17.4464645385742,38.0999984741211,4,9.5,41,0,1,0,1,0,0,1,1,0,3881.67041015625,1773.69580078125,0,2837.91333007812,0,1676.94885253906,5293.35693359375,3803.3681640625,1,0,0,0,1,0,0,1174.64599609375,7.06872224807739,0.917502760887146,100.919258117676,Ville-Marie,NA,,6186,"c(300373.5625, 5040557.5)"
453,Notre-Dame,Saint-François-Xavier,Notre-Dame,Saint-Franþois-Xavier,20/11/2008,0,6340.37353515625,7765.84423828125,1356.1142578125,878.020324707031,5531.7099609375,2742897.25,1120026.125,16398907,0,8.75469303131104,8.95748996734619,7.21237897872925,6.77766990661621,8.61825180053711,14.8245248794556,13.9288625717163,16.6127243041992,36,4,9,32.2999992370605,0,0,0,0,0,1,1,1,0.5,0,2022.615234375,0,1275.62670898438,2032.35339355469,1500.54406738281,5733.49072265625,1541.58740234375,1,0,0,0,0,0,0,1087.59301757812,6.99172210693359,0.776584446430206,63.403736114502,Ville-Marie,NA,,6188,"c(300312.625, 5040443)"
455,Notre-Dame,Saint-Pierre,Notre-Dame,Saint-Pierre,20/11/2008,0,5514.58154296875,7533.15966796875,834.391967773438,559.897033691406,6138.87060546875,597254.1875,570824.125,18020078,0,8.61515140533447,8.92706966400146,6.72670316696167,6.3277530670166,8.72239589691162,13.3000984191895,13.2548360824585,16.7069969177246,40.2999992370605,4,10.1000003814697,33,0,1,0,1,1,0,1,1,1,2584.97900390625,1323.23693847656,0,715.795654296875,0,1019.51629638672,4948.1806640625,2456.03295898438,2,0,0,1,0,0,0,975.736999511719,6.88319301605225,0.753315985202789,55.1458168029785,Ville-Marie,NA,,6191,"c(300222.03125, 5040268.5)"
354,Ontario,Saint-Laurent,Ontario,Saint-Laurent,26/02/2009,0,4327.8359375,24237.7421875,1829.53967285156,2281.17456054688,20127.02734375,1176343.875,3825433.25,41224588,2,8.37282276153564,10.0956659317017,7.51181983947754,7.73244619369507,9.90981864929199,13.9779224395752,15.1571817398071,17.5345458984375,64.1999969482422,4,16.1000003814697,53.5999984741211,0,0,0,0,0,0,1,1,0.5,0,980.662963867188,4447.349609375,2188.38549804688,15039.861328125,722.28466796875,4750.53076171875,436.502655029297,2,0,0,1,0,0,0,1091.47595214844,6.995285987854,2.42377424240112,43.2783584594727,Ville-Marie,NA,,6193,"c(299583.03125, 5041262.5)"
499,Ontario,Sanguinet,Ontario,Sanguinet,24/04/2009,0,13910.8212890625,9283.3037109375,888.002685546875,1253.53405761719,7141.7666015625,4357312,3659330,54730804,3,9.5404224395752,9.13597297668457,6.78897476196289,7.13372182846069,8.8737154006958,15.2873659133911,15.1127910614014,17.8179378509521,53.2000007629395,4,13.3000001907349,45.4000015258789,0,0,0,0,0,0,1,1,1,0,3750.72216796875,4684.36328125,1835.81787109375,1837.58947753906,2276.68334960938,2761.35083007812,6047.59765625,2,0,0,0,0,0,0,1487.77502441406,7.30503702163696,0.928330361843109,139.108215332031,Ville-Marie,NA,,6195,"c(299673, 5041649.5)"
498,Ontario,Saint-Hubert,Ontario,Saint-Hubert,23/04/2009,0,4787.47216796875,18816.310546875,2023.77978515625,2782.939453125,14009.591796875,2461036.75,3472034.25,33364918,1,8.47375774383545,9.84247875213623,7.61272192001343,7.9312629699707,9.5474967956543,14.7160930633545,15.0602512359619,17.3230152130127,56.2000007629395,4,14.1000003814697,46.5999984741211,0,0,0,0,0,0,0,0,0.5,4347.7373046875,1375.97180175781,5310.2431640625,1064.06323242188,4523.97119140625,1535.17517089844,4634.35888671875,812.261962890625,2,0,0,0,0,0,0,1852.98706054688,7.52455425262451,1.88163101673126,47.8747215270996,Ville-Marie,NA,,6200,"c(299777.3125, 5041999.5)"
496,Ontario,Saint-André,Ontario,Saint-AndrÚ,23/04/2009,0,3921.60083007812,11838.6279296875,1187.15502929688,1173.5986328125,9477.8740234375,1746688.625,1668007.75,11491800,3,8.27425479888916,9.37912273406982,7.07931518554688,7.06783008575439,9.15671539306641,14.3732318878174,14.3271408081055,16.2571449279785,56.5999984741211,4,14.1999998092651,48.5999984741211,0,0,0,0,0,1,1,1,1,1419.55078125,1155.03649902344,5670.45703125,524.721252441406,0,1723.61987304688,4748.6201171875,518.22314453125,2,0,0,2,0,0,0,1973.43395996094,7.58753061294556,1.18386280536652,39.216007232666,Ville-Marie,NA,,6202,"c(299824.71875, 5042111)"
638,Champlain,Ontario,Champlain,Ontario,03/12/2008,0,2509.666015625,18112.48828125,1834.92517089844,2361.06860351562,13916.494140625,941977.125,1664524.875,19648830,2,7.82790517807007,9.80435657501221,7.5147590637207,7.76687002182007,9.5408296585083,13.7557363510132,14.3250503540039,16.7935276031494,48.2999992370605,4,12.1000003814697,45.5,0,0,0,0,0,0,0,0,0,2959.55688476562,581.667358398438,7102.9365234375,751.592712402344,2880.63525390625,333.315002441406,5169.359375,843.090942382812,2,0,0,0,0,0,0,2711.7900390625,7.90536403656006,1.81124877929688,25.0966606140137,Ville-Marie,NA,,6208,"c(300116.90625, 5042792.5)"
353,Ontario,Président-Kennedy/Saint-Urbain,Ontario,PrÚsident-Kennedy/Saint-Urbain,11/02/2009,0,6802.55419921875,22153.623046875,781.023376464844,1116.65234375,20255.947265625,985940.8125,2450279.75,68646760,4,8.82505321502686,10.0057563781738,6.66060495376587,7.01809120178223,9.91620445251465,13.8013515472412,14.7117128372192,18.0444831848145,47.2000007629395,4,11.8000001907349,53.0999984741211,0,1,0,1,1,0,1,1,0,14275.8408203125,2681.05322265625,4675.5859375,1262.37048339844,0,664.822082519531,3202.19580078125,2194.30859375,2,0,0,0,1,0,0,931.551025390625,6.83685111999512,2.21536231040955,68.0255432128906,Ville-Marie,NA,,6226,"c(299530.71875, 5041111.5)"
445,René-Lévesque,Sanguinet,RenÚ-LÚvesque,Sanguinet,02/12/2008,0,5923.98291015625,33096.56640625,5660.15869140625,3398.31640625,24038.091796875,6184504.5,2691367,43834480,8,8.68676376342773,10.4071846008301,8.64120674133301,8.13103485107422,10.0873947143555,15.6375570297241,14.8055601119995,17.5959300994873,87.1999969482422,4,21.7999992370605,81.4000015258789,1,1,1,1,1,1,1,1,1,1615.86608886719,1730.62451171875,11784.90234375,667.03271484375,7437.05615234375,2371.21997070312,12258.7412109375,1155.10546875,6,0,0,0,0,0,1,1438.28100585938,7.27120399475098,3.30965662002563,59.2398300170898,Ville-Marie,NA,,6236,"c(300183.96875, 5041315.5)"
441,René-Lévesque,Saint-Denis,RenÚ-LÚvesque,Saint-Denis,02/12/2008,0,6977.40625,36889.1328125,2556.14111328125,3400.16723632812,30932.822265625,3227529.25,7943974.5,130212856,8,8.85043334960938,10.5156717300415,7.84625387191772,8.1315803527832,10.3395729064941,14.9872274398804,15.8879241943359,18.6846809387207,92.3000030517578,4,23.1000003814697,83.5999984741211,1,1,0,1,0,0,1,1,0.5,9075.1337890625,1016.81817626953,11758.9892578125,1407.2763671875,0,1212.04724121094,16055.0087890625,3341.2646484375,7,0,0,1,0,0,0,1563.08203125,7.35441493988037,3.68891334533691,69.7740631103516,Ville-Marie,NA,,6237,"c(300251.84375, 5041421.5)"
444,René-Lévesque,Saint-Urbain,RenÚ-LÚvesque,Saint-Urbain,01/10/2009,0,16658.033203125,39791.30078125,4817.21630859375,4032.59399414062,30941.4921875,13510537,16336451,282048064,14,9.72064781188965,10.5914039611816,8.47995185852051,8.30216503143311,10.3398532867432,16.4189796447754,16.6089096069336,19.4575881958008,91.9000015258789,4,23,82.5,1,1,1,1,1,0,1,1,1,10178.1943359375,5100.59814453125,13800.2294921875,3495.63232421875,0,2001.58569335938,15812.8779296875,6060.21630859375,6,0,0,0,0,0,1,924.31298828125,6.82905054092407,3.97913002967834,166.580337524414,Ville-Marie,NA,,6244,"c(299911.3125, 5040867)"
468,Sanguinet,Viger,Sanguinet,Viger,28/11/2008,0,4591.3994140625,30251.603515625,4236.67919921875,492.290161132812,25522.634765625,9041710,229378.65625,62296336,9,8.43194007873535,10.3173036575317,8.35153484344482,6.19906806945801,10.1473207473755,16.0173587799072,12.34312915802,17.9474124908447,60.2000007629395,4,15.1000003814697,50.7000007629395,0,1,0,1,0,0,1,1,0.5,0,465.941986083984,20325.6171875,423.429046630859,9925.9873046875,1567.87780761719,0,2134.150390625,3,0,0,0,0,0,0,1486.751953125,7.30434894561768,3.02516031265259,45.9139938354492,Ville-Marie,NA,,6254,"c(300375.3125, 5041192.5)"
451,La Gauchetière,Sanguinet,La GauchetiÞre,Sanguinet,07/05/2009,0,2742.36889648438,7802.37744140625,286.496459960938,1218.54016113281,6297.3408203125,287075,710567.375,6953438,0,7.91657686233521,8.96218395233154,5.65772581100464,7.10540914535522,8.74788284301758,12.5674991607666,13.4738187789917,15.7547473907471,42.2000007629395,4,10.6000003814697,37.0999984741211,0,0,0,0,0,1,1,1,0.5,0,583.130065917969,2187.791015625,754.904846191406,5614.58642578125,402.314544677734,0,1002.01940917969,4,0,0,0,0,0,0,1459.2900390625,7.28570508956909,0.78023773431778,27.4236888885498,Ville-Marie,NA,,6255,"c(300286.53125, 5041248.5)"
508,Sainte-Catherine,Sanguinet,Sainte-Catherine,Sanguinet,21/04/2009,0,13763.443359375,6571.849609375,600.055114746094,918.295227050781,5053.49951171875,863552.1875,4446269,17584572,5,9.52977085113525,8.79055118560791,6.39702177047729,6.82251882553101,8.52783584594727,13.6688098907471,15.3075761795044,16.6825313568115,46.9000015258789,4,11.6999998092651,40.2999992370605,0,0,0,0,0,0,1,1,1,998.813781738281,6079.38671875,0,1439.12145996094,0,4841.87353515625,5573.03564453125,1403.0615234375,2,0,0,2,0,0,0,1425.76403808594,7.26246309280396,0.657184958457947,137.634429931641,Ville-Marie,NA,,6258,"c(300010.34375, 5041428.5)"
505,Saint-André,Sherbrooke,Saint-AndrÚ,Sherbrooke,22/04/2009,0,4775.34375,21293.314453125,1036.21850585938,913.04541015625,19344.05078125,1771125.5,1650265.875,15914586,3,8.47122097015381,9.96614837646484,6.9433331489563,6.81678581237793,9.87014007568359,14.3871259689331,14.3164472579956,16.5827465057373,61.7000007629395,4,15.3999996185303,56.4000015258789,0,0,0,0,0,0,0,0,1,0,2650.41430664062,10862.69921875,328.428039550781,0,1302.21716308594,10430.615234375,494.2841796875,4,0,0,0,0,0,0,2037.40905761719,7.61943435668945,2.12933135032654,47.7534370422363,Plateau-Mont-Royal,NA,,6262,"c(299634.25, 5042224.5)"
684,Calixa-Lavallée,Panet/Sherbrooke,Calixa-LavallÚe,Panet/Sherbrooke,10/02/2009,0,4556.23876953125,32527.298828125,1649.65051269531,2007.73022460938,28869.91796875,1488459.5,2447304.25,37958016,2,8.42425346374512,10.389835357666,7.40831899642944,7.60476016998291,10.2705545425415,14.2132520675659,14.7104978561401,17.4519901275635,75.3000030517578,4,18.7999992370605,58.0999984741211,0,0,1,1,1,0,1,1,1,1322.6181640625,1728.09216308594,15869.34765625,562.864318847656,1012.14440917969,1522.69616699219,14323.1884765625,742.5859375,5,0,0,1,0,0,1,2567.02001953125,7.85050106048584,3.25272989273071,45.5623893737793,Ville-Marie,NA,,6267,"c(299724.9375, 5042746)"
713,Plessis,Sherbrooke,Plessis,Sherbrooke,10/02/2009,0,4676.71142578125,33889.2421875,2496.208984375,2661.794921875,28731.240234375,3871425.25,5382008,72347480,5,8.45034980773926,10.4308528900146,7.82252788543701,7.88675594329834,10.2657403945923,15.1691331863403,15.4985723495483,18.0969905853271,59.5999984741211,3,19.8999996185303,49.4000015258789,0,0,1,1,0,0,1,1,1,0,1.97496294975281,16380.5947265625,1915.71362304688,2461.02172851562,2156.6591796875,15047.626953125,602.363586425781,5,0,0,0,0,0,1,2650.4970703125,7.88250255584717,3.38892412185669,46.7671127319336,Plateau-Mont-Royal,NA,,6268,"c(299742, 5042828)"
504,Saint-André,Sainte-Catherine,Saint-AndrÚ,Sainte-Catherine,21/04/2009,0,11127.78515625,8983.572265625,925.963623046875,776.429138183594,7281.1796875,913288.75,1177189.875,22787822,8,9.31719970703125,9.10315322875977,6.83083486557007,6.65470504760742,8.89304828643799,13.7248067855835,13.9786405563354,16.9417362213135,42.4000015258789,4,10.6000003814697,36.7999992370605,0,0,0,0,0,0,1,1,1,1744.56921386719,7192.3291015625,0,960.507080078125,0,1516.15869140625,7239.00341796875,1458.79052734375,2,0,0,0,0,0,0,1897.79602050781,7.54844856262207,0.898357212543488,111.277854919434,Ville-Marie,NA,,6275,"c(300260.71875, 5041828.5)"
456,Bonsecours,Saint-Antoine/Saint-Denis,Bonsecours,Saint-Antoine/Saint-Denis,18/11/2008,0,2227.9306640625,24516.693359375,811.584594726562,2092.84448242188,21612.263671875,354909.09375,776541,32671760,11,7.70882892608643,10.1071100234985,6.69898891448975,7.64627885818481,9.98101615905762,12.7796173095703,13.5626049041748,17.30202293396,65.4000015258789,4,16.3999996185303,54.9000015258789,0,0,0,0,0,0,1,1,0.5,4214.4814453125,162.332504272461,0,437.303863525391,0,371.045715332031,20302.212890625,1257.24865722656,4,0,0,1,0,0,0,1644.68200683594,7.40530252456665,2.45166945457458,22.2793064117432,Ville-Marie,NA,,6283,"c(300547.625, 5041231)"
433,Berri,Saint-Antoine,Berri,Saint-Antoine,19/11/2008,0,1035.55041503906,26502.279296875,9001.708984375,1447.98132324219,16052.5888671875,428040.59375,447264.40625,9298054,1,6.94268798828125,10.184986114502,9.10517024993896,7.27792596817017,9.68362522125244,12.9669733047485,13.0109052658081,16.045316696167,67.5,4,16.8999996185303,64.3000030517578,0,1,0,1,0,0,1,1,0,2506.89794921875,36.5097923278809,0,280.461578369141,2536.26147460938,368.4169921875,21459.12109375,350.162109375,4,0,0,0,0,0,0,1764.76696777344,7.47577381134033,2.65022802352905,10.3555040359497,Ville-Marie,NA,,6284,"c(300598.625, 5041359)"
459,Saint-Denis,Viger,Saint-Denis,Viger,27/11/2008,1,1733.67028808594,24726.361328125,1514.26696777344,5373.55712890625,17838.537109375,494718.4375,2020225.875,16738191,1,7.45799589157104,10.1156253814697,7.32268714904785,8.5892448425293,9.78911590576172,13.111743927002,14.5187196731567,16.6332035064697,65.1999969482422,4,16.2999992370605,52.9000015258789,0,0,0,1,0,0,0,0,1,8496.619140625,430.134094238281,16229.7421875,600.874328613281,0,326.704895019531,0,375.956909179688,3,0,0,0,0,0,0,1606.96704101562,7.38210391998291,2.47263622283936,17.3367023468018,Ville-Marie,NA,,6290,"c(300440.75, 5041300)"
506,Saint-Denis,Sainte-Catherine,Saint-Denis,Sainte-Catherine,21/04/2009,0,13965.0517578125,15850.6572265625,1639.12817382812,912.543884277344,13298.9853515625,3027887.75,3428240.75,95707832,5,9.54431343078613,9.67096614837646,7.40191984176636,6.81623601913452,9.49544334411621,14.923376083374,15.0475578308105,18.3768100738525,61,4,15.3000001907349,52.4000015258789,0,1,0,1,0,1,1,1,1,10655.2919921875,3827.2763671875,0,1847.25500488281,0,3756.79541015625,5195.365234375,4533.724609375,2,0,0,0,0,0,0,1551.84204101562,7.34719800949097,1.58506572246552,139.650512695312,Ville-Marie,NA,,6292,"c(300076.03125, 5041536)"
462,Saint-François-Xavier,Saint-Jacques,Saint-Franþois-Xavier,Saint-Jacques,19/11/2008,0,8881.8369140625,7116.94775390625,1264.46020507812,737.754760742188,5114.732421875,2113106.25,967221.125,26797710,1,9.09176445007324,8.8702335357666,7.14240121841431,6.60361099243164,8.53987979888916,14.5636701583862,13.7821817398071,17.1038265228271,39.5,4,9.89999961853027,37.2000007629395,0,0,0,0,0,0,1,1,1,0,1311.03344726562,4872.48486328125,4064.20361328125,2244.462890625,1835.44677734375,0,1671.15270996094,2,0,0,1,0,0,0,1036.80505371094,6.94389915466309,0.711694777011871,88.8183670043945,Ville-Marie,NA,,6306,"c(300251.96875, 5040480)"
457,Saint-Antoine,Saint-Hubert,Saint-Antoine,Saint-Hubert,17/06/2009,0,1007.68402099609,15447.2255859375,3142.93408203125,453.733428955078,11850.5576171875,506097.21875,139253.34375,4980032.5,0,6.91541004180908,9.64518547058105,8.05291175842285,6.11750984191895,9.38012981414795,13.1344842910767,11.8440504074097,15.4209470748901,59.2999992370605,4,14.8000001907349,51,0,0,0,0,0,0,1,1,0,1019.97796630859,153.343231201172,0,203.895935058594,664.000122070312,449.919128417969,13763.2470703125,200.525756835938,4,0,0,0,0,0,0,1856.07800292969,7.52622079849243,1.54472255706787,10.0768404006958,Ville-Marie,NA,,6310,"c(300636.34375, 5041455)"
463,Saint-Hubert,Viger,Saint-Hubert,Viger,14/11/2008,0,702.314025878906,18861.798828125,417.700744628906,3177.50927734375,15266.5888671875,58885.78125,492969.40625,4690555,0,6.55438089370728,9.84489440917969,6.03476476669312,8.06385326385498,9.63342189788818,10.9833545684814,13.1082019805908,15.3610620498657,59.5999984741211,4,14.8999996185303,51.4000015258789,0,0,0,0,0,0,1,1,0.5,3483.32592773438,287.387573242188,12562.72265625,132.640426635742,2815.75048828125,139.442489624023,0,142.843536376953,4,0,0,0,0,0,0,1824.18395996094,7.50888824462891,1.88617992401123,7.02314043045044,Ville-Marie,NA,,6311,"c(300560.125, 5041490.5)"
507,Sainte-Catherine,Saint-Hubert,Sainte-Catherine,Saint-Hubert,04/12/2008,0,18422.25,14978.8349609375,1665.97705078125,1243.40600585938,12069.4521484375,8655698,4263323.5,122717584,9,9.82131385803223,9.61439323425293,7.41816711425781,7.12560987472534,9.39843273162842,15.9737281799316,15.2655601501465,18.6253967285156,48.7999992370605,4,12.1999998092651,45.7000007629395,0,0,0,0,0,1,1,1,1,4251.8876953125,7874.806640625,0,2972.9560546875,5218.5654296875,5048.986328125,5508.3818359375,2525.5009765625,2,0,0,0,0,0,0,1778.1689453125,7.48333930969238,1.49788343906403,184.222503662109,Ville-Marie,NA,,6312,"c(300195.8125, 5041728)"
464,Saint-Jacques,Saint-Laurent,Saint-Jacques,Saint-Laurent,19/11/2008,1,3431.92041015625,8438.2998046875,2154.53759765625,0,6283.76171875,3525475,0,4807367.5,3,8.1408748626709,9.04053592681885,7.67533111572266,0,8.74572372436523,15.0755262374878,0,15.3856601715088,42.7999992370605,3,14.3000001907349,37.2000007629395,0,0,0,1,1,1,0,1,1,0,224.037353515625,0,1030.57189941406,8438.2998046875,541.008728027344,0,1636.30249023438,3,0,0,0,0,0,0,1255.23400878906,7.13507747650146,0.843829989433289,34.3192024230957,Ville-Marie,NA,,6314,"c(300395.46875, 5040731.5)"
1391,Place d'Armes,Saint-Jacques,Place d'Armes,Saint-Jacques,19/11/2008,0,8652.8203125,6944.4375,337.678802490234,2646.3740234375,3960.38500976562,229759.953125,12191506,15645318,0,9.06564140319824,8.84569644927979,5.82209491729736,7.88094615936279,8.28409671783447,12.3447904586792,16.3162498474121,16.5656814575195,52.9000015258789,4,13.1999998092651,47.5999984741211,0,1,0,1,0,1,1,1,0.5,4883.49609375,748.450744628906,2060.94165039062,2617.08837890625,0,680.409790039062,0,4606.8720703125,2,0,0,0,0,0,0,1099.84594726562,7.00292539596558,0.694443762302399,86.528205871582,Ville-Marie,NA,,6315,"c(300295.0625, 5040558.5)"
465,Saint-Jacques,Saint-Pierre,Saint-Jacques,Saint-Pierre,19/11/2008,0,8221.341796875,8786.9892578125,603.784362792969,1616.82067871094,6566.38427734375,1168334.25,5106076.5,27573618,0,9.01448917388916,9.08102703094482,6.40321683883667,7.38821697235107,8.78971862792969,13.9710903167725,15.4459419250488,17.1323699951172,42,4,10.5,36,0,0,0,0,0,0,1,1,0,3973.2314453125,1861.99938964844,4813.7578125,1266.22595214844,0,1935.01904296875,0,3158.09692382812,2,0,0,0,0,0,0,921.153991699219,6.82562732696533,0.878698945045471,82.2134170532227,Ville-Marie,NA,,6317,"c(300164.53125, 5040309)"
466,Saint-Laurent,Viger,Saint-Laurent,Viger,13/11/2008,0,3483.7578125,21441.509765625,1061.62292480469,3570.25244140625,16809.634765625,742476.0625,2620046.5,33559900,2,8.1558666229248,9.97308444976807,6.96755409240723,8.18039226531982,9.72970771789551,13.5177459716797,14.7787027359009,17.3288421630859,59,4,14.8000001907349,52.5999984741211,0,0,0,0,0,1,1,1,1,0,733.854736328125,14500.96875,1889.63488769531,6940.54150390625,160.889846801758,0,699.378356933594,2,0,0,1,0,0,0,1148.86804199219,7.04653263092041,2.14415097236633,34.8375778198242,Ville-Marie,NA,,6324,"c(300213.21875, 5040846)"
361,Sainte-Catherine,Saint-Laurent,Sainte-Catherine,Saint-Laurent,04/12/2008,0,13699.78515625,18370.623046875,587.111999511719,1944.57470703125,15838.935546875,2934736.5,4436776.5,149378784,17,9.5251350402832,9.81850814819336,6.37521600723267,7.57279920578003,9.67022609710693,14.8921279907227,15.3054389953613,18.8219966888428,48.7999992370605,4,12.1999998092651,47.9000015258789,0,0,0,0,0,0,1,1,1,0,4998.59716796875,0,2281.61791992188,16244.6787109375,5055.033203125,2125.94384765625,1364.53649902344,2,0,0,0,0,0,0,1049.20202636719,6.95578527450562,1.8370623588562,136.997848510742,Ville-Marie,NA,,6325,"c(299813.125, 5041107.5)"
364,Sainte-Catherine,Saint-Urbain,Sainte-Catherine,Saint-Urbain,16/03/2009,0,17184.7890625,19459.982421875,2448.806640625,1997.18237304688,15013.994140625,2363909.5,13869846,150581648,4,9.75177955627441,9.8761157989502,7.8033561706543,7.5994930267334,9.61673831939697,14.6758270263672,16.4452285766602,18.8300151824951,58.5,4,14.6000003814697,50.5999984741211,0,0,0,0,0,0,1,1,1,12633.43359375,5676.5263671875,0,965.331298828125,0,6944.70703125,6826.55029296875,3598.22509765625,2,0,0,1,0,0,0,901,6.80350542068481,1.9459981918335,171.847885131836,Ville-Marie,NA,,6353,"c(299735.6875, 5040981)"
434,Berri,Viger,Berri,Viger,13/11/2008,0,1086.82739257812,27569.474609375,2644.96801757812,3290.30395507812,21634.203125,725608.125,1000735.875,11514169,2,6.99101781845093,10.2244644165039,7.88041400909424,8.09873485565186,9.98203086853027,13.4947652816772,13.8162460327148,16.2590885162354,77.9000015258789,4,19.5,68.5,1,1,0,1,1,0,1,1,0,4046.5283203125,352.972625732422,14593.6796875,180.59065246582,8929.2666015625,257.752105712891,0,295.511962890625,5,0,0,0,0,0,0,1720.52001953125,7.45038175582886,2.75694751739502,10.8682737350464,Ville-Marie,NA,,6368,"c(300502.90625, 5041400.5)"
442,René-Lévesque,Saint-Hubert,RenÚ-LÚvesque,Saint-Hubert,02/12/2008,0,2535.94458007812,30805.109375,2878.20361328125,2285.90454101562,25641,1934107,1514975.125,32822432,4,7.83832120895386,10.3354358673096,7.96492195129395,7.73451709747314,10.1519479751587,14.4751558303833,14.2309103012085,17.3066234588623,89.8000030517578,3,29.8999996185303,85.5,1,0,0,0,0,0,0,0,1,3542.68920898438,784.983642578125,11849.6845703125,752.445434570312,2928.17895507812,463.669097900391,12484.5556640625,534.846374511719,7,0,0,0,0,0,0,1788.47595214844,7.48911905288696,3.08051085472107,25.3594455718994,Ville-Marie,NA,,6391,"c(300374.6875, 5041612.5)"
3527,Papineau,Ville-Marie,Papineau,Ville-Marie,24/04/2009,0,925.481018066406,84386.0859375,0,7860.91015625,76525.171875,0,1000459.375,56309844,0,6.83031415939331,11.3431577682495,0,8.96965789794922,11.2453746795654,0,13.8159704208374,17.8463802337646,157.5,4,39.4000015258789,82.5,1,1,0,1,0,0,1,1,0,8204.5888671875,67.3077087402344,41493.765625,674.759826660156,7038.46435546875,53.8461685180664,27649.265625,129.567337036133,8,0,0,0,0,0,0,2751.98803710938,7.92007875442505,8.43860816955566,9.25481033325195,Ville-Marie,NA,,6421,"c(301076.75, 5042280)"
430,Amherst,Saint-Antoine,Amherst,Saint-Antoine,17/06/2009,0,1027.90515136719,11974.1357421875,4347.3564453125,213.955596923828,7412.82373046875,449073.71875,75948.4609375,4960837,1,6.93527793884277,9.39050388336182,8.37732315063477,5.36576890945435,8.91096687316895,13.0149421691895,11.2378101348877,15.4170846939087,63.0999984741211,4,15.8000001907349,54.2000007629395,0,0,1,1,1,1,1,1,0.5,957.266845703125,42.1272583007812,0,444.863861083984,306.177825927734,291.520629882812,10710.69140625,249.393371582031,3,0,0,0,0,0,1,2098.40698242188,7.64893388748169,1.19741356372833,10.2790517807007,Ville-Marie,NA,,6425,"c(300761.21875, 5041677)"
615,Cartier,Maisonneuve,Cartier,Maisonneuve,25/03/2009,0,3174.3623046875,19997.814453125,2006.58666992188,145.827529907227,17845.400390625,653556.1875,55864.1328125,20113510,5,8.06286239624023,9.90337753295898,7.6041898727417,4.98242521286011,9.78950119018555,13.3901844024658,10.9306783676147,16.8169021606445,59.9000015258789,4,15,50.4000015258789,0,0,0,0,0,1,1,1,0.5,0,383.083618164062,17649.01953125,783.043151855469,2348.79541015625,1682.53015136719,0,325.705444335938,3,0,0,0,0,0,0,2816.73388671875,7.9433331489563,1.99978148937225,31.7436237335205,Ville-Marie,NA,,6447,"c(300646.59375, 5042668.5)"
618,Dorion,Sainte-Catherine,Dorion,Sainte-Catherine,22/09/2009,0,6651.79931640625,5741.8564453125,767.902282714844,346.380737304688,4627.57373046875,626904.6875,362002.9375,9487890,9,8.80264282226562,8.65553760528564,6.64366292953491,5.84753894805908,8.43978786468506,13.3485498428345,12.7994079589844,16.0655269622803,51.5999984741211,4,12.8999996185303,40.7000007629395,0,0,0,0,0,1,1,1,1,1343.37084960938,3978.69067382812,0,816.386047363281,0,1045.10119628906,4398.48583984375,811.621154785156,3,0,0,0,0,0,0,2861.09692382812,7.95896053314209,0.57418566942215,66.5179901123047,Ville-Marie,NA,,6469,"c(300783.96875, 5042637.5)"
620,Dufresne,Sainte-Catherine,Dufresne,Sainte-Catherine,15/04/2009,0,1425.37768554688,8962.3134765625,346.057891845703,293.269409179688,8322.9853515625,62510.3125,80887.765625,2904812.75,0,7.26219177246094,9.10078430175781,5.84660577774048,5.68109178543091,9.02677631378174,11.0430870056152,11.3008184432983,14.8818798065186,48.2999992370605,4,12.1000003814697,44.4000015258789,0,0,0,0,0,1,1,1,1,465.32080078125,699.551696777344,0,180.63542175293,158.365478515625,387.545074462891,8338.626953125,157.645462036133,3,0,0,1,0,0,0,3478.40600585938,8.15432929992676,0.896231353282928,14.253776550293,Ville-Marie,NA,,6480,"c(301121.96875, 5043154)"
619,Dufresne,Maisonneuve,Dufresne,Maisonneuve,15/04/2009,0,995.136962890625,9392.44140625,185.737289428711,328.461730957031,8878.2421875,48801.06640625,58253.0625,3402497,0,6.90288019180298,9.14766120910645,5.22433280944824,5.79441976547241,9.09135913848877,10.7955074310303,10.9725522994995,15.0400199890137,47.5999984741211,4,11.8999996185303,41.4000015258789,0,0,0,0,0,0,1,1,1,475.096435546875,353.060119628906,8917.3447265625,201.983245849609,0,262.742431640625,0,177.351135253906,3,0,0,0,0,0,0,3481.01196289062,8.15507793426514,0.939244151115417,9.9513692855835,Ville-Marie,NA,,6481,"c(301009.78125, 5043226)"
640,La Fontaine,Papineau,La Fontaine,Papineau,15/04/2009,0,1190.55163574219,8590.8388671875,1.95512902736664,999.071105957031,7589.81201171875,324.270233154297,244361.703125,2649185.25,0,7.08217191696167,9.05845165252686,0.670455992221832,6.90682601928711,8.93456172943115,5.78157711029053,12.4064054489136,14.7897634506226,35.9000015258789,4,9,30.3999996185303,0,0,0,0,0,0,1,1,0,7323.91455078125,149.434753417969,459.455413818359,298.869506835938,0,165.856155395508,807.468444824219,576.391174316406,2,0,0,1,0,0,0,2756.52807617188,7.92172718048096,0.859083890914917,11.9055166244507,Ville-Marie,NA,,6498,"c(300360.40625, 5042746)"
622,Frontenac,Sainte-Catherine,Frontenac,Sainte-Catherine,22/04/2009,0,504.137023925781,19005.8125,2416.53979492188,3816.41259765625,12772.8603515625,515878.625,641246,3362005,0,6.2228479385376,9.85249996185303,7.79009199142456,8.24706554412842,9.455078125,13.1536273956299,13.3711681365967,15.0280475616455,64.3000030517578,4,16.1000003814697,52.9000015258789,1,0,0,0,1,0,1,1,0.5,0,213.478225708008,2615.96313476562,68.9698867797852,8248.6904296875,146.150466918945,8141.15869140625,75.538444519043,5,1,1,0,0,0,0,3701.82104492188,8.21658039093018,1.90058124065399,5.0413703918457,Ville-Marie,NA,,6507,"c(301241, 5043343)"
621,Frontenac,Maisonneuve,Frontenac,Maisonneuve,13/02/2009,0,395.362396240234,17458.9453125,2316.42016601562,248.800689697266,14893.7236328125,239523.578125,23204.390625,2688795.75,0,5.97980308532715,9.76760673522949,7.74777793884277,5.51665210723877,9.6086950302124,12.3864068984985,10.0520973205566,14.8046035766602,61.0999984741211,4,15.3000001907349,48.2999992370605,0,0,0,0,1,0,1,1,0.5,0,93.2649765014648,4465.54345703125,133.814971923828,12993.4013671875,64.8799819946289,0,103.402473449707,4,0,0,2,0,0,0,3701.2900390625,8.2164363861084,1.74589455127716,3.95362401008606,Ville-Marie,NA,,6510,"c(301126.78125, 5043412.5)"
648,Frontenac,Ontario,Frontenac,Ontario,28/05/2009,0,12135.7353515625,24601.48828125,1919.89831542969,2332.89965820312,20348.689453125,3180032,7025362.5,120134512,4,9.40390968322754,10.1105623245239,7.56002807617188,7.75486707687378,9.92077159881592,14.9724016189575,15.7650365829468,18.6041221618652,58.5,4,14.6000003814697,52,0,1,0,1,0,0,1,1,1,0,2475.666015625,7326.12353515625,3557.54541015625,11294.28515625,5489.2578125,5981.07861328125,613.265991210938,3,0,0,1,0,0,0,3742.92309570312,8.22762203216553,2.46014881134033,121.357353210449,Ville-Marie,NA,,6512,"c(300687.875, 5043678.5)"
650,Frontenac,Rouen,Frontenac,Rouen,28/05/2009,0,2654.974609375,15001.99609375,290.217193603516,1979.43005371094,12732.3486328125,205664.671875,1120893.125,14799727,1,7.88419008255005,9.61593914031982,5.67062997817993,7.59056377410889,9.45190143585205,12.2340021133423,13.9296360015869,16.5101184844971,54.5,4,13.6000003814697,47.7000007629395,0,0,0,0,0,1,1,1,1,0,439.984436035156,2318.01684570312,748.877624511719,11977.0400390625,658.469848632812,706.939331054688,807.642700195312,3,0,0,0,0,0,0,3796.26098632812,8.24177169799805,1.50019955635071,26.5497455596924,Ville-Marie,NA,,6515,"c(300435.28125, 5043829.5)"
645,Frontenac,Hochelaga,Frontenac,Hochelaga,28/05/2009,0,1600.21740722656,23425.736328125,785.07470703125,3728.17456054688,18912.486328125,217208.21875,1748124.5,15114105,1,7.37789487838745,10.0615911483765,6.66577911376953,8.22367382049561,9.84757804870605,12.2886123657227,14.3740539550781,16.5311393737793,61,4,15.1999998092651,52.2999992370605,0,0,0,0,0,1,1,1,1,0,349.576690673828,7510.2998046875,604.225219726562,11964.017578125,420.396087646484,3951.41870117188,226.019409179688,3,0,0,0,0,0,0,3860.56103515625,8.25856781005859,2.34257364273071,16.0021743774414,Ville-Marie,NA,,6517,"c(300223.03125, 5043959)"
624,Fullum,Sainte-Catherine,Fullum,Sainte-Catherine,21/04/2009,0,1248.98693847656,11165.2431640625,2043.63818359375,690.159240722656,8431.4453125,938125.625,205130.328125,3596643.75,2,7.13008785247803,9.32056140899658,7.62248706817627,6.53692197799683,9.03972339630127,13.7516393661499,12.2314014434814,15.0955123901367,56.7000007629395,4,14.1999998092651,51.5,0,0,0,0,0,1,1,1,1,776.429138183594,513.035339355469,0,134.405426025391,837.776611328125,378.629913330078,9551.037109375,222.916305541992,3,0,0,3,0,0,0,3329.47290039062,8.11056900024414,1.11652433872223,12.4898691177368,Ville-Marie,NA,,6519,"c(301040.09375, 5043029.5)"
623,Fullum,Maisonneuve,Fullum,Maisonneuve,13/02/2009,0,1074.57470703125,14792.9169921875,1035.95458984375,2655.30395507812,11101.658203125,221698.46875,602853.1875,5142086,0,6.97968006134033,9.60190391540527,6.94307899475098,7.88431406021118,9.31484985351562,12.3090734481812,13.3094291687012,15.4529685974121,57.9000015258789,4,14.5,50.9000015258789,0,0,0,0,0,0,1,1,1,3101.42919921875,409.554901123047,9297.853515625,206.804946899414,2393.63427734375,257.492431640625,0,200.722442626953,3,0,0,1,0,0,0,3333.94409179688,8.11191082000732,1.47929167747498,10.7457466125488,Ville-Marie,NA,,6520,"c(300928.40625, 5043103)"
652,Fullum,Hochelaga,Fullum,Hochelaga,28/05/2009,0,616.279602050781,9833.8974609375,2827.75732421875,2290.111328125,4716.029296875,400699.625,401243.4375,774564.3125,0,6.42370080947876,9.19359111785889,7.94723892211914,7.73635578155518,8.45872211456299,12.9009666442871,12.9023237228394,13.5600557327271,43.9000015258789,3,14.6000003814697,38.7999992370605,0,0,0,0,0,1,1,1,1,2998.91088867188,60.271842956543,3123.55541992188,260.675720214844,3711.43139648438,103.968925476074,0,191.363098144531,2,0,0,0,0,0,0,3540.30493164062,8.17196846008301,0.983389735221863,6.16279602050781,Ville-Marie,NA,,6532,"c(300079.375, 5043665)"
625,Havre,Sainte-Catherine,Havre,Sainte-Catherine,11/05/2006,0,169.194091796875,12738.5,1002.27374267578,2875.37548828125,8860.8505859375,75650.328125,272244.34375,495809.9375,0,5.13104677200317,9.45238399505615,6.91002607345581,7.96393918991089,9.08939838409424,11.2338771820068,12.5144548416138,13.1139478683472,58.4000015258789,4,14.6000003814697,40.5999984741211,0,0,0,0,0,1,0,1,0,326.26708984375,96.9770965576172,5128.73095703125,14.443398475647,49.2921524047852,16.5067405700684,7234.2099609375,41.2668495178223,4,0,0,0,0,0,0,3793.13403320312,8.24094772338867,1.27384996414185,1.69194090366364,Ville-Marie,NA,,6541,"c(301289.28125, 5043420.5)"
661,Hochelaga,Iberville,Hochelaga,Iberville,26/05/2009,0,933.468505859375,20301.94140625,4371.9892578125,570.900024414062,15359.0517578125,979140.8125,124535.8671875,7537903,0,6.83890676498413,9.91847229003906,8.38297271728516,6.34721422195435,9.63945960998535,13.7944307327271,11.732349395752,15.8354549407959,54.7000007629395,4,13.6999998092651,45.9000015258789,0,1,0,1,1,1,1,1,1,12001.7919921875,299.50048828125,5670.326171875,191.558685302734,0,240.208511352539,2629.8232421875,202.200836181641,2,0,0,1,0,0,0,3789.97998046875,8.24011611938477,2.03019404411316,9.33468532562256,Ville-Marie,NA,,6553,"c(300181.6875, 5043897)"
627,Iberville,Sainte-Catherine,Iberville,Sainte-Catherine,04/12/2008,0,628.855773925781,19417.701171875,456.227142333984,746.043579101562,18215.4296875,29425.75390625,154880.90625,5961172,2,6.44390201568604,9.87394046783447,6.12299108505249,6.6147837638855,9.81002426147461,10.289626121521,11.9504117965698,15.6007776260376,56.7000007629395,4,14.1999998092651,50.7000007629395,0,0,0,0,0,1,1,1,1,10392.255859375,247.914306640625,18.6978340148926,64.4980316162109,0,207.603042602539,9006.7470703125,108.840423583984,3,0,0,0,0,0,0,3628.80200195312,8.19665813446045,1.94177007675171,6.28855752944946,Ville-Marie,NA,,6564,"c(301203.1875, 5043280.5)"
626,Iberville,Maisonneuve,Iberville,Maisonneuve,13/02/2009,0,772.477294921875,20052.048828125,1121.74792480469,3749.1689453125,15181.1318359375,206965.234375,1056599.875,5868110,0,6.64960289001465,9.90608692169189,7.02264308929443,8.22928905487061,9.62780857086182,12.2403059005737,13.8705673217773,15.5850429534912,53.5999984741211,4,13.3999996185303,47.4000015258789,0,0,0,0,0,1,1,1,1,13593.955078125,202.749954223633,6458.09375,103.402473449707,0,184.502456665039,0,281.822418212891,3,0,0,1,0,0,0,3628,8.19643688201904,2.00520491600037,7.72477293014526,Ville-Marie,NA,,6567,"c(301088.5, 5043350)"
1514,Iberville,Logan,Iberville,Logan,15/04/2009,0,880.187133789062,11691.673828125,78.2051773071289,213.109100341797,11400.359375,14897.16796875,31845.90625,5505653,1,6.78013515472412,9.36663246154785,4.35933589935303,5.36180400848389,9.34140014648438,9.60892581939697,10.3686637878418,15.5212860107422,55.5,4,13.8999996185303,48.5999984741211,0,0,0,0,1,0,1,1,1,10735.615234375,339.923004150391,0,190.488250732422,0,149.434753417969,956.058288574219,200.341094970703,3,0,0,2,0,0,0,3631.26904296875,8.19733715057373,1.16916739940643,8.80187129974365,Ville-Marie,NA,,6568,"c(300976.03125, 5043417.5)"
668,Iberville,Ontario,Iberville,Ontario,26/05/2009,0,5723.9560546875,24335.07421875,2362.78930664062,1778.99816894531,20193.28515625,1900879.875,2989868.75,58828308,5,8.65241527557373,10.0996742248535,7.76759815216064,7.48380613327026,9.91310501098633,14.4578266143799,14.9107398986816,17.8901348114014,57.0999984741211,4,14.3000001907349,52.7999992370605,0,0,0,0,0,0,1,1,1,13379.318359375,2315.42749023438,5821.33837890625,319.264465332031,0,1307.46398925781,5134.4169921875,1781.7998046875,3,0,0,3,0,0,0,3670.47509765625,8.20807647705078,2.43350744247437,57.239559173584,Ville-Marie,NA,,6570,"c(300649.5, 5043616)"
670,Iberville,Rouen,Iberville,Rouen,26/05/2009,0,1061.17431640625,14399.5712890625,2202.56909179688,0,12197.0029296875,617415.6875,0,9976235,0,6.9671311378479,9.57495403289795,7.69738006591797,0,9.40894603729248,13.3332977294922,0,16.1157169342041,40.2999992370605,3,13.3999996185303,36.0999984741211,0,0,1,1,1,1,0,1,0.5,13057.0361328125,513.86376953125,1342.53588867188,243.249130249023,0,304.061401367188,0,0,2,0,0,2,0,0,1,3727.77001953125,8.22356510162354,1.43995714187622,10.6117429733276,Ville-Marie,NA,,6572,"c(300398.71875, 5043769.5)"
717,Lorimier,Notre-Dame/Viger,Lorimier,Notre-Dame/Viger,14/11/2008,0,6.80207300186157,49676.5546875,4128.5244140625,11171.6298828125,34376.3984375,7007.94677734375,1341.34008789062,75251.3984375,1,1.91722702980042,10.8132877349854,8.32567501068115,9.32113265991211,10.445125579834,8.8548002243042,7.20142412185669,11.2285900115967,92.5,2,46.2999992370605,67.1999969482422,1,0,0,0,0,1,1,1,0,15083.845703125,5.10155487060547,29701.505859375,1.70051801204681,4891.201171875,0,0,0,7,1,1,0,0,0,0,3039.09204101562,8.01931381225586,4.96765565872192,0.0680207312107086,Ville-Marie,NA,,6583,"c(301215.59375, 5042539.5)"
629,Lorimier,Sainte-Catherine,Lorimier,Sainte-Catherine,09/04/2009,0,3521.96801757812,36337.015625,4733.126953125,3762.87475585938,27841.013671875,3909745.5,1001269.625,78299128,11,8.16677474975586,10.5005922317505,8.46234130859375,8.23293876647949,10.2342662811279,15.1789827346802,13.8167791366577,18.17604637146,73.8000030517578,4,18.5,64,0,1,0,1,1,0,1,1,0,19333.390625,2243.46752929688,0,63.3564338684082,10643.7265625,973.08984375,6359.8974609375,242.054061889648,6,0,0,0,0,0,0,3015.69311523438,8.0115852355957,3.63370156288147,35.2196807861328,Ville-Marie,NA,,6588,"c(300865.8125, 5042768.5)"
631,Maisonneuve,Papineau,Maisonneuve,Papineau,08/04/2009,0,3189.0361328125,42750.859375,2387.212890625,7441.22216796875,32922.421875,2788008,5166867.5,59461688,5,8.06747436523438,10.6631450653076,7.77788209915161,8.91479015350342,10.4019088745117,14.840838432312,15.4577770233154,17.900842666626,59.0999984741211,4,14.8000001907349,50.7999992370605,0,0,0,0,0,1,1,1,0,8098.14599609375,709.404541015625,18493.568359375,436.809295654297,16159.14453125,1456.57836914062,0,586.244018554688,4,0,0,2,0,0,0,2729.26391601562,7.91178703308105,4.27508592605591,31.8903617858887,Ville-Marie,NA,,6594,"c(300599.8125, 5042594.5)"
632,Maisonneuve,Parthenais,Maisonneuve,Parthenais,22/04/2009,0,1361.33422851562,15183.53515625,1067.50061035156,2185.83471679688,11930.19921875,448764.34375,506112,6296464.5,0,7.21622085571289,9.62796688079834,6.9730749130249,7.68975305557251,9.38682842254639,13.0142526626587,13.1345129013062,15.655499458313,46.0999984741211,4,11.5,44.2999992370605,0,0,0,0,0,0,1,1,1,4021.701171875,481.147064208984,11161.833984375,228.257476806641,0,420.387878417969,0,231.541763305664,2,0,0,2,0,0,0,3199.75903320312,8.07083034515381,1.51835346221924,13.6133422851562,Ville-Marie,NA,,6597,"c(300855.8125, 5042990)"
642,Ontario,Papineau,Ontario,Papineau,16/04/2009,0,3426.12109375,49306.63671875,530.637023925781,3578.89477539062,45197.10546875,252613.28125,3479056.25,92734488,11,8.13918399810791,10.8058137893677,6.27407789230347,8.1828088760376,10.7187881469727,12.4396152496338,15.0622720718384,18.345251083374,61.5999984741211,4,15.3999996185303,50.2000007629395,0,1,0,1,1,1,1,1,0,34117.63671875,1385.71887207031,9857.4541015625,427.249786376953,0,1064.06323242188,5331.54638671875,549.089111328125,4,0,0,2,0,0,0,2813.32006835938,7.94212055206299,4.93066358566284,34.2612113952637,Ville-Marie,NA,,6607,"c(300157.3125, 5042886)"
634,Papineau,Sainte-Rose,Papineau,Sainte-Rose,15/04/2009,0,2612.64501953125,22560.23828125,598.269592285156,1307.98156738281,20653.986328125,417987.5625,693713.5625,18706964,2,7.86811780929565,10.023943901062,6.39404106140137,7.17623996734619,9.93566417694092,12.9432067871094,13.4498138427734,16.74440574646,55.0999984741211,4,13.8000001907349,43.7000007629395,0,0,0,0,0,0,0,0,1,8457.8896484375,420.387878417969,1263.01354980469,870.334289550781,12839.3349609375,484.431335449219,0,837.491455078125,2,0,0,0,0,0,0,2723.205078125,7.90956497192383,2.25602388381958,26.1264495849609,Ville-Marie,NA,,6616,"c(300802.71875, 5042459.5)"
633,Papineau,Sainte-Catherine,Papineau,Sainte-Catherine,09/04/2009,0,6621.5595703125,30821.48828125,4128.89794921875,1146.48583984375,25546.10546875,9444450,2338197.25,119379336,22,8.79808616638184,10.3359670639038,8.32576560974121,7.04445695877075,10.1482400894165,16.0609378814697,14.664891242981,18.5978164672852,63.5999984741211,4,15.8999996185303,49.2000007629395,0,1,0,1,1,0,1,1,1,8441.7763671875,2966.38061523438,0,466.238372802734,13535.1171875,2578.11938476562,8844.595703125,610.820983886719,4,0,0,0,0,0,0,2723.60888671875,7.90971326828003,3.0821487903595,66.2155990600586,Ville-Marie,NA,,6617,"c(300709.90625, 5042521.5)"
635,Parthenais,Sainte-Catherine,Parthenais,Sainte-Catherine,22/04/2009,0,2936.146484375,13339.84765625,469.231048583984,1380.3212890625,11490.294921875,132533.421875,1025644.3125,10955322,0,7.98485279083252,9.49851131439209,6.15109491348267,7.23007202148438,9.34925842285156,11.7945899963379,13.8408317565918,16.2093353271484,51.5999984741211,4,12.8999996185303,46.9000015258789,0,0,0,0,0,1,1,1,1,3104.74536132812,1407.31408691406,0,282.448120117188,508.333648681641,1011.55834960938,9726.7685546875,234.826034545898,3,0,0,0,0,0,0,3194.19189453125,8.06908893585205,1.33398473262787,29.3614654541016,Ville-Marie,NA,,6622,"c(300965.6875, 5042916.5)"
1509,Aylwin,Hochelaga,Aylwin,Hochelaga,15/04/2009,0,2970.63159179688,18618.697265625,967.7890625,778.141479492188,16872.765625,517406.875,441036.4375,15588566,2,7.99653005599976,9.83192157745361,6.87501382827759,6.65690803527832,9.73345565795898,13.1565847396851,12.996883392334,16.562047958374,59,4,14.6999998092651,53.4000015258789,0,1,0,1,1,1,1,1,1,2481.05908203125,1435.23046875,10061.095703125,377.692230224609,0,734.03662109375,6076.5419921875,423.672149658203,6,0,0,0,0,0,0,5150.9580078125,8.54693794250488,1.86186969280243,29.7063159942627,Mercier-Hochelaga-Maisonneuve,NA,,6669,"c(300757.5, 5045148.5)"
725,Bourbonnière,Hochelaga,BourbonniÞre,Hochelaga,30/04/2009,0,1522.17895507812,25009.658203125,1330.4658203125,2362.6904296875,21316.501953125,556545.8125,992001.25,13286463,2,7.3278980255127,10.1270170211792,7.193284034729,7.76755619049072,9.96723747253418,13.2295045852661,13.8074798583984,16.4022560119629,70.8000030517578,4,17.7000007629395,60.0999984741211,0,0,0,0,0,1,1,1,1,61.9722061157227,493.855285644531,10639.8525390625,227.433349609375,6108.13525390625,529.594787597656,8199.697265625,271.295501708984,4,0,0,1,0,0,0,5605.962890625,8.6315860748291,2.50096583366394,15.2217893600464,Mercier-Hochelaga-Maisonneuve,NA,,6673,"c(300929.28125, 5045571.5)"
787,Bourbonnière,Pierre-de-Coubertin,BourbonniÞre,Pierre-de-Coubertin,07/07/2004,0,1442.47766113281,12445.2421875,190.576797485352,4210.0146484375,8044.65087890625,66761.09375,2922974.75,8331283.5,2,7.27411794662476,9.4290943145752,5.25005483627319,8.3452205657959,8.99276256561279,11.1088762283325,14.8881120681763,15.9355278015137,45,3,15,40.7999992370605,0,1,1,1,1,1,1,1,1,0,870.390197753906,3418.83227539062,183.88525390625,8824.283203125,204.316955566406,202.126907348633,183.88525390625,3,0,0,0,0,0,1,5653.31103515625,8.63999652862549,1.24452424049377,14.4247770309448,Mercier-Hochelaga-Maisonneuve,NA,,6674,"c(300645.78125, 5045701.5)"
727,Chambly,Hochelaga,Chambly,Hochelaga,15/04/2009,0,3617.634765625,19387.0625,1302.1162109375,967.7890625,17117.158203125,675891.5625,527741.8125,19491922,1,8.19357585906982,9.8723611831665,7.17174577713013,6.87501382827759,9.74783706665039,13.4237880706787,13.1763620376587,16.7855110168457,62.5999984741211,4,15.6000003814697,52.0999984741211,0,1,0,1,1,1,1,1,1,2492.7900390625,2034.61169433594,10401.2880859375,489.357757568359,0,553.401245117188,6492.98486328125,540.264099121094,6,0,0,1,0,0,0,5316.203125,8.57851505279541,1.93870627880096,36.1763458251953,Mercier-Hochelaga-Maisonneuve,NA,,6679,"c(300822.09375, 5045301.5)"
729,Davidson,Hochelaga,Davidson,Hochelaga,29/04/2009,0,1492.70544433594,17918.759765625,658.878601074219,1356.85974121094,15903.0224609375,249126.234375,585545.375,8386601,3,7.30834484100342,9.79360389709473,6.49053907394409,7.21292781829834,9.6742639541626,12.4257154464722,13.2802991867065,15.9421463012695,61.7999992370605,4,15.3999996185303,55.7000007629395,0,0,0,0,0,1,1,1,1,0,445.019989013672,10270.294921875,305.438079833984,1259.10327148438,550.116943359375,6389.36279296875,192.130401611328,6,0,0,0,0,0,0,4992.48291015625,8.5156888961792,1.79187595844269,14.9270544052124,Mercier-Hochelaga-Maisonneuve,NA,,6689,"c(300694.59375, 5045002)"
736,Hochelaga,Moreau,Hochelaga,Moreau,29/04/2009,0,2556.81225585938,17390.875,1083.14172363281,641.282409667969,15666.451171875,900922.25,455461.625,12041480,3,7.84651708602905,9.76370143890381,6.98762083053589,6.46346998214722,9.65927696228027,13.7111740112305,13.0290670394897,16.3038673400879,64.8000030517578,4,16.2000007629395,53.4000015258789,0,0,0,0,0,1,1,1,1,1538.68676757812,697.909545898438,9380.7109375,471.294219970703,1.95512902736664,1142.92956542969,6469.52294921875,244.67887878418,6,0,0,2,0,0,0,4580.47216796875,8.42955780029297,1.73908746242523,25.5681228637695,Mercier-Hochelaga-Maisonneuve,NA,,6704,"c(300528.15625, 5044622)"
740,Hochelaga,Saint-Germain,Hochelaga,Saint-Germain,05/08/2009,0,874.049743652344,13841.03125,572.438903808594,787.103515625,12481.4892578125,102818.6328125,165951.625,4309801,1,6.77313709259033,9.53539276123047,6.3499059677124,6.66836023330688,9.43200206756592,11.5407218933105,12.0194520950317,15.2764024734497,63.4000015258789,4,15.8000001907349,55.5,0,0,0,0,0,1,1,1,1,0,251.645812988281,6782.24072265625,191.25080871582,2063.48754882812,298.619689941406,4995.30322265625,132.533462524414,6,0,0,0,0,0,0,4833.10498046875,8.48324394226074,1.38410317897797,8.74049758911133,Mercier-Hochelaga-Maisonneuve,NA,,6706,"c(300630, 5044855)"
737,Hochelaga,Orléans,Hochelaga,OrlÚans,30/04/2009,0,1561.16748046875,21312.62890625,1194.90161132812,1485.39624023438,18632.330078125,476266.6875,380977.46875,11950565,0,7.35318899154663,9.96705532073975,7.08581876754761,7.30343723297119,9.83265399932861,13.0737333297729,12.8504962921143,16.2962894439697,64.6999969482422,4,16.2000007629395,53.4000015258789,0,0,0,0,0,1,1,1,1,2610.5791015625,563.709777832031,10707.634765625,425.625274658203,0,375.265045166016,7994.41455078125,196.567398071289,4,0,0,0,0,0,0,5678.77099609375,8.64449024200439,2.13126277923584,15.6116752624512,Mercier-Hochelaga-Maisonneuve,NA,,6726,"c(300951.78125, 5045641)"
795,Léry (pl),Sherbrooke,LÚry (pl),Sherbrooke,28/04/2009,0,1101.46887207031,29885.8125,2200.84106445312,2434.728515625,25250.2421875,548918.4375,789896.3125,10981502,3,7.00439977645874,10.3051385879517,7.69659519195557,7.79758977890015,10.1365909576416,13.2157049179077,13.5796566009521,16.2117233276367,59.7000007629395,3,19.8999996185303,54.7999992370605,1,0,0,0,0,0,0,0,0.5,2434.728515625,367.156280517578,13887.537109375,131.127243041992,145.700286865234,299.953552246094,13417.845703125,303.231750488281,6,0,0,2,0,0,0,4457.47314453125,8.40233707427979,2.98858118057251,11.0146884918213,Rosemont-La-Petite-Patrie,NA,,6734,"c(300222.28125, 5044573.5)"
796,Moreau,Sherbrooke,Moreau,Sherbrooke,28/04/2009,0,1335.85876464844,26728.333984375,479.277252197266,901.041198730469,25348.015625,137476.28125,258455.421875,26590522,2,7.19732999801636,10.1934785842896,6.172278881073,6.803551197052,10.140456199646,11.8312072753906,12.4624786376953,17.0960655212402,47.7999992370605,3,15.8999996185303,46.7000007629395,0,0,0,0,0,0,1,1,0,0,0,13764.8427734375,683.500732421875,0,286.840850830078,12963.4912109375,365.517181396484,6,0,0,4,0,0,0,4618.794921875,8.43788909912109,2.67283344268799,13.3585872650146,Rosemont-La-Petite-Patrie,NA,,6735,"c(300279, 5044726)"
751,Adam,Pie-IX,Adam,Pie-IX,09/12/2008,0,327.132110595703,21566.630859375,572.914367675781,431.425384521484,20562.291015625,58792.59375,38273.37890625,5865427.5,2,5.79036378860474,9.97890186309814,6.35073614120483,6.06709480285645,9.93121433258057,10.9817714691162,10.5525102615356,15.5845861434937,81.3000030517578,4,20.2999992370605,71.4000015258789,1,0,0,0,0,0,1,1,1,11803.8916015625,108.119934082031,0,11.0892238616943,8556.603515625,182.972183227539,1206.13549804688,24.9507522583008,6,0,0,0,0,0,0,5863.578125,8.67651557922363,2.15666317939758,3.27132105827332,Mercier-Hochelaga-Maisonneuve,NA,,6751,"c(301890.65625, 5045458)"
752,Adam,Saint-Clément,Adam,Saint-ClÚment,13/05/2009,0,466.079498291016,7281.53369140625,356.845855712891,469.534027099609,6455.15380859375,34242.05078125,57876.79296875,1736123.5,0,6.14435577392578,8.89309692382812,5.87730407714844,6.15174102783203,8.77263355255127,10.4412097930908,10.9660720825195,14.3671646118164,66.1999969482422,4,16.6000003814697,52.9000015258789,0,0,0,0,0,0,1,1,1,5696.38671875,164.498641967773,0,95.9575424194336,3.75627207756042,123.373985290527,1581.390625,82.2493209838867,2,0,0,0,0,0,0,6858.2998046875,8.83321475982666,0.728153347969055,4.66079521179199,Mercier-Hochelaga-Maisonneuve,NA,,6762,"c(302303.6875, 5046363.5)"
753,Adam,Viau,Adam,Viau,13/05/2009,0,475.218322753906,6781.94921875,815.111083984375,195.326156616211,5771.51220703125,116643.25,24060.978515625,1623233.5,0,6.16377401351929,8.82201957702637,6.70332384109497,5.27467107772827,8.66068935394287,11.6668748855591,10.0883474349976,14.2999305725098,68.9000015258789,4,17.2000007629395,56.2000007629395,0,0,0,0,0,0,1,1,1,3.75627207756042,143.174743652344,99.5412139892578,102.050086975098,5155.4833984375,152.313568115234,1523.16833496094,77.6799163818359,2,0,0,1,0,0,0,6943.81396484375,8.84560680389404,0.678194940090179,4.75218343734741,Mercier-Hochelaga-Maisonneuve,NA,,6763,"c(302338.90625, 5046441.5)"
1441,Alphonse-D.-Roy,Notre-Dame,Alphonse-D.-Roy,Notre-Dame,20/05/2009,0,45.6940689086914,53273.33203125,2233.10375976562,3168.41552734375,47871.8125,85304.765625,17850.494140625,600.73779296875,0,3.8219690322876,10.8831911087036,7.71114778518677,8.06098747253418,10.7762823104858,11.353985786438,9.78978633880615,6.39815902709961,48.2000007629395,3,16.1000003814697,46.7999992370605,1,0,0,0,1,1,0,1,0,3157.14672851562,45.6940689086914,23641.9765625,0,0,0,26474.20703125,0,5,1,1,0,0,0,0,4475.14599609375,8.40629386901855,5.32733297348022,0.456940680742264,Mercier-Hochelaga-Maisonneuve,NA,,6770,"c(301553.9375, 5044059)"
1426,Alphonse-D.-Roy,Sainte-Catherine,Alphonse-D.-Roy,Sainte-Catherine,24/11/2004,0,100.228607177734,13327.255859375,1303.30358886719,2390.53930664062,9633.4130859375,26342.431640625,92441.984375,269513.8125,0,4.6074538230896,9.49756717681885,7.17265796661377,7.77927398681641,9.17299270629883,10.1789360046387,11.4343366622925,12.5043754577637,62.5,4,15.6000003814697,50.9000015258789,0,0,0,0,0,1,0,1,0,657.398315429688,43.2805328369141,5870.61279296875,13.6675367355347,1728.54370117188,36.4467658996582,5070.70166015625,6.83376789093018,4,0,0,1,0,0,0,4462.1650390625,8.40338897705078,1.33272564411163,1.00228607654572,Mercier-Hochelaga-Maisonneuve,NA,,6771,"c(301460.96875, 5044098.5)"
766,La Fontaine,Pie-IX,La Fontaine,Pie-IX,08/12/2008,0,453.809173583984,24199.94140625,477.272491455078,907.559631347656,22815.109375,105512.796875,75443.1484375,7804719,3,6.11767721176147,10.0941047668457,6.16808795928955,6.8107590675354,10.0351781845093,11.5665884017944,11.2311353683472,15.8702392578125,79.5,4,19.8999996185303,70.5,1,0,0,0,0,0,0,0,1,13741.9853515625,130.5478515625,2673.22045898438,90.1401824951172,7784.73486328125,233.121154785156,0,0,4,0,0,1,0,0,0,5858.9150390625,8.67571926116943,2.41999411582947,4.5380916595459,Mercier-Hochelaga-Maisonneuve,NA,,6816,"c(301732.0625, 5045530)"
767,La Fontaine,Saint-Clément,La Fontaine,Saint-ClÚment,21/08/2009,0,617.145385742188,7575.1826171875,571.823120117188,815.486572265625,6187.87255859375,67556.953125,130317.1171875,2221853.25,0,6.42510509490967,8.93263339996338,6.3488302230835,6.70378494262695,8.7303466796875,11.1207256317139,11.7777261734009,14.6138515472412,57,4,14.3000001907349,51.9000015258789,0,0,0,0,0,0,0,0,1,7032.83447265625,166.749588012695,520.732360839844,91.1106033325195,17.6852512359619,199.411880493164,3.93005609512329,159.873321533203,3,0,0,0,0,0,0,6857.2880859375,8.83306694030762,0.757518291473389,6.17145395278931,Mercier-Hochelaga-Maisonneuve,NA,,6824,"c(302155.40625, 5046434)"
768,La Fontaine,Viau,La Fontaine,Viau,12/05/2009,0,752.552001953125,6639.0146484375,423.570983886719,162.061935424805,6053.3818359375,52527.3671875,28140.9609375,2864912.75,0,6.62346982955933,8.80071926116943,6.0487208366394,5.08797883987427,8.70837211608887,10.8690900802612,10.2449817657471,14.8680477142334,65.0999984741211,4,16.2999992370605,54.2000007629395,0,0,0,0,0,1,1,1,1,1.84161305427551,179.396224975586,248.617752075195,170.274383544922,5974.1923828125,310.142639160156,414.362915039062,92.7387313842773,2,0,0,1,0,0,0,6943.4638671875,8.84555625915527,0.663901448249817,7.52551984786987,Mercier-Hochelaga-Maisonneuve,NA,,6825,"c(302189.90625, 5046513)"
776,Notre-Dame,Sicard,Notre-Dame,Sicard,21/05/2009,1,21.0951442718506,37298.48828125,26.0451316833496,81.8561325073242,37190.58984375,199.026702880859,89.7021789550781,727694.875,0,3.04904294013977,10.526707649231,3.25983095169067,4.40496301651001,10.523811340332,5.29343891143799,4.49649477005005,13.4976367950439,49.5,3,16.5,43.7999992370605,0,0,0,1,1,0,1,1,0,0,0,17991.60546875,0,74.414665222168,1.506796002388,19232.470703125,19.5883483886719,5,1,1,0,0,0,0,6633.203125,8.79984283447266,3.72984886169434,0.210951447486877,Mercier-Hochelaga-Maisonneuve,NA,,6857,"c(302493.5, 5046008.5)"
779,Ontario,Saint-Clément,Ontario,Saint-ClÚment,12/05/2009,0,1486.86022949219,12771.5859375,946.589050292969,2791.88525390625,9033.111328125,220074.015625,945963,7266281.5,0,7.30442190170288,9.45497798919678,6.85286521911621,7.93447208404541,9.10865211486816,12.301718711853,13.7599592208862,15.7987546920776,64.6999969482422,4,16.2000007629395,58.2999992370605,0,0,0,0,0,0,1,1,1,8023.90771484375,617.24462890625,1217.30615234375,159.632232666016,0,404.401672363281,3530.3720703125,305.581695556641,3,0,0,0,0,0,0,6859.47119140625,8.8333854675293,1.27715861797333,14.8686027526855,Mercier-Hochelaga-Maisonneuve,NA,,6869,"c(301995, 5046509)"
780,Ontario,Viau,Ontario,Viau,07/05/2009,0,795.588317871094,10533.3955078125,3101.23120117188,740.425903320312,6691.73876953125,849617,222360.484375,3291517.75,0,6.67908191680908,9.26230621337891,8.03955364227295,6.60722589492798,8.80862903594971,13.6525411605835,12.3120546340942,15.0068588256836,67.9000015258789,4,17,57.7000007629395,0,0,0,0,0,1,1,1,1,0,320.947570800781,1339.46398925781,156.706787109375,6040.6103515625,235.060180664062,3153.3212890625,82.873779296875,2,0,0,1,0,0,0,6945.41796875,8.84583759307861,1.05333960056305,7.95588302612305,Mercier-Hochelaga-Maisonneuve,NA,,6870,"c(302030, 5046587.5)"
745,Pie-IX,Rouen,Pie-IX,Rouen,13/10/2004,0,3224.8564453125,32593.947265625,3368.83129882812,2783.82470703125,26441.291015625,3035564,2081221.25,41288248,4,8.07864379882812,10.391881942749,8.12232112884521,7.93158102035522,10.1826820373535,14.9259080886841,14.5484647750854,17.5360889434814,80.4000015258789,4,20.1000003814697,70.5,1,1,0,1,1,0,0,0,1,14958.0146484375,751.57177734375,5607.99462890625,1081.34301757812,7872.37353515625,751.57177734375,4155.564453125,640.369812011719,4,0,0,0,0,0,0,5873.8759765625,8.67827033996582,3.25939464569092,32.2485656738281,Mercier-Hochelaga-Maisonneuve,NA,,6886,"c(301302.8125, 5045726.5)"
746,Rouen,Saint-Clément,Rouen,Saint-ClÚment,07/05/2009,0,370.671844482422,13223.4853515625,1318.99987792969,1438.06335449219,10466.4228515625,119626.265625,179637.015625,1921370.125,0,5.91531705856323,9.48974990844727,7.18462896347046,7.27105283737183,9.25592803955078,11.6921281814575,12.0986938476562,14.4685487747192,65,4,16.2999992370605,51,0,0,0,0,0,0,1,1,1,7813.53955078125,81.3669891357422,3017.5146484375,48.2174758911133,0,97.9417419433594,2392.43139648438,143.145629882812,3,0,0,3,0,0,0,6873.64501953125,8.83545017242432,1.32234859466553,3.70671844482422,Mercier-Hochelaga-Maisonneuve,NA,,6895,"c(301717.09375, 5046638.5)"
748,Rouen,Viau,Rouen,Viau,07/05/2009,0,238.073776245117,13288.5986328125,2435.21997070312,260.451324462891,10592.927734375,68880.0625,7237.84423828125,1080109.5,0,5.472580909729,9.49466228485107,7.79779195785522,5.56241607666016,9.26794242858887,11.1401224136353,8.8870792388916,13.8925733566284,65.6999969482422,4,16.3999996185303,53.7000007629395,0,0,0,0,0,1,1,1,1,0,27.1223297119141,3049.14086914062,120.543685913086,8174.45068359375,55.7514533996582,2065.0068359375,34.656307220459,2,1,1,1,0,0,0,6960.55712890625,8.84801483154297,1.32885980606079,2.38073778152466,Mercier-Hochelaga-Maisonneuve,NA,,6896,"c(301752.5, 5046718)"
784,Saint-Clément,Sainte-Catherine,Saint-ClÚment,Sainte-Catherine,13/05/2009,0,1057.05615234375,13699.125,572.831481933594,2926.13598632812,10200.1572265625,66641.84375,460462.625,3973743,0,6.96324300765991,9.52508735656738,6.35059213638306,7.98143815994263,9.23015785217285,11.1070880889893,13.0399866104126,15.195219039917,65.5999984741211,4,16.3999996185303,54.5,0,0,0,0,0,0,1,1,1,5649.43359375,551.375122070312,4238.953125,97.4806823730469,0,277.210693359375,3810.73803710938,130.989669799805,3,0,0,0,0,0,0,6864.47216796875,8.83411407470703,1.36991250514984,10.5705614089966,Mercier-Hochelaga-Maisonneuve,NA,,6902,"c(302438.5, 5046301.5)"
782,Pie-IX,Sainte-Catherine,Pie-IX,Sainte-Catherine,,0,2491.27465820312,25556.91796875,2983.64404296875,2769.66796875,19803.607421875,2047373.375,1698011.25,24880078,5,7.82054996490479,10.1486625671387,8.000901222229,7.92648315429688,9.8936185836792,14.5320682525635,14.3449678421021,17.029577255249,78,4,19.5,71.5999984741211,1,1,0,1,1,0,0,0,0.5,8506.150390625,946.886901855469,6481.79248046875,402.553527832031,4851.7275390625,544.333374023438,5717.24853515625,597.500854492188,6,0,0,2,0,0,0,5871.0322265625,8.67778587341309,2.5556917190551802,24.9127464294434,Mercier-Hochelaga-Maisonneuve,NA,,6906,"c(302029.40625, 5045394)"
783,Sainte-Catherine,Viau,Sainte-Catherine,Viau,11/05/2009,0,799.508239746094,10714.0673828125,1665.46936035156,922.891052246094,8125.70654296875,317199.0625,224589.09375,3030240.5,2,6.68399715423584,9.27931308746338,7.41786193847656,6.82751083374023,9.00278759002686,12.6672849655151,12.3220281600952,14.9241533279419,67.3000030517578,4,16.7999992370605,58.4000015258789,0,0,0,0,0,1,1,1,0.5,5.8165397644043,246.002532958984,4042.49536132812,234.044067382812,3623.70458984375,252.8359375,3042.05053710938,66.6256866455078,3,0,0,2,0,0,0,6951.10791015625,8.84665679931641,1.07140672206879,7.99508237838745,Mercier-Hochelaga-Maisonneuve,NA,,6909,"c(302474.40625, 5046380.5)"
724,Aird,Hochelaga,Aird,Hochelaga,05/05/2009,0,1284.65942382812,19557.9296875,692.446472167969,1103.12609863281,17762.357421875,256191.65625,391526.40625,8748266,0,7.15824890136719,9.88113594055176,6.54023122787476,7.0059027671814,9.784836769104,12.4536809921265,12.8778076171875,15.9843664169312,76,4,19,64.3000030517578,1,0,0,0,0,0,0,0,1,0,462.17333984375,10156.4951171875,250.850662231445,1344.37744140625,339.028472900391,8057.056640625,232.606979370117,4,0,0,3,0,0,0,6550.7978515625,8.7873420715332,1.95579302310944,12.8465938568115,Mercier-Hochelaga-Maisonneuve,NA,,6931,"c(301307.46875, 5046442.5)"
939,Assomption,Hochelaga,Assomption,Hochelaga,11/06/2009,0,388.414123535156,35337.71875,5102.79443359375,4859.80419921875,25375.12109375,1022808.75,164207.84375,7856710,7,5.96207189559937,10.4727058410645,8.53754425048828,8.48875331878662,10.1415243148804,13.8380632400513,12.0088882446289,15.8768787384033,63.2999992370605,3,21.1000003814697,54.7999992370605,1,0,0,0,1,0,0,0,0,5842.72705078125,41.6753349304199,15693.87890625,293.394348144531,436.651580810547,33.3402671813965,13364.4619140625,20.0041618347168,6,0,0,0,0,0,0,7609.22216796875,8.9371166229248,3.53377199172974,3.88414120674133,Mercier-Hochelaga-Maisonneuve,NA,,6932,"c(301700.53125, 5047427)"
2008,Bennett,Hochelaga,Bennett,Hochelaga,05/05/2009,0,1553.75378417969,19397.708984375,1314.91162109375,1324.11975097656,16758.677734375,479975.4375,604427.3125,11892425,3,7.34842920303345,9.87290954589844,7.18152523040771,7.1885027885437,9.72667121887207,13.0814895629883,13.3120374679565,16.2914123535156,78.1999969482422,4,19.6000003814697,68.4000015258789,1,0,1,1,1,0,1,1,1,1709.01684570312,427.206268310547,9756.865234375,215.883590698242,0,422.645355224609,7931.8271484375,488.0185546875,4,0,0,2,0,0,1,6462.39111328125,8.77375507354736,1.93977093696594,15.5375375747681,Mercier-Hochelaga-Maisonneuve,NA,,6935,"c(301270.125, 5046361.5)"
732,Desjardins,Hochelaga,Desjardins,Hochelaga,30/04/2009,0,1895.81945800781,20789.73828125,683.630920410156,914.090026855469,19192.017578125,349466.09375,360637.90625,14935566,2,7.54740619659424,9.94221496582031,6.52741813659668,6.81792879104614,9.86225032806396,12.7641620635986,12.7956304550171,16.5192565917969,75.8000030517578,4,19,65.8000030517578,1,0,0,0,0,0,0,0,1,0,584.82861328125,10502.3525390625,305.410491943359,1558.98828125,542.591003417969,8728.3974609375,462.989318847656,4,0,0,0,0,0,0,5999.77197265625,8.69947719573975,2.0789737701416,18.958194732666,Mercier-Hochelaga-Maisonneuve,NA,,6970,"c(301074.90625, 5045938.5)"
319,Dickson,Hochelaga,Dickson,Hochelaga,27/05/2009,0,158.406112670898,42207.3515625,8145.47607421875,11743.9853515625,22317.890625,122561.9453125,730153.8125,1414728.875,2,5.06516218185425,10.6503496170044,9.00521755218506,9.37109565734863,10.0131435394287,11.7163715362549,13.5010108947754,14.1624479293823,75.9000015258789,4,19,74.8000030517578,1,0,1,1,0,1,1,1,0,5005.23291015625,70.0642395019531,10096.859375,16.7544918060303,11573.07421875,71.5873718261719,15532.185546875,0,6,1,1,2,0,0,1,7979.5419921875,8.9846363067627,4.2207350730896,1.58406114578247,Mercier-Hochelaga-Maisonneuve,NA,,6971,"c(301827.8125, 5047775)"
946,Dickson,Pierre-de-Coubertin,Dickson,Pierre-de-Coubertin,27/05/2009,0,167.544921875,11920.529296875,1329.72033691406,927.799255371094,9663.009765625,53442.77734375,42892.67578125,925199.0625,0,5.12125110626221,9.38601684570312,7.19272422790527,6.83281517028809,9.17605972290039,10.8863668441772,10.6664562225342,13.7377643585205,62,4,15.5,52.7999992370605,0,0,0,0,0,0,0,0,1,4580.77392578125,38.0783920288086,1010.43719482422,25.8933067321777,5040.91748046875,62.4485626220703,1288.4013671875,41.1246604919434,4,0,0,0,0,0,0,8015.81494140625,8.98917198181152,1.19205296039581,1.6754492521286,Mercier-Hochelaga-Maisonneuve,NA,,6972,"c(301571.53125, 5047895.5)"
738,Hochelaga,Pie-IX,Hochelaga,Pie-IX,,0,1423.05981445312,36674.63671875,1584.87646484375,2974.79711914062,32114.96484375,523254.53125,1107966.75,22905424,10,7.26056480407715,10.509840965271,7.36826181411743,7.99793100357056,10.3770771026611,13.1678228378296,13.9180374145508,16.9468841552734,102.099998474121,4,25.5,85.9000015258789,1,1,0,1,1,0,0,0,0.5,11919.8310546875,429.390869140625,9970.2724609375,269.774353027344,7619.333984375,303.496154785156,7165.201171875,420.398376464844,4,0,0,0,0,0,0,5902.494140625,8.68313026428223,3.66746377944946,14.230598449707,Mercier-Hochelaga-Maisonneuve,NA,,6996,"c(301034.1875, 5045849.5)"
734,Hochelaga,Leclaire,Hochelaga,Leclaire,06/05/2009,0,1041.82482910156,20503.611328125,339.942626953125,595.369140625,19568.30078125,97802.96875,189504.15625,12188019,1,6.94872903823853,9.9283561706543,5.82877683639526,6.38918209075928,9.88166618347168,11.4907102584839,12.1521663665771,16.3159637451172,72,4,18,60.2999992370605,1,0,0,0,0,0,1,1,1,3.75627207756042,289.395782470703,10324.1142578125,336.612976074219,967.240112304688,124.897125244141,9208.5009765625,290.918914794922,4,0,0,0,0,0,0,6728.9560546875,8.81417560577393,2.05036115646362,10.4182481765747,Mercier-Hochelaga-Maisonneuve,NA,,6999,"c(301381.71875, 5046605.5)"
1434,Hochelaga,Théodore,Hochelaga,ThÚodore,06/05/2009,0,1354.06762695312,20612.54296875,309.892456054688,944.702453613281,19357.94921875,111582.75,227390.6875,18899394,2,7.2108678817749,9.93365478515625,5.73622512817383,6.85087013244629,9.87085819244385,11.622522354126,12.3344249725342,16.7546405792236,74.5999984741211,4,18.7000007629395,62,1,0,0,0,0,0,1,1,1,1.87813603878021,149.267288208008,11120.443359375,400.584686279297,914.652282714844,214.762130737305,8575.5693359375,589.453491210938,4,0,0,0,0,0,0,6815.17919921875,8.82690811157227,2.06125426292419,13.5406761169434,Mercier-Hochelaga-Maisonneuve,NA,,7000,"c(301416.65625, 5046684.5)"
469,Hochelaga,Lacordaire,Hochelaga,Lacordaire,12/06/2009,0,652.693969726562,18666.21484375,477.900085449219,968.919006347656,17219.396484375,61141.86328125,181017.96875,4021383.25,0,6.48110818862915,9.83447074890137,6.16940212249756,6.87618112564087,9.75379180908203,11.0209522247314,12.106351852417,15.2071361541748,68.9000015258789,4,17.2000007629395,63.2000007629395,0,0,0,0,0,0,1,1,1,1261.28149414062,176.123779296875,10097.748046875,84.6084823608398,144.307083129883,248.645324707031,7162.87890625,143.31640625,4,0,0,1,0,0,0,8129.31005859375,9.00323104858398,1.86662149429321,6.526939868927,Mercier-Hochelaga-Maisonneuve,NA,,7006,"c(301890.5, 5047911.5)"
959,Hochelaga,Louis-Veuillot,Hochelaga,Louis-Veuillot,12/06/2009,0,925.51318359375,18120.84765625,577.228332519531,537.871887207031,17005.74609375,122102.5078125,135846,6629339,1,6.83034801483154,9.80481815338135,6.35823822021484,6.28762006759644,9.74130725860596,11.7126159667969,11.8192768096924,15.7070159912109,71.5999984741211,4,17.8999996185303,59.5999984741211,0,0,0,0,0,0,1,1,1,0,264.185668945312,10198.9501953125,224.471481323242,798.374267578125,274.545867919922,7123.5224609375,162.310150146484,6,0,0,0,0,0,0,8204.0556640625,9.01238346099854,1.81208479404449,9.25513172149658,Mercier-Hochelaga-Maisonneuve,NA,,7010,"c(301922.59375, 5047979.5)"
3231,Assomption,Marseille,Assomption,Marseille,11/06/2009,0,845.17578125,15551.3740234375,1545.63696289062,2080.9462890625,11924.7900390625,352722.8125,317801.6875,3755677.25,0,6.73954486846924,9.65190410614014,7.34319114685059,7.64057779312134,9.38637542724609,12.7734384536743,12.6691827774048,15.1387786865234,78.4000015258789,4,19.6000003814697,64.9000015258789,0,0,0,0,1,0,0,0,1,5990.71337890625,125.026008605957,2448.17211914062,548.447387695312,4711.81787109375,66.680534362793,2400.67016601562,105.021842956543,4,0,0,1,0,0,0,7685.14306640625,8.94704437255859,1.55513739585876,8.45175743103027,Mercier-Hochelaga-Maisonneuve,NA,,7014,"c(301235.40625, 5047647.5)"
800,Pierre-de-Coubertin,Viau,Pierre-de-Coubertin,Viau,26/02/2009,0,559.819580078125,27543.458984375,5310.892578125,6393.97998046875,15838.5869140625,1306685.875,688704.375,6235485,1,6.32761478424072,10.2235202789307,8.5775146484375,8.76311206817627,9.67020416259766,14.0830049514771,13.4425668716431,15.6457672119141,101.099998474121,4,25.2999992370605,83.9000015258789,1,0,0,0,0,0,0,0,0,12139.7802734375,322.972808837891,219.544769287109,45.0204544067383,9915.0595703125,72.4242095947266,5269.07421875,119.402076721191,4,1,1,0,0,0,0,7020.38916015625,8.85657405853271,2.75434589385986,5.59819602966309,Mercier-Hochelaga-Maisonneuve,NA,,7027,"c(301216.75, 5046962.5)"
940,Assomption,Pierre-de-Coubertin,Assomption,Pierre-de-Coubertin,11/06/2009,0,516.774169921875,12556.9306640625,1801.41613769531,2259.99169921875,8495.5224609375,254227.34375,264954.03125,754370.5,0,6.24760580062866,9.43802833557129,7.49632787704468,7.72311592102051,9.04729461669922,12.4459838867188,12.4873123168945,13.5336389541626,81.5,4,20.3999996185303,66.8000030517578,1,0,0,0,0,0,0,0,1,5508.38720703125,31.6732559204102,1938.44067382812,346.738800048828,4331.80322265625,45.0093612670898,778.299499511719,93.3527526855469,6,0,0,0,0,0,0,7647.673828125,8.94215679168701,1.25569307804108,5.1677417755127,Mercier-Hochelaga-Maisonneuve,NA,,7029,"c(301442.1875, 5047550)"
799,Marseille,Viau,Marseille,Viau,26/02/2009,0,642.030822753906,26684.09765625,3291.08056640625,3050.62670898438,20342.390625,482527.71875,525587.625,7300232,2,6.46463584899902,10.1918230056763,8.09897136688232,8.02310180664062,9.92046165466309,13.0867938995361,13.1722717285156,15.8034172058105,76.0999984741211,4,19,59.5,1,0,0,0,0,0,0,0,0,11056.6923828125,225.102264404297,3182.353515625,150.720657348633,11763.41796875,135.06135559082,681.634216308594,131.146545410156,4,0,0,3,0,0,0,7070.84619140625,8.86373519897461,2.66840982437134,6.42030811309814,Mercier-Hochelaga-Maisonneuve,NA,,7059,"c(300952.53125, 5047086)"
912,Bossuet,Sherbrooke,Bossuet,Sherbrooke,03/02/2004,0,4133.79638671875,41912.4765625,1310.6552734375,1453.11779785156,39148.703125,1115081.25,1130531.375,116915936,3,8.3269510269165,10.6433391571045,7.17828321456909,7.28146696090698,10.575122833252,13.9244384765625,13.9381980895996,18.5769653320312,74.9000015258789,4,18.7000007629395,65.4000015258789,1,0,1,1,1,0,0,0,1,1139.7001953125,561.875244140625,20526.001953125,1431.44396972656,0,566.334533691406,20246.775390625,1574.14245605469,4,0,0,4,0,0,1,8472.736328125,9.04460906982422,4.19124746322632,41.337963104248,Mercier-Hochelaga-Maisonneuve,NA,,7075,"c(301125.40625, 5048486)"
914,Cadillac,Sherbrooke,Cadillac,Sherbrooke,25/02/2004,0,3840.89526367188,45826.58984375,1704.77233886719,2467.58569335938,41654.234375,1839386.25,2726946.75,106885512,9,8.25346088409424,10.7326202392578,7.44118690490723,7.81099510192871,10.6371583938599,14.4249429702759,14.8186931610107,18.487268447876,77.8000030517578,4,19.3999996185303,70.5,1,1,0,1,1,0,0,0,0,1912.81225585938,504.67578125,20405.2578125,1268.388671875,3363.3134765625,687.788208007812,20145.20703125,1380.04260253906,4,0,0,0,0,0,0,8542.9931640625,9.05286693572998,4.5826587677002,38.4089508056641,Mercier-Hochelaga-Maisonneuve,NA,,7076,"c(301156.1875, 5048551)"
1457,Dickson,Jumonville,Dickson,Jumonville,02/12/2004,0,416.713989257812,18121.64453125,1452.7900390625,1259.08471679688,15409.76953125,157401.140625,143908.9375,4577891.5,0,6.03240013122559,9.8048620223999,7.28124094009399,7.1381402015686,9.64275741577148,11.966552734375,11.8769359588623,15.3367490768433,82.4000015258789,4,20.6000003814697,69.8000030517578,1,0,0,0,0,0,0,0,1,9328.44140625,137.378234863281,1167.32958984375,87.006217956543,7003.9775390625,164.853897094727,621.896118164062,27.4756488800049,5,0,0,0,0,0,0,8208.8173828125,9.01296424865723,1.81216442584991,4.16714000701904,Mercier-Hochelaga-Maisonneuve,NA,,7162,"c(300734.28125, 5048297)"
921,Dickson,Turenne,Dickson,Turenne,02/12/2004,0,238.122283935547,17535.431640625,1029.69677734375,708.553771972656,15797.1806640625,67320.90625,40826.72265625,2593489,0,5.4727840423584,9.77197933197021,6.93701982498169,6.56322622299194,9.66758728027344,11.1172256469727,10.6170921325684,14.7685146331787,86.0999984741211,4,21.5,70.8000030517578,1,0,0,0,0,0,0,0,1,9445.6845703125,50.3720207214355,550.531005859375,9.15854930877686,6988.68505859375,114.481864929199,550.531005859375,64.1098480224609,6,0,0,0,0,0,0,8255.5576171875,9.01864147186279,1.75354313850403,2.38122272491455,Mercier-Hochelaga-Maisonneuve,NA,,7163,"c(300577.25, 5048371.5)"
917,Boucherville,Curatteau (pl) inter. Ouest,Boucherville,Curatteau (pl) inter. Ouest,26/01/2009,0,516.537719726562,32252.017578125,1007.32690429688,3410.42700195312,27834.263671875,24167.9765625,126842.390625,11749990,0,6.24714803695679,10.3813362121582,6.91505479812622,8.13459300994873,10.2340230941772,10.0927839279175,11.7507009506226,16.2793636322021,63.7999992370605,4,16,54,0,1,0,1,1,1,1,1,0,27897.908203125,419.157653808594,1314.57263183594,16.9356632232666,0,48.6900291442871,3039.53759765625,31.7543678283691,4,0,0,0,0,0,0,10456.2158203125,9.25495147705078,3.22520184516907,5.16537714004517,Mercier-Hochelaga-Maisonneuve,NA,,7348,"c(301641.1875, 5050402.5)"
955,Hochelaga,Langelier,Hochelaga,Langelier,16/06/2009,0,393.578857421875,20438.7265625,3192.13818359375,2947.98022460938,14298.6083984375,362750.1875,405897.28125,1758463.375,0,5.97528076171875,9.92518711090088,8.06844615936279,7.98887586593628,9.5679178237915,12.8014698028564,12.913854598999,14.3799505233765,76.5,4,19.1000003814697,69,1,0,0,0,0,0,0,0,1,2879.25439453125,201.835311889648,9797.060546875,38.6851043701172,524.4873046875,72.3243255615234,7237.9248046875,80.7341232299805,6,0,0,2,0,0,0,9141.115234375,9.12053775787354,2.04387259483337,3.93578863143921,Mercier-Hochelaga-Maisonneuve,NA,,7414,"c(302298.71875, 5048841)"
964,Langelier,Pierre-de-Coubertin,Langelier,Pierre-de-Coubertin,16/06/2009,0,1286.7001953125,10549.4287109375,1294.94104003906,1392.60412597656,7861.8837890625,348489.5,487306.09375,5856069,0,7.15983581542969,9.26382732391357,7.16622018814087,7.23893117904663,8.96978187561035,12.76136302948,13.0966482162476,15.5829887390137,70.0999984741211,4,17.5,65.5999984741211,1,0,0,0,0,0,0,0,1,3599.06787109375,444.037689208984,1701.87084960938,94.189811706543,3078.19775390625,494.496520996094,2170.29223632812,253.976104736328,4,0,0,0,0,0,0,9171.4951171875,9.12385559082031,1.05494284629822,12.8670015335083,Mercier-Hochelaga-Maisonneuve,NA,,7423,"c(302059.875, 5048953.5)"
930,Langelier,Marseille,Langelier,Marseille,16/06/2009,0,2122.634765625,13455.8115234375,1868.25988769531,1855.59985351562,9731.9521484375,961337.125,1097370.375,10955941,4,7.66041278839111,9.50716590881348,7.53276300430298,7.52596282958984,9.18317031860352,13.7760801315308,13.9084272384644,16.2093925476074,72.3000030517578,4,18.1000003814697,63,1,0,0,0,0,0,0,0,1,3926.42041015625,713.151428222656,3032.9833984375,168.196090698242,3600.87646484375,684.55810546875,2895.53149414062,556.729064941406,6,0,0,0,0,0,0,9221.587890625,9.12930297851562,1.34558117389679,21.2263469696045,Mercier-Hochelaga-Maisonneuve,NA,,7424,"c(301754.3125, 5049098.5)"
979,Liébert,Notre-Dame,LiÚbert,Notre-Dame,07/07/2009,0,310.804779052734,24200.8828125,616.398559570312,1019.74658203125,22564.736328125,67962.6171875,156291.96875,1188002.125,2,5.73916482925415,10.0941438674927,6.42389392852783,6.92730903625488,10.0241441726685,11.1267127990723,11.9594812393188,13.9877843856812,60.9000015258789,3,20.2999992370605,46.9000015258789,0,0,0,0,0,1,1,1,0.5,856.338928222656,252.98063659668,11934.96484375,41.5611038208008,2.06845092773438,5.42101383209229,11407.509765625,10.8420267105103,5,0,0,2,0,0,0,11088.4140625,9.31365585327148,2.42008829116821,3.10804772377014,Mercier-Hochelaga-Maisonneuve,NA,,7432,"c(303993.5625, 5050245.5)"
938,Sherbrooke,Trianon,Sherbrooke,Trianon,16/02/2004,0,2616.27124023438,57332.33203125,4493.8564453125,4428.46923828125,48410.0078125,2393778,5192291.5,101550744,23,7.86950492858887,10.9566202163696,8.41046619415283,8.39580917358398,10.7874622344971,14.688383102417,15.462685585022,18.4360694885254,85,4,21.2999992370605,68.0999984741211,1,0,0,0,0,0,0,0,0,5950.19873046875,216.345504760742,28039.046875,578.598449707031,772.753051757812,286.783569335938,22570.333984375,1534.54370117188,6,0,0,0,0,0,0,10091.48828125,9.21944713592529,5.7332329750061,26.162712097168,Mercier-Hochelaga-Maisonneuve,NA,,7477,"c(301761.8125, 5049997)"
924,Groseillers,Radisson/Sherbrooke,Groseillers,Radisson/Sherbrooke,13/02/2004,0,2438.98681640625,57716.4375,4404.18310546875,4597.19482421875,48715.05859375,2177266.25,2613794,95913032,3,7.79933786392212,10.9632968902588,8.39031028747559,8.43320178985596,10.7937431335449,14.593581199646,14.776312828064,18.3789520263672,102.5,4,25.6000003814697,69.5,1,0,1,1,1,0,0,0,0,3427.42529296875,211.287002563477,27349.21484375,831.368408203125,339.233215332031,257.218963623047,26600.5625,1139.11254882812,6,0,0,0,0,0,1,9971.548828125,9.20749092102051,5.77164363861084,24.3898677825928,Mercier-Hochelaga-Maisonneuve,NA,,7478,"c(301715.84375, 5049885)"
918,Desautels,Sherbrooke,Desautels,Sherbrooke,,0,701.346374511719,37568.92578125,871.515258789062,913.803955078125,35783.609375,166205.546875,220342.1875,5653241,0,6.55300188064575,10.5339326858521,6.77023315429688,6.81761598587036,10.4852447509766,12.0209808349609,12.3029365539551,15.547739982605,75.1999969482422,4,18.7999992370605,66.5,1,0,0,0,0,0,0,0,0.5,178.348052978516,174.543212890625,19452.80859375,39.6689109802246,658.233032226562,369.714263916016,17279.537109375,117.419975280762,6,0,0,0,0,0,0,9433.9453125,9.15207004547119,3.75689268112183,7.01346397399902,Mercier-Hochelaga-Maisonneuve,NA,,7485,"c(301507.34375, 5049383)"
931,Langelier,Sherbrooke,Langelier,Sherbrooke,23/02/2004,0,5091.66650390625,66967.96875,5789.70361328125,8333.8447265625,52844.421875,7334998,11358603,147436752,15,8.53536033630371,11.1119699478149,8.6638355255127,9.02807998657227,10.8751068115234,15.8081684112549,16.2454853057861,18.808910369873,101.400001525879,4,25.3999996185303,90,1,1,0,1,1,0,0,0,0,10806.654296875,1142.10302734375,26463.8203125,1232.66625976562,10741.267578125,915.694946289062,18956.2265625,1801.2021484375,6,0,0,0,0,0,0,9242.544921875,9.13157272338867,6.69679689407349,50.9166641235352,Mercier-Hochelaga-Maisonneuve,NA,,7486,"c(301433.90625, 5049204)"
916,Boucherville,Curatteau (pl) inter. Est,Boucherville,Curatteau (pl) inter. Est,26/01/2009,1,656.256958007812,27507.267578125,4505.53857421875,215.071975708008,22786.65625,1427244,56336.1953125,12695273,0,6.4865517616272,10.2222051620483,8.41306304931641,5.37097311019897,10.0339298248291,14.1712560653687,10.9390926361084,16.3567409515381,65.5,4,16.3999996185303,49,1,0,0,1,1,0,1,1,0,0,455.145935058594,184.347412109375,91.0291900634766,24094.64453125,105.84789276123,3228.27416992188,4.23391580581665,3,1,1,0,0,0,0,10538.40234375,9.26278114318848,2.7507266998291,6.5625696182251,Mercier-Hochelaga-Maisonneuve,NA,,7538,"c(301664.28125, 5050481.5)"
985,Notre-Dame,Saint-Donat,Notre-Dame,Saint-Donat,07/07/2009,0,524.031311035156,23936.12109375,843.92822265625,1015.60968017578,22076.58203125,127694.8203125,200176.328125,4268496,1,6.26155090332031,10.0831441879272,6.73806715011597,6.9232439994812,10.002272605896,11.7573986053467,12.2069540023804,15.2667722702026,63.4000015258789,3,21.1000003814697,46.2999992370605,0,0,1,1,1,1,1,1,0.5,1247.27624511719,330.681823730469,11450.947265625,59.6311492919922,0,0,11237.896484375,133.718338012695,6,0,0,4,0,0,1,11325.1982421875,9.33478546142578,2.39361214637756,5.2403130531311,Mercier-Hochelaga-Maisonneuve,NA,,7671,"c(303912.71875, 5050543.5)"
980,Meese,Notre-Dame,Meese,Notre-Dame,08/07/2009,0,48.8798980712891,20803.625,316.420989990234,94.9263000488281,20392.27734375,2806.90625,1328.98413085938,186600.0625,0,3.88936591148376,9.9428825378418,5.75707387924194,4.55310106277466,9.92291164398193,7.93983793258667,7.19217014312744,12.1367225646973,63.7999992370605,4,16,43.0999984741211,0,0,1,1,0,0,1,1,1,61.1747245788574,27.1554985046387,9629.7451171875,3.62073302268982,320.639953613281,12.6725664138794,10792.0654296875,5.4310998916626,6,0,0,0,0,0,1,12592.1171875,9.44082641601562,2.08036255836487,0.488798975944519,Mercier-Hochelaga-Maisonneuve,NA,,7867,"c(303877.125, 5051934)"
986,Notre-Dame,Taillon,Notre-Dame,Taillon,08/07/2009,0,246.209854125977,21221.30078125,183.524169921875,238.370483398438,20799.40625,11460.5791015625,15543.00390625,2299119.75,1,5.50618410110474,9.96276092529297,5.21234607696533,5.47382593154907,9.94268035888672,9.3466682434082,9.65136623382568,14.6480369567871,72.6999969482422,4,18.2000007629395,59,0,0,0,0,0,0,0,0,1,147.663131713867,56.1213645935059,9998.9033203125,63.3628311157227,118.130500793457,79.6561279296875,10956.6044921875,47.0695304870605,6,0,0,0,0,0,0,12350.9521484375,9.42148876190186,2.12213015556335,2.46209859848022,Mercier-Hochelaga-Maisonneuve,NA,,7878,"c(303833.125, 5051692)"
1489,Alexis-Carrel,Maurice-Duplessis,Alexis-Carrel,Maurice-Duplessis,29/05/2009,0,552.505310058594,17072.111328125,2759.47607421875,1755.68322753906,12556.9521484375,428087.84375,253979.09375,4042167,1,6.31446313858032,9.74520111083984,7.92279577255249,7.4706130027771,9.43803024291992,12.9670839309692,12.4450073242188,15.212290763855,82.6999969482422,4,20.7000007629395,66.8000030517578,1,0,1,1,0,0,0,0,0.5,1965.60180664062,187.289932250977,6184.966796875,127.981452941895,1381.64636230469,31.2149887084961,7539.89599609375,206.018920898438,6,0,0,1,0,0,1,15201.251953125,9.6291332244873,1.70721113681793,5.52505302429199,Pointe-aux-Trembles-RiviÞres-des-Prairies,NA,,7968,"c(298549.03125, 5055409)"
1380,André-Dumas,Maurice-Duplessis,AndrÚ-Dumas,Maurice-Duplessis,29/05/2009,0,594.645568847656,16276.328125,1223.25317382812,713.723388671875,14339.3515625,167550.1875,100585.515625,4669627,1,6.38796520233154,9.69746685028076,7.10926914215088,6.57049512863159,9.57076263427734,12.0290384292603,11.5187635421753,15.3565902709961,83.5,4,20.8999996185303,69,1,1,1,1,1,0,0,0,1,721.356811523438,103.009460449219,6950.21533203125,254.402160644531,727.081848144531,163.878692626953,7877.67431640625,73.355224609375,6,0,0,0,0,0,1,14973.9111328125,9.61406517028809,1.62763285636902,5.94645547866821,Pointe-aux-Trembles-RiviÞres-des-Prairies,NA,,8005,"c(298328.21875, 5055169.5)"
1381,Armand-Bombardier,Blaise-Pascal,Armand-Bombardier,Blaise-Pascal,05/06/2009,1,481.750305175781,27635.744140625,4160.5419921875,4655.30908203125,18819.892578125,172656.015625,352557.5625,6529287,1,6.17742586135864,10.2268648147583,8.33340072631836,8.44576358795166,9.84267044067383,12.0590572357178,12.7729692459106,15.6918077468872,94.3000030517578,4,23.6000003814697,70.9000015258789,1,1,0,1,0,0,0,0,0,9981.552734375,338.433929443359,3677.01953125,72.5215530395508,12309.20703125,18.9937400817871,1667.96508789062,51.8011093139648,6,0,0,3,0,0,0,14191.88671875,9.56042575836182,2.76357436180115,4.81750297546387,Pointe-aux-Trembles-RiviÞres-des-Prairies,NA,,8009,"c(298029.21875, 5054363.5)"
1375,Armand-Bombardier,Maurice-Duplessis,Armand-Bombardier,Maurice-Duplessis,28/05/2009,0,2513.3359375,33819.60546875,7080.55517578125,6353.15185546875,20385.896484375,4025278.75,3589715.75,24272770,6,7.8293662071228,10.4287958145142,8.86510753631592,8.75670623779297,9.92259883880615,15.2081050872803,15.0935840606689,17.0048656463623,112.800003051758,4,28.2000007629395,95.0999984741211,1,0,0,0,0,0,0,0,0,5266.69775390625,932.706787109375,9945.51953125,510.803863525391,9545.541015625,613.265991210938,9061.845703125,456.559204101562,6,0,0,3,0,0,0,14469.8173828125,9.57982063293457,3.38196063041687,25.1333599090576,Pointe-aux-Trembles-RiviÞres-des-Prairies,NA,,8137,"c(297822.6875, 5054623.5)"
1519,Maurice-Duplessis,Pierre-Blanchet,Maurice-Duplessis,Pierre-Blanchet,25/05/2009,0,637.214904785156,21503.748046875,2408.04760742188,2022.21716308594,17073.484375,354130.4375,311458.96875,6117004,3,6.45710706710815,9.97598266601562,7.78657197952271,7.6119499206543,9.74528217315674,12.7774209976196,12.6490230560303,15.6265830993652,84.5999984741211,4,21.1000003814697,67.8000030517578,1,0,0,0,0,0,0,0,1,944.218322753906,134.959716796875,9159.1123046875,143.501480102539,2064.87182617188,138.376419067383,9335.546875,220.377258300781,6,0,0,2,0,0,0,13836.380859375,9.53505706787109,2.15037488937378,6.3721489906311,Pointe-aux-Trembles-RiviÞres-des-Prairies,NA,,8174,"c(296983.53125, 5053874)"
1473,6 e Avenue,Maurice-Duplessis,6 e Avenue,Maurice-Duplessis,25/05/2009,0,298.961395263672,18812.62890625,752.272521972656,515.733215332031,17544.623046875,53724.37890625,20595.44921875,1858287.125,0,5.70031404495239,9.84228420257568,6.62309885025024,6.24559020996094,9.77250289916992,10.8916215896606,9.93282508850098,14.4351663589478,75.6999969482422,4,18.8999996185303,61.5999984741211,1,0,0,0,0,0,1,1,1,170.618515014648,112.751159667969,8482.4541015625,30.750316619873,1093.50952148438,80.2924880981445,9066.046875,75.1674423217773,6,0,0,3,0,0,0,13780.0302734375,9.53097534179688,1.88126289844513,2.98961400985718,Pointe-aux-Trembles-RiviÞres-des-Prairies,NA,,8222,"c(296883.09375, 5053799.5)"
990,Gilbert-Barbier,Maurice-Duplessis,Gilbert-Barbier,Maurice-Duplessis,26/05/2009,0,407.442291259766,19106.734375,1473.29040527344,1661.13488769531,15972.3095703125,289702.6875,140657.21875,1894059.5,0,6.0098991394043,9.85779571533203,7.29525423049927,7.41525602340698,9.67861175537109,12.5766096115112,11.8540811538696,14.4542331695557,65.5,3,21.7999992370605,59.4000015258789,1,0,0,0,0,1,0,1,1,1324.11975097656,197.639907836914,7609.544921875,63.8528938293457,0,91.2184219360352,10173.0703125,54.7310523986816,6,0,0,1,0,0,0,13895.2802734375,9.53930473327637,1.91067337989807,4.07442283630371,Pointe-aux-Trembles-RiviÞres-des-Prairies,NA,,8269,"c(297086.6875, 5053950.5)"
1534,40 e Avenue,Henri-Bourassa inter.Nord,40 e Avenue,Henri-Bourassa inter.Nord,27/10/2004,0,34.5109481811523,9627.3935546875,1472.60290527344,237.028549194336,7917.76220703125,0,638.162292480469,170853.4375,0,3.5412769317627,9.17236804962158,7.29478693008423,5.46818113327026,8.97686386108398,0,6.45859289169312,12.0485610961914,82.1999969482422,4,20.6000003814697,41.0999984741211,0,0,0,0,0,1,1,1,0,499.272888183594,11.5036497116089,7095.72705078125,23.0072994232178,2032.39367675781,0,0,0,3,0,0,0,0,0,0,18641.3671875,9.83313846588135,0.96273934841156,0.345109492540359,Pointe-aux-Trembles-RiviÞres-des-Prairies,NA,,9226,"c(303866.53125, 5058284)"
1533,40 e Avenue,Henri-Bourassa inter.Sud,40 e Avenue,Henri-Bourassa inter.Sud,27/10/2004,0,65.1873474121094,12320.44140625,453.884460449219,1351.56701660156,10514.990234375,0,9630.44921875,504999.0625,0,4.17726516723633,9.4190149307251,6.11784315109253,7.20902013778687,9.26055717468262,0,9.17268466949463,13.1323118209839,77.5999984741211,4,19.3999996185303,42.2999992370605,0,0,0,0,0,1,1,1,0,423.62548828125,0,0,0,1689.45874023438,7.66909980773926,10207.357421875,57.5182495117188,3,0,0,0,0,0,0,18637.689453125,9.83294105529785,1.23204410076141,0.651873469352722,Pointe-aux-Trembles-RiviÞres-des-Prairies,NA,,9232,"c(303921.6875, 5058266)"
1555,Réal-Benoit,Sherbrooke,RÚal-Benoit,Sherbrooke,21/08/2009,0,201.130950927734,16543.5703125,1057.18493652344,679.899658203125,14806.4853515625,35364.453125,31273.67578125,1603318.125,0,5.30395603179932,9.71375274658203,6.96336507797241,6.52194499969482,9.60282135009766,10.4734621047974,10.350531578064,14.2875862121582,63.4000015258789,4,15.8999996185303,46.2000007629395,0,0,0,0,0,0,0,0,0,0,49.852970123291,7135.01611328125,80.7961959838867,839.06689453125,42.9766998291016,8569.486328125,27.5050888061523,4,0,0,0,0,0,0,20180.3359375,9.9124641418457,1.65435707569122,2.01130962371826,Pointe-aux-Trembles-RiviÞres-des-Prairies,NA,,9484,"c(304613.96875, 5059677.5)"
147,Côte-des-Neiges,Linton,C¶te-des-Neiges,Linton,17/08/2004,0,7728.2744140625,28766.5234375,1644.54711914062,3952.13403320312,23169.841796875,1455338.375,8077802,53142520,2,8.95264053344727,10.2669677734375,7.40522003173828,8.28201103210449,10.0506067276001,14.190749168396,15.9046297073364,17.7884883880615,71.3000030517578,4,17.7999992370605,66.1999969482422,1,1,0,1,1,0,0,0,1,10754.81640625,775.096008300781,3847.71826171875,2472.74536132812,11193.3623046875,797.78173828125,2970.62646484375,3682.6513671875,4,0,0,0,0,0,0,4685.60498046875,8.45225048065186,2.87665224075317,77.2827453613281,C¶te-des-Neiges-Notre-Dame-de-Graces,NA,,9549,"c(294564.875, 5040052)"
4175,Carillon,Notre-Dame,Carillon,Notre-Dame,14/10/2009,1,1812.63745117188,13804.9375,2271.34887695312,3629,7904.58837890625,603097.1875,1191060.375,6909178.5,1,7.50253820419312,9.53278160095215,7.7281289100647,8.19671154022217,8.97519874572754,13.3098335266113,13.9903545379639,15.7483606338501,60.0999984741211,4,15,53.0999984741211,0,0,0,1,1,0,1,1,1,3503.73510742188,219.147354125977,4373.22119140625,548.7177734375,668.693908691406,720.298278808594,5259.28662109375,324.473999023438,4,0,0,0,0,0,0,4137.23095703125,8.32778167724609,1.38049376010895,18.1263751983643,Sud-Ouest,NA,,9583,"c(297362.59375, 5036541)"
109,Décarie,Queen-Mary inter. Ouest,DÚcarie,Queen-Mary inter. Ouest,12/03/2009,0,7693.005859375,31741.92578125,8148.78271484375,2835.02905273438,20758.11328125,3745740,3300968.25,91409800,5,8.94806671142578,10.3653936386108,9.00562381744385,7.94980716705322,9.94069194793701,15.1361303329468,15.0097255706787,18.3308639526367,76,4,19,67,1,1,0,1,1,1,1,1,0.5,18117.607421875,5382.43310546875,8247.0068359375,3.33897805213928,0,871.473327636719,5377.310546875,1435.76062011719,5,0,0,0,0,0,0,4986.98779296875,8.51458740234375,3.17419266700745,76.930061340332,C¶te-des-Neiges-Notre-Dame-de-Graces,NA,,9638,"c(294697.34375, 5038182.5)"
9840,The Boulevard,Victoria,The Boulevard,Victoria,31/10/2006,0,263.519012451172,20689.017578125,2025.89392089844,1799.53698730469,16863.5859375,147265.828125,107081.0234375,2267773.5,2,5.57412481307983,9.93735790252686,7.61376619338989,7.49528503417969,9.73291206359863,11.8999948501587,11.5813407897949,14.6343088150024,69.0999984741211,4,17.2999992370605,44.7999992370605,0,0,0,0,0,0,1,1,0,6317.6201171875,69.3471069335938,6313.0927734375,76.2818145751953,9.05427360534668,57.7892570495605,8049.25,60.1008262634277,6,2,1,0,0,0,0,3938.94604492188,8.27866840362549,2.06890177726746,2.6351900100708,Westmount,NA,,9686,"c(295838.78125, 5038250)"
9841,Victoria,Westmount,Victoria,Westmount,01/11/2007,0,546.293090820312,12862.5,727.070678710938,917.439331054688,11217.990234375,67805.1328125,104265.2109375,2351296.25,0,6.30315589904785,9.46207141876221,6.58902406692505,6.82158613204956,9.32527446746826,11.1243934631348,11.5546932220459,14.6704769134521,59.9000015258789,4,15,40.5999984741211,0,0,0,0,0,0,1,1,0,4534.44384765625,281.014953613281,1701.84997558594,42.7142753601074,18.3487873077393,170.85710144043,6607.85693359375,51.7067527770996,4,0,0,0,0,0,0,3762.73706054688,8.23290157318115,1.28624999523163,5.46293067932129,Westmount,NA,,9732,"c(296208.5, 5038005)"
9862,Église de l',Wellington,?glise de l',Wellington,14/11/2007,0,0,17306.125,4401.81005859375,5116.67333984375,7787.64111328125,0,0,0,4,0,9.75881576538086,8.38977146148682,8.54026031494141,8.96029281616211,0,0,0,51.0999984741211,4,12.8000001907349,45.7999992370605,0,0,0,0,1,0,1,1,0.5,0,0,3627.18359375,0,4339.748046875,0,9339.193359375,0,2,0,0,0,0,0,0,4362.1328125,8.38071632385254,1.7306125164032,0,Verdun,NA,,9933,"c(299558.71875, 5035873)"
14226,Église de l',LaSalle,?glise de l',LaSalle,20/11/2007,0,0,15972.6181640625,4027.54443359375,4848.3876953125,7096.6865234375,0,0,0,2,0,9.67863082885742,8.30091190338135,8.48640060424805,8.86738300323486,0,0,0,74.3000030517578,4,18.6000003814697,62.7999992370605,0,0,0,0,1,0,0,0,0,0,0,3443.48266601562,0,3921.55639648438,0,8607.5791015625,0,4,0,0,3,0,0,0,4406.05419921875,8.39073467254639,1.59726178646088,0,Verdun,NA,,9946,"c(299836.34375, 5035857.5)"
8553,Galt,LaSalle,Galt,LaSalle,08/11/2007,0,65.1954727172852,16252.4384765625,3447.2783203125,1394.5078125,11410.65234375,0,0,17794.3359375,1,4.17739009857178,9.6959981918335,8.14533996582031,7.24029684066772,9.34230327606201,0,0,9.78663539886475,67.5,4,16.8999996185303,50.2999992370605,1,0,0,0,0,1,1,1,0,4252.33154296875,65.1954727172852,4977.1083984375,0,573.399597167969,0,6449.5986328125,0,3,0,0,0,0,0,0,4509.51123046875,8.41394424438477,1.62524390220642,0.651954710483551,Verdun,NA,,9948,"c(299875.78125, 5035758.5)"
8548,Galt,Wellington,Galt,Wellington,17/09/2009,0,8892.568359375,13927.8212890625,2441.95092773438,1375.564453125,10110.3056640625,2199910.25,3898778.25,44376516,5,9.0929708480835,9.54164409637451,7.80055284500122,7.22661876678467,9.22131061553955,14.6039266586304,15.1761741638184,17.6082210540771,47.4000015258789,4,11.8999996185303,43.2000007629395,0,0,0,0,0,1,1,1,0.5,7496.17822265625,2883.90600585938,3160.28051757812,700.512084960938,0,2084.22021484375,3271.36254882812,3223.92993164062,4,1,1,0,0,0,0,4456.923828125,8.40221405029297,1.39278209209442,88.9256820678711,Verdun,NA,,9951,"c(299551.90625, 5035777.5)"
9873,Wellington,Woodland,Wellington,Woodland,22/10/2007,0,98.4849700927734,4527.33740234375,822.932861328125,755.360656738281,2949.04370117188,27157.275390625,8556.23046875,140177.078125,1,4.58990383148193,8.41788864135742,6.71287488937378,6.62719488143921,7.98923587799072,10.209400177002,9.05441474914551,11.8506622314453,52.9000015258789,4,13.1999998092651,50,0,0,0,0,0,0,0,0,0,970.143676757812,5.1834192276001,1312.83129882812,46.6507759094238,1252.49890136719,10.3668394088745,991.863342285156,36.283935546875,2,0,0,0,0,0,0,5514.537109375,8.61514282226562,0.452733755111694,0.984849691390991,Verdun,NA,,10048,"c(299482.875, 5034714.5)"
15927,LaSalle,Woodland,LaSalle,Woodland,22/10/2007,0,469.099456787109,8591.322265625,777.080261230469,1264.5654296875,6549.6767578125,87720.125,285889.4375,1026416.125,0,6.1508150100708,9.05850791931152,6.6555438041687,7.14248418807983,8.78717136383057,11.3819074630737,12.5633602142334,13.8415842056274,65.1999969482422,4,16.2999992370605,57.0999984741211,1,0,0,0,0,0,0,0,0,603.323181152344,266.946105957031,3870.92163085938,82.9347076416016,255.809036254883,51.8341941833496,3861.2685546875,67.3844528198242,4,0,0,0,0,0,0,5515.14013671875,8.61525249481201,0.85913223028183,4.69099473953247,Verdun,NA,,10049,"c(299517.78125, 5034715.5)"
1761,Lapierre,Newman,Lapierre,Newman,01/09/2009,0,1469.17724609375,31845.037109375,5105.90869140625,4085.09350585938,22654.033203125,1775311.125,1337180,17765798,4,7.29245805740356,10.3686370849609,8.53815364837646,8.31509971618652,10.0280933380127,14.3894863128662,14.1060733795166,16.6927852630615,114.400001525879,4,28.6000003814697,84.4000015258789,1,0,0,0,1,0,0,0,0,4374.66064453125,474.901611328125,10994.3818359375,352.6025390625,5595.240234375,166.771469116211,10880.75390625,474.901611328125,8,2,1,4,0,0,0,8012.18603515625,8.98871898651123,3.18450379371643,14.6917724609375,Lasalle,NA,,10322,"c(295237.3125, 5033287.5)"
16663,Newman,Accès Vichy,Newman,AccÞs Vichy,08/09/2009,0,532.080383300781,26893.07421875,1480.82348632812,767.902282714844,24644.349609375,221273.5,62659.6171875,2669807.25,0,6.27679491043091,10.1996240615845,7.30035400390625,6.64366292953491,10.1123027801514,12.3071546554565,11.0454721450806,14.7975168228149,100.800003051758,4,25.2000007629395,81.0999984741211,1,0,0,0,1,0,0,0,0,533.31640625,308.130126953125,13481.3583984375,54.0021896362305,635.94775390625,115.945877075195,12242.4521484375,54.0021896362305,8,2,1,0,0,0,0,7518.25390625,8.92508888244629,2.68930745124817,5.32080364227295,Lasalle,NA,,10330,"c(295646.75, 5033624)"
4,Cavendish,Côte-Saint-Luc,Cavendish,C¶te-Saint-Luc,01/09/2009,0,1205.51940917969,30782.068359375,6304.49609375,5635.56005859375,18842.013671875,970953.3125,1673704,8598500,2,7.09466600418091,10.3346881866455,8.7490177154541,8.6368522644043,9.84384441375732,13.7860336303711,14.3305501937866,15.967098236084,105.599998474121,4,26.3999996185303,79.8000030517578,1,1,0,1,0,0,0,0,0,8155.525390625,268.422637939453,9308.294921875,19.0595951080322,4612.912109375,856.093505859375,8705.3359375,61.9436874389648,6,1,1,2,0,0,0,6880.8232421875,8.83649349212646,3.07820677757263,12.055193901062,C¶te-Saint-Luc,NA,,10701,"c(293240.6875, 5036867.5)"
8335,Ducharme,McEachran,Ducharme,McEachran,28/10/2009,0,1165.38830566406,13213.61328125,863.959899902344,2667.4072265625,9682.24609375,223129.40625,727001.25,5974260,0,7.06081008911133,9.48900318145752,6.76152610778809,7.88886213302612,9.17804908752441,12.3155069351196,13.4966840744019,15.6029710769653,39.9000015258789,4,10,36.2000007629395,0,0,0,0,0,0,1,1,1,0,271.810668945312,2905.04223632812,280.304748535156,7832.7451171875,378.836120605469,2475.82543945312,234.436706542969,2,0,0,1,0,0,0,4188.85791015625,8.34018325805664,1.32136130332947,11.6538829803467,Outremont,NA,,11332,"c(295525.6875, 5042146.5)"
9829,McEachran,Van-Horne,McEachran,Van-Horne,27/10/2009,0,3267.54028320312,20086.15625,2252.46728515625,1833.40368652344,16000.28515625,2697600,2125293,20717444,0,8.09179306030273,9.90778636932373,7.71978092193604,7.51392889022827,9.6803617477417,14.8078727722168,14.5694198608398,16.8464870452881,48.7999992370605,4,12.1999998092651,45.9000015258789,0,0,0,0,0,0,1,1,0.5,0,1317.529296875,6741.14501953125,656.221130371094,5041.40869140625,1059.78869628906,8303.6025390625,234.001327514648,2,0,0,0,0,0,0,4017.49096679688,8.29841327667236,2.00861573219299,32.6754035949707,Outremont,NA,,11335,"c(295670.875, 5042054)"
9824,Davaar,Van-Horne,Davaar,Van-Horne,27/10/2009,0,1768.57531738281,18391.837890625,1363.76330566406,540.086364746094,16487.98828125,326834.78125,180569.578125,10323398,2,7.47793006896973,9.81966209411621,7.2180027961731,6.29172897338867,9.71038722991943,12.6972103118896,12.10387134552,16.149923324585,52.9000015258789,4,13.1999998092651,44.4000015258789,0,0,0,0,0,0,1,1,1,5422.53955078125,778.308776855469,5731.41845703125,183.131469726562,0,593.481628417969,7237.88037109375,213.653396606445,2,0,0,0,0,0,0,4027.7041015625,8.30095195770264,1.83918380737305,17.6857528686523,Outremont,NA,,11336,"c(295624.5, 5041984)"
9831,Rockland,Van-Horne,Rockland,Van-Horne,27/10/2009,0,1183.57189941406,18949.98828125,650.271240234375,2545.08935546875,15754.626953125,154002.078125,617233.4375,6582351,1,7.07629203796387,9.84955883026123,6.47738981246948,7.84192085266113,9.66488933563232,11.9447212219238,13.3330030441284,15.6999025344849,51.4000015258789,4,12.8999996185303,45.7999992370605,0,0,0,0,0,0,1,1,1,5906.63037109375,461.220001220703,5883.1484375,74.6091232299805,0,430.698089599609,7160.208984375,217.044708251953,2,0,0,0,0,0,0,4036.4599609375,8.30312347412109,1.89499878883362,11.8357191085815,Outremont,NA,,11337,"c(295578.6875, 5041907.5)"
9825,Dollard,Van-Horne,Dollard,Van-Horne,27/10/2009,0,5200.5947265625,14719.6123046875,895.929260253906,776.712890625,13046.9697265625,936931.6875,904991.875,23855928,3,8.55652809143066,9.59693622589111,6.79786109924316,6.65507078170776,9.47631072998047,13.7503662109375,13.7156810760498,16.9875431060791,67.3000030517578,4,16.7999992370605,57.5,1,0,0,0,0,0,1,1,1,787.550720214844,1849.96704101562,6546.06396484375,1085.22351074219,576.212585449219,1549.8349609375,6809.78515625,715.569274902344,2,0,0,3,0,0,0,4011.31396484375,8.29687404632568,1.47196125984192,52.0059471130371,Outremont,NA,,11340,"c(295717.5, 5042129.5)"
3686,Stuart,Van-Horne,Stuart,Van-Horne,08/09/2009,0,7769.9619140625,14850.3876953125,663.438232421875,923.682006835938,13263.267578125,1112067,2169153.25,31006218,1,8.95802116394043,9.60578060150146,6.49743604660034,6.82836818695068,9.49275398254395,13.9217309951782,14.5898466110229,17.249698638916,54.5999984741211,4,13.6999998092651,43.5999984741211,0,0,0,0,0,0,0,0,1,0,2109.26196289062,6731.515625,1121.33959960938,1202.25280761719,3472.02319335938,6916.61865234375,1067.33740234375,2,0,0,1,0,0,0,4006.251953125,8.29561138153076,1.48503875732422,77.6996154785156,Outremont,NA,,11341,"c(295762.78125, 5042201)"
5653,Van-Horne,Wiseman,Van-Horne,Wiseman,08/09/2009,0,6991.6953125,14439.8623046875,786.229309082031,964.00146484375,12689.630859375,1391316.5,1773518,40427748,1,8.85247802734375,9.57774829864502,6.66724920272827,6.87109279632568,9.44854068756104,14.1457605361938,14.3884763717651,17.5150260925293,54.2000007629395,4,13.6000003814697,43,0,0,0,0,0,0,0,0,0,0,1840.83935546875,6693.029296875,1532.70922851562,1337.87268066406,2002.84594726562,6408.96044921875,1615.30078125,2,0,0,5,0,0,0,3999.17895507812,8.29384422302246,1.44398617744446,69.9169540405273,Outremont,NA,,11359,"c(295816.8125, 5042279.5)"
6856,Outremont,Van-Horne,Outremont,Van-Horne,08/09/2009,0,4363.05908203125,15446.015625,1196.75463867188,1264.56469726562,12984.6962890625,1133255.25,1451079.875,18733858,0,8.3809289932251,9.64510631561279,7.08736896514893,7.14248323440552,9.47152709960938,13.9406051635742,14.1878185272217,16.7458438873291,61.4000015258789,4,15.3999996185303,51.4000015258789,0,0,0,0,0,0,0,0,1,1372.69409179688,1659.77319335938,6931.2802734375,576.552795410156,1044.64038085938,1413.58666992188,6097.40087890625,713.146545410156,3,0,0,1,0,0,0,4003.083984375,8.29482078552246,1.54460155963898,43.6305923461914,Outremont,NA,,11361,"c(295877.3125, 5042384.5)"
17675,56 e Avenue,Victoria,56 e Avenue,Victoria,02/06/2009,0,534.863586425781,9985.1533203125,1054.40026855469,687.259216308594,8243.4931640625,127929.4453125,142822.859375,890842.8125,0,6.28201198577881,9.20885467529297,6.96072721481323,6.53271198272705,9.01717853546143,11.7592344284058,11.8693599700928,13.6999225616455,90.4000015258789,4,22.6000003814697,52.2000007629395,1,0,0,0,0,0,0,0,0.5,285.755157470703,299.389068603516,5944.7919921875,8.40980529785156,0,127.829032897949,3754.60546875,99.2356948852539,5,0,0,0,0,0,0,13307.998046875,9.49612045288086,0.99851530790329,5.34863567352295,Lachine,NA,,11668,"c(287563.71875, 5033852.5)"
17674,55 e Avenue,Victoria,55 e Avenue,Victoria,02/06/2009,0,220.336883544922,14423.400390625,4644.42529296875,5644.568359375,4134.40673828125,310288.59375,67218.09375,461321.71875,1,5.39515781402588,9.57660675048828,8.4434232711792,8.63844871520996,8.32709884643555,12.6452579498291,11.1156978607178,13.0418510437012,90.9000015258789,4,22.7000007629395,69.6999969482422,1,0,0,0,0,1,1,1,0,6268.52734375,28.5933361053467,3250.0126953125,109.327461242676,1320.26110839844,79.0521697998047,3584.59936523438,3.36392211914062,5,1,1,0,0,0,0,13240.087890625,9.49100494384766,1.44234001636505,2.20336890220642,Lachine,NA,,11670,"c(287647.4375, 5033841)"
17462,55 e Avenue,Sherbrooke,55 e Avenue,Sherbrooke,02/06/2009,0,477.676910400391,13529.9638671875,1826.66259765625,1602.39904785156,10100.9013671875,226151.15625,94507.4765625,3499800.5,0,6.16893482208252,9.51266193389893,7.51024580001831,7.37925720214844,9.22037982940674,12.3289594650269,11.4564342498779,15.0682172775269,60.9000015258789,3,20.2999992370605,52.2000007629395,1,0,0,0,0,1,1,1,0,7458.57080078125,50.4588279724121,1551.75891113281,87.4619674682617,4519.6337890625,296.025146484375,0,43.7309875488281,5,0,0,0,0,0,0,13229.1748046875,9.49018001556396,1.35299634933472,4.77676916122437,Lachine,NA,,11674,"c(287630.84375, 5033894)"
17249,32 e Avenue,Saint-Antoine,32 e Avenue,Saint-Antoine,04/02/2009,1,1830.2392578125,24190.615234375,4791.68408203125,2429.61596679688,16969.31640625,1734789.75,1301232.25,19948592,6,7.51220178604126,10.0937204360962,8.47463703155518,7.79548788070679,9.73916244506836,14.3663969039917,14.0788221359253,16.8086681365967,90.6999969482422,4,22.7000007629395,72.0999984741211,1,0,0,1,1,0,0,0,0,10383.3896484375,512.466979980469,2235.41552734375,318.560577392578,8698.912109375,745.946166992188,2872.8994140625,253.265548706055,6,2,1,1,0,0,0,11734.0439453125,9.37024974822998,2.41906142234802,18.3023929595947,Lachine,NA,,11822,"c(289751.65625, 5033330.5)"
1799,Saint-Pierre,Sortie A-20 (int. Nord),Saint-Pierre,Sortie A-20 (int. Nord),19/08/2009,0,446.251892089844,21031.328125,7099.40283203125,1131.34045410156,12800.5849609375,984133.6875,89013.6640625,2255183.75,0,6.10088396072388,9.95376777648926,8.86776638031006,7.03115797042847,9.45724582672119,13.7995166778564,11.3965454101562,14.6287422180176,57.7000007629395,4,14.3999996185303,49.5,1,1,0,1,1,1,1,1,0,4983.69970703125,57.0397148132324,9603.8232421875,73.8161010742188,6443.8056640625,0,0,315.396087646484,4,0,0,0,0,0,0,8853.31640625,9.088547706604,2.10313272476196,4.4625186920166,Lachine,NA,,12226,"c(293257.625, 5033704.5)"
2179,Saint-Jacques,Sortie A-20 (int. Nord),Saint-Jacques,Sortie A-20 (int. Nord),18/08/2009,0,237.782287597656,17521.880859375,6178.16943359375,1541.69787597656,9802.0126953125,763498.9375,315327.8125,1150702.125,0,5.47135591506958,9.77120590209961,8.7287769317627,7.3406400680542,9.19034290313721,13.5456666946411,12.6613683700562,13.955883026123,69,4,17.2999992370605,33.7000007629395,0,1,0,1,1,1,1,1,0,3464.5537109375,11.721661567688,7393.70263671875,13.3961849212646,6663.6240234375,6.69809293746948,0,205.966354370117,3,1,1,2,0,0,0,9104.2060546875,9.11649131774902,1.7521880865097,2.37782287597656,Lachine,NA,,12235,"c(293008.8125, 5033593)"
16115,Lise,Newman,Lise,Newman,15/09/2009,0,1453.29418945312,24200.833984375,1761.22692871094,1348.86889648438,21090.73828125,612996.5,416570.3125,17023410,4,7.28158807754517,10.094141960144,7.47376585006714,7.20702219009399,9.95658874511719,13.326114654541,12.9398107528687,16.6501007080078,74.9000015258789,4,18.7000007629395,70.8000030517578,1,0,0,0,1,1,0,1,0,828.381469726562,268.422637939453,10549.03515625,663.909240722656,471.004516601562,376.427032470703,12352.4140625,144.535278320312,8,2,1,4,0,0,0,8857.33984375,9.08900165557861,2.42008328437805,14.5329418182373,Lasalle,NA,,12350,"c(294722.375, 5032609.5)"
16661,Newman,Thierry,Newman,Thierry,03/09/2009,0,1637.15185546875,29251.572265625,3736.05517578125,2993.65771484375,22521.859375,1404986.875,1070036,24079918,13,7.40071296691895,10.2836885452271,8.22578620910645,8.00425052642822,10.0222415924072,14.15553855896,13.8832025527954,16.9968891143799,96.5,4,24.1000003814697,76.5999984741211,1,0,0,0,1,0,0,0,0,2410.4775390625,330.578735351562,11469.2080078125,491.145568847656,3101.03686523438,154.270080566406,12270.8486328125,661.157470703125,8,2,1,6,0,0,0,8425.6953125,9.03904151916504,2.92515730857849,16.3715190887451,Lasalle,NA,,12403,"c(294985.71875, 5032955.5)"
1537,Sherbrooke,Yves-Thériault,Sherbrooke,Yves-ThÚriault,22/10/2004,0,240.560958862305,21197.796875,1321.9912109375,1076.98901367188,18798.81640625,33776.609375,57971.77734375,2224143.5,0,5.4829740524292,9.9616527557373,7.18689393997192,6.98192405700684,9.84154891967773,10.4275236129761,10.9677124023438,14.6148824691772,70.8000030517578,4,17.7000007629395,42.7999992370605,0,0,0,0,0,0,0,0,0,949.383666992188,0,8273.9296875,78.872444152832,316.461212158203,122.252288818359,11658.0224609375,39.436222076416,4,0,0,0,0,0,0,20414.73828125,9.92401218414307,2.11977958679199,2.40560960769653,Pointe-aux-Trembles-RiviÞres-des-Prairies,NA,,12464,"c(304670.15625, 5059905.5)"
7205,Dollard,Vérendrye de la,Dollard,VÚrendrye de la,02/09/2009,0,407.361236572266,28757.185546875,4723.08642578125,5087.55078125,18946.546875,519979.5625,189440.375,4091919.25,1,6.00969982147217,10.2666425704956,8.46021842956543,8.5345516204834,9.8493766784668,13.1615447998047,12.1518297195435,15.2245254516602,117.300003051758,4,29.2999992370605,88,1,0,0,0,1,1,0,1,0,6515.50390625,15.9125480651855,9332.1611328125,9.54752922058105,6797.73046875,3.1825098991394,6111.78955078125,378.718658447266,8,2,1,0,0,0,0,9606.638671875,9.17020988464355,2.87571859359741,4.07361221313477,Lasalle,NA,,12526,"c(295241.28125, 5031492.5)"
13322,Courval,Hicmore,Courval,Hicmore,30/04/2009,1,154.329772949219,18667.189453125,4984.88916015625,6137.18505859375,7545.1162109375,69554.0703125,121499.3984375,258122.109375,0,5.03909206390381,9.83452320098877,8.5141658782959,8.7221212387085,8.92865562438965,11.1498603820801,11.7076654434204,12.4611883163452,75.9000015258789,4,19,41.7999992370605,0,0,0,1,1,0,0,0,0,257.571990966797,107.21858215332,6725.9208984375,21.1188106536865,6588.419921875,14.6207151412964,5095.27734375,11.3716678619385,4,0,0,0,0,0,0,10406.35546875,9.25017166137695,1.86671888828278,1.54329776763916,Saint-Laurent,NA,,12736,"c(289458.875, 5036691.5)"
15238,Hicmore,Liesse Montée de,Hicmore,Liesse MontÚe de,30/04/2009,1,11.3716678619385,13657.125,3179.94873046875,3356.18212890625,7120.99365234375,11577.6630859375,1969.46118164062,34704.67578125,0,2.4311249256134,9.52201652526855,8.06462001800537,8.11855888366699,8.8708028793335,9.35683345794678,7.58551502227783,10.4546298980713,86.5999984741211,4,21.7000007629395,41.9000015258789,0,0,0,1,1,0,0,0,0,3516.92260742188,3.24904799461365,4531.71728515625,4.87357187271118,0,3.24904799461365,5608.484375,0,4,1,1,0,0,0,0,10286.57421875,9.2385950088501,1.36571252346039,0.113716676831245,Saint-Laurent,NA,,12794,"c(289523.9375, 5036867)"
1654,Côte-Vertu,Liesse Montée-de (Nord),C¶te-Vertu,Liesse MontÚe-de (Nord),10/02/2009,0,41.4742126464844,30695.50390625,3806.40795898438,6302.61669921875,20586.478515625,78796.9453125,65000.53125,607545.0625,0,3.72507190704346,10.3318710327148,8.24444103240967,8.74872016906738,9.9323902130127,11.2746295928955,11.0821514129639,13.3171815872192,94.5,4,23.6000003814697,69,1,0,0,0,0,0,0,0,0,6122.5419921875,11.8497753143311,13424.884765625,21.724588394165,91.0722961425781,0,11057.0048828125,7.8998498916626,8,0,0,0,0,0,0,11752.6298828125,9.3718318939209,3.06955027580261,0.414742112159729,Saint-Laurent,NA,,12841,"c(287640.8125, 5038376.5)"
13279,Côte-Vertu,Place Côte-Vertu,C¶te-Vertu,Place C¶te-Vertu,11/06/2009,0,611.7939453125,28773.330078125,2978.00048828125,2802.60888671875,22992.720703125,372601.59375,455780.625,8367059,0,6.41639518737793,10.267204284668,7.99900722503662,7.93830585479736,10.0429334640503,12.8282651901245,13.029767036438,15.9398126602173,70.8000030517578,3,23.6000003814697,56,1,0,1,1,1,1,0,1,0,1646.12170410156,180.037445068359,12788.958984375,0,1107.15844726562,66.680534362793,13231.0908203125,365.075927734375,8,2,1,0,0,0,1,10417.939453125,9.2512845993042,2.87733292579651,6.11793947219849,Saint-Laurent,NA,,12843,"c(288841.65625, 5039718.5)"
11176,Beaulac,Côte-Vertu,Beaulac,C¶te-Vertu,26/03/2009,0,878.151306152344,38471.26953125,6272.88720703125,6236.29345703125,25962.087890625,1471435.25,1420992.25,12616023,2,6.77781915664673,10.5576667785645,8.74399185180664,8.73814105987549,10.1643934249878,14.2017488479614,14.1668663024902,16.3504772186279,107.5,4,26.8999996185303,82.4000015258789,1,0,1,1,1,1,0,1,0,5167.3798828125,277.135192871094,12566.9599609375,212.025131225586,3959.79614257812,95.1608810424805,16777.1328125,293.830078125,8,3,1,1,0,0,1,10585.30078125,9.26722145080566,3.84712696075439,8.78151321411133,Saint-Laurent,NA,,12845,"c(288683.90625, 5039543.5)"
11164,Beaudet,Marcel-Laurin,Beaudet,Marcel-Laurin,21/05/2009,0,531.898986816406,36115.296875,338.586730957031,312.541595458984,35464.16796875,56630.10546875,42793.546875,9924685,1,6.27645397186279,10.4944715499878,5.82477998733521,5.74473810195923,10.4762783050537,10.9442958831787,10.6641426086426,16.1105365753174,79,4,19.7999992370605,66.5999984741211,1,1,1,1,1,1,1,1,1,20553.330078125,167.254364013672,0,159.72038269043,14559.228515625,113.009704589844,1002.73760986328,91.9145584106445,5,0,0,1,0,0,1,8693.7021484375,9.07035446166992,3.61152958869934,5.31898975372314,Saint-Laurent,NA,,13017,"c(290568.625, 5040734.5)"
11839,Bourgoin,Côte-Vertu,Bourgoin,C¶te-Vertu,26/03/2009,1,1527.58264160156,34060.79296875,494.974517822266,785.796081542969,32780.0234375,80101.734375,752175.5625,44601604,0,7.33144187927246,10.4359016418457,6.20450592041016,6.66669702529907,10.397575378418,11.2910528182983,13.5307245254517,17.6132793426514,75,3,25,65,1,0,0,1,1,1,1,1,0,762.684448242188,166.948913574219,15057.240234375,153.593002319336,0,0,18240.869140625,1207.04064941406,7,1,1,1,0,0,0,9673.4736328125,9.17714309692383,3.40607929229736,15.2758264541626,Saint-Laurent,NA,,13047,"c(289579.1875, 5040546)"
13141,Collège,Marcel-Laurin,CollÞge,Marcel-Laurin,21/05/2009,0,574.089294433594,40520.64453125,548.808166503906,2543.12109375,37428.71484375,114608.546875,425373.34375,13909763,0,6.35278511047363,10.6095666885376,6.30774879455566,7.84114694595337,10.5301933288574,11.6492776870728,12.9607219696045,16.4481029510498,85.9000015258789,4,21.5,72,1,1,1,1,1,0,1,1,0,20536.5859375,137.118438720703,2176.62890625,105.475723266602,14276.453125,254.648529052734,3530.97583007812,76.8465957641602,5,0,0,4,0,0,1,8539.529296875,9.05246162414551,4.05206441879272,5.74089288711548,Saint-Laurent,NA,,13062,"c(290716.8125, 5040616)"
13284,Côte-Vertu,Grimard,C¶te-Vertu,Grimard,26/03/2009,0,3058.50415039062,45649.359375,4755.22216796875,2989.10668945312,37905.03125,2205980.75,4378521.5,62332808,5,8.02568054199219,10.7287454605103,8.46699905395508,8.00273036956787,10.542839050293,14.6066827774048,15.2922220230103,17.947998046875,37,2,18.5,53.7000007629395,1,1,1,1,1,1,1,1,0,3853.86767578125,1414.05737304688,17543.66796875,0,0,0,24251.82421875,1644.44677734375,6,1,1,2,1,0,1,8218.13671875,9.01409912109375,4.56493616104126,30.5850410461426,Saint-Laurent,NA,,13148,"c(291536.59375, 5043067)"
13286,Côte-Vertu,Jules-Poitras,C¶te-Vertu,Jules-Poitras,05/05/2009,0,1824.36840820312,43226.33984375,5591.13671875,7248.58837890625,30386.61328125,3425514.5,1123309,17353228,2,7.50898885726929,10.674204826355,8.62893772125244,8.88856220245361,10.3217573165894,15.0467624664307,13.9317893981934,16.6692886352539,86,4,21.5,74.4000015258789,1,0,1,1,1,1,1,1,0,7863.6875,675.016296386719,14963.10546875,564.033874511719,537.7509765625,585.318176269531,19861.794921875,0,7,3,1,1,0,0,1,8238.59765625,9.01658535003662,4.32263422012329,18.2436847686768,Saint-Laurent,NA,,13196,"c(291444.1875, 5042867)"
13671,Deguire,O'Brien,Deguire,O'Brien,27/05/2009,0,242.178573608398,10320.357421875,430.093170166016,1153.17553710938,8737.0888671875,29450.453125,51975.2578125,1346642.375,0,5.48967504501343,9.2418737411499,6.06400203704834,7.05027484893799,9.07533168792725,10.2904653549194,10.8585233688354,14.1131248474121,54.2000007629395,4,13.6000003814697,42.5999984741211,0,0,0,0,1,0,0,0,0,5275.68408203125,92.9112777709961,743.741882324219,42.6477966308594,3806.98193359375,68.5411071777344,493.949798583984,38.0783920288086,2,0,0,0,0,0,0,9433.4287109375,9.15201473236084,1.03203570842743,2.42178583145142,Saint-Laurent,NA,,13301,"c(290056, 5042347.5)"
16732,O'Brien,Tassé,O'Brien,TassÚ,26/05/2009,0,469.774871826172,11062.5693359375,712.704223632812,1202.5732421875,9147.2919921875,103643.6328125,101641.7578125,2690489.75,0,6.15225410461426,9.31132316589355,6.56906604766846,7.09221887588501,9.12121295928955,11.548713684082,11.5292100906372,14.8052339553833,58.7999992370605,4,14.6999998092651,46.9000015258789,0,0,0,0,1,0,0,0,0.5,4090.22241210938,182.43684387207,1263.34643554688,57.7716674804688,4090.22241210938,161.152542114258,1618.77783203125,68.413818359375,2,0,0,0,0,0,0,9179.15234375,9.12469005584717,1.10625696182251,4.69774866104126,Saint-Laurent,NA,,13307,"c(290272.5, 5042150)"
16730,O'Brien,Rochon,O'Brien,Rochon,26/05/2009,0,854.412536621094,11066.251953125,2064.44799804688,2250.45092773438,6751.35302734375,542736.125,663850.625,3557716.5,0,6.75041389465332,9.31165504455566,7.63261795043945,7.71888589859009,8.81749820709229,13.2043790817261,13.4058122634888,15.0846290588379,61.9000015258789,4,15.5,48.2000007629395,0,0,0,0,1,0,1,1,1,4182.30322265625,556.432373046875,2815.826171875,50.1701316833496,2289.125,0,1778.99816894531,247.810043334961,2,0,0,0,0,0,0,8924.599609375,9.09656715393066,1.10662519931793,8.5441255569458,Saint-Laurent,NA,,13316,"c(290492.3125, 5041955.5)"
1657,Côte-Vertu,Sainte-Croix,C¶te-Vertu,Sainte-Croix,10/03/2009,0,2447.51879882812,34548.69921875,4129.60009765625,4116.25390625,26302.845703125,1354944.625,3623067.5,31328140,2,7.8028302192688,10.4501247406006,8.32593631744385,8.32269859313965,10.1774320602417,14.1192712783813,15.1028318405151,17.2600269317627,83.4000015258789,4,20.8999996185303,58.9000015258789,1,0,1,1,1,1,1,1,0,0,567.662658691406,12711.0078125,907.92333984375,7931.2724609375,690.628173828125,13906.4189453125,281.304656982422,7,1,1,0,0,0,1,8659.9208984375,9.06646060943604,3.45486998558044,24.4751873016357,Saint-Laurent,NA,,13329,"c(290738.09375, 5041832.5)"
11010,Barré,Côte-Vertu,BarrÚ,C¶te-Vertu,11/06/2009,0,1420.29541015625,36196.40625,2000.55847167969,2132.10205078125,32063.74609375,648209.1875,836057.1875,14206884,2,7.25861978530884,10.49671459198,7.60118198394775,7.66486406326294,10.3754806518555,13.3819694519043,13.6364517211914,16.4692363739014,73.9000015258789,4,18.5,58.7999992370605,1,0,1,1,1,1,0,1,0,1077.92651367188,536.7783203125,17804.056640625,276.724212646484,1355.62963867188,451.760620117188,15958.79296875,155.032241821289,6,2,1,1,0,0,1,8413.115234375,9.03754711151123,3.61964058876038,14.2029542922974,Saint-Laurent,NA,,13339,"c(291069.875, 5042201.5)"
13282,Côte-Vertu,Dutrisac,C¶te-Vertu,Dutrisac,10/06/2009,0,818.953918457031,38052.7421875,1704.26696777344,1700.578125,34647.89453125,643858.6875,153761.75,9285278,0,6.70802783966064,10.5467281341553,7.44088983535767,7.43872404098511,10.45299243927,13.3752346038818,11.9431600570679,16.0439414978027,57.7999992370605,3,19.2999992370605,51.4000015258789,1,1,0,1,1,0,1,1,0,1870.26708984375,433.068237304688,18044.203125,266.244293212891,22.1333389282227,117.956329345703,18116.13671875,1.68508994579315,6,2,1,2,0,0,0,8500.099609375,9.04783344268799,3.80527424812317,8.18953895568848,Saint-Laurent,NA,,13343,"c(290949.75, 5042068.5)"
13300,Côte-Vertu,Saint-Germain,C¶te-Vertu,Saint-Germain,09/06/2009,0,470.949066162109,33610.59375,2917.234375,2893.72290039062,27799.634765625,560662.875,246462.296875,1883676.375,2,6.15474987030029,10.4225969314575,7.97839117050171,7.97029876708984,10.23277759552,13.2368745803833,12.414963722229,14.4487361907959,88.8000030517578,4,22.2000007629395,69,1,0,0,0,0,1,0,1,0,1654.84777832031,169.878051757812,14835.755859375,0,2872.02001953125,260.703948974609,14247.96875,40.3670654296875,7,2,1,2,0,0,0,8759.099609375,9.07784843444824,3.36105942726135,4.70949077606201,Saint-Laurent,NA,,13360,"c(290615.84375, 5041713.5)"
8256,Côte-Vertu,Décarie,C¶te-Vertu,DÚcarie,29/04/2009,0,14171.669921875,41235.6328125,3165.3544921875,5495.86865234375,32574.41015625,12979234,24595584,303600064,15,9.55900001525879,10.6270580291748,8.06002044677734,8.61175155639648,10.391282081604,16.3788604736328,17.0180778503418,19.5312213897705,91.4000015258789,4,22.7999992370605,86.0999984741211,1,1,1,1,1,0,1,1,0,7173.36962890625,2313.775390625,17474.947265625,2890.16674804688,4361.8935546875,1541.96960449219,12225.423828125,7425.7578125,6,1,1,0,0,0,1,8836.771484375,9.08667659759521,4.12356328964233,141.716705322266,Saint-Laurent,NA,,13361,"c(290519.65625, 5041608.5)"
13805,Dion,Sainte-Croix,Dion,Sainte-Croix,03/09/2009,0,358.9140625,18496.990234375,1627.35009765625,1162.65734863281,15706.9833984375,399863.125,87137.359375,247256.890625,0,5.8830828666687,9.82536315917969,7.39470815658569,7.05846405029297,9.66186141967773,12.8988780975342,11.3752412796021,12.4181833267212,44.0999984741211,3,14.6999998092651,36.7000007629395,0,0,0,0,0,0,1,1,0,8806.9443359375,1.57418394088745,1.85136497020721,69.2641143798828,8631.0654296875,14.1676597595215,1057.12951660156,273.908111572266,4,0,0,2,0,0,0,7431.287109375,8.91345405578613,1.84969902038574,3.58914065361023,Saint-Laurent,NA,,13405,"c(291856.03125, 5040994)"
13146,Collège,Sainte-Croix,CollÞge,Sainte-Croix,18/02/2009,1,8138.13427734375,23580.57421875,3191.6416015625,4335.7353515625,16053.197265625,5845619.5,6474339.5,31032932,3,9.00431632995605,10.0681781768799,8.06829071044922,8.37464618682861,9.6836633682251,15.5812034606934,15.6833572387695,17.250560760498,59.7999992370605,4,15,41.2999992370605,0,0,0,1,1,0,0,0,0,8587.03515625,585.676574707031,1137.76110839844,3779.19677734375,9281.5126953125,1137.71630859375,4574.26416015625,2635.54467773438,4,0,0,0,0,0,0,7990.39599609375,8.98599529266357,2.35805749893188,81.3813400268555,Saint-Laurent,NA,,13408,"c(291330.65625, 5041307)"
14215,Église,Sainte-Croix,?glise,Sainte-Croix,26/03/2009,1,3128.62280273438,19294.375,2786.8798828125,2105.08618164062,14402.41015625,1432181.75,2003626.875,26017648,1,8.04834842681885,9.86756896972656,7.93267822265625,7.65211200714111,9.57515144348145,14.1747102737427,14.5104703903198,17.0742855072021,64.9000015258789,4,16.2000007629395,44.2000007629395,0,0,0,1,1,0,0,0,0,8639.9052734375,669.465148925781,152.151702880859,1026.73583984375,7536.32373046875,1143.60009765625,2965.9951171875,288.821624755859,4,0,0,0,0,0,0,8278.080078125,9.02136611938477,1.92943751811981,31.2862281799316,Saint-Laurent,NA,,13423,"c(291073.46875, 5041533.5)"
14209,Église,Marcel-Laurin,?glise,Marcel-Laurin,20/05/2009,0,562.037048339844,42432.73046875,901.505310058594,3224.759765625,38306.46484375,128886.859375,467934.65625,11076243,1,6.33156776428223,10.6556749343872,6.80406618118286,8.07861423492432,10.5533742904663,11.7666902542114,13.0560836791992,16.2203121185303,77.4000015258789,4,19.3999996185303,67.1999969482422,1,1,0,1,0,0,1,1,0,21254.865234375,141.651611328125,2291.32592773438,121.850852966309,15902.1787109375,149.267288208008,2984.35815429688,149.267288208008,6,0,0,2,0,0,0,8828.404296875,9.08572959899902,4.24327325820923,5.62037038803101,Saint-Laurent,NA,,13449,"c(290440.96875, 5040847.5)"
13283,Côte-Vertu,Gohier,C¶te-Vertu,Gohier,29/04/2009,0,2106.86572265625,34234.31640625,2739.13623046875,2101.76416015625,29393.4140625,1524583.875,1066894,23690102,2,7.65295696258545,10.4409837722778,7.91539812088013,7.65053176879883,10.2885255813599,14.237232208252,13.8802623748779,16.9805679321289,82.4000015258789,4,20.6000003814697,66.6999969482422,1,1,0,1,1,1,0,1,0,475.096435546875,914.672058105469,18411.453125,799.722229003906,1204.35974121094,392.471496582031,14143.40625,0,8,2,1,3,0,0,0,8892.251953125,9.09293556213379,3.42343163490295,21.0686569213867,Saint-Laurent,NA,,13450,"c(290451.65625, 5041531)"
12315,Cardinal,Côte-Vertu,Cardinal,C¶te-Vertu,22/04/2009,0,995.136962890625,30599.73046875,1663.81506347656,907.180053710938,28028.734375,654525.0625,355939.5625,15357927,1,6.90288019180298,10.32874584198,7.41686820983887,6.81034088134766,10.240984916687,13.3916654586792,12.7825155258179,16.5471420288086,56.5,3,18.7999992370605,51.7000007629395,1,1,0,1,1,0,1,1,0,0,400.682189941406,15928.439453125,320.217315673828,312.820709228516,45.979923248291,14358.4697265625,228.257476806641,5,1,1,1,0,0,0,8957.35546875,9.10023021697998,3.0599730014801,9.9513692855835,Saint-Laurent,NA,,13455,"c(290373.34375, 5041443.5)"
1658,Edouard-Laurin,Marcel-Laurin,Edouard-Laurin,Marcel-Laurin,20/05/2009,0,115.758308410645,41668.328125,5069.08935546875,2565.53393554688,34033.703125,192218.921875,138392.8125,2073517.875,1,4.75150394439697,10.6374969482422,8.53091621398926,7.84992218017578,10.4351072311401,12.1663904190063,11.8378505706787,14.5447568893433,62.2000007629395,3,20.7000007629395,59.5,1,0,1,1,1,1,1,1,0,22054.951171875,51.7866134643555,2625.63427734375,54.8328819274902,16987.740234375,9.13881397247314,0,0,6,1,1,4,0,0,1,9102.5302734375,9.11630725860596,4.16683292388916,1.15758311748505,Saint-Laurent,NA,,13492,"c(290184.75, 5041076)"
13653,Decelles,Marcel-Laurin,Decelles,Marcel-Laurin,15/04/2009,0,809.575073242188,42967.87890625,893.494140625,1509.35986328125,40565.0234375,162616.703125,274730.75,16719977,0,6.69650983810425,10.6682081222534,6.7951397895813,7.3194408416748,10.6106605529785,11.9991512298584,12.5235471725464,16.6321144104004,74.0999984741211,4,18.5,64,1,1,0,1,1,0,1,1,0,24347.2265625,105.096969604492,1274.74438476562,88.6755676269531,16217.7978515625,307.080200195312,1128.10961914062,308.722351074219,5,0,0,2,0,0,0,8994.8232421875,9.10440444946289,4.29678773880005,8.09575080871582,Saint-Laurent,NA,,13493,"c(290284.90625, 5040987)"
8797,Grenet,Thimens,Grenet,Thimens,16/04/2009,0,578.330505371094,13771.3857421875,4998.44580078125,6632.96240234375,2139.97778320312,804811.1875,1341347.75,580566.3125,0,6.36014604568481,9.53034782409668,8.51688194274902,8.79980659484863,7.66855096817017,13.5983629226685,14.109185218811,13.2717590332031,57.4000015258789,3,19.1000003814697,45.7999992370605,1,0,1,1,1,1,0,1,0,5337.35595703125,141.333587646484,0,60.1073875427246,1832.05334472656,129.9619140625,6601.9765625,246.927642822266,4,1,1,0,0,0,1,9516.517578125,9.16078472137451,1.37713861465454,5.78330516815186,Saint-Laurent,NA,,13496,"c(289831.5, 5041605)"
13285,Côte-Vertu,Hocquart,C¶te-Vertu,Hocquart,14/04/2009,0,914.612487792969,36350.3046875,1834.67333984375,2185.50415039062,32330.125,440546.3125,458027,16418754,1,6.81850004196167,10.500958442688,7.5146222114563,7.68960189819336,10.3837547302246,12.9957714080811,13.0346832275391,16.6139354705811,98,4,24.5,81.6999969482422,1,0,1,1,1,1,0,1,0,839.693725585938,272.089019775391,14474.1728515625,181.939056396484,1081.24951171875,134.405426025391,19955.1875,326.179016113281,8,2,1,0,0,0,1,10051.0654296875,9.21543407440186,3.63503050804138,9.14612483978271,Saint-Laurent,NA,,13534,"c(289196.84375, 5040116)"
13281,Côte-Vertu,Duguay / Hill,C¶te-Vertu,Duguay / Hill,28/05/2009,0,1295.84460449219,38055.66015625,1192.49499511719,1497.59509277344,35365.5703125,368765.65625,478709.6875,21051194,1,7.16691780090332,10.5468053817749,7.08380317687988,7.31161594390869,10.4734935760498,12.8179168701172,13.0788497924805,16.8624687194824,98.9000015258789,4,24.7000007629395,78.3000030517578,1,0,1,1,1,1,0,1,0,844.6064453125,331.495147705078,16040.0810546875,280.264068603516,515.321533203125,369.1650390625,20655.650390625,314.920379638672,8,2,1,1,0,0,1,9903.0458984375,9.20059776306152,3.80556607246399,12.9584465026855,Saint-Laurent,NA,,13550,"c(289344.46875, 5040284)"
11478,Bertrand,Côte-Vertu,Bertrand,C¶te-Vertu,15/04/2009,0,441.735687255859,36854.1875,1808.49462890625,2911.18774414062,32134.505859375,109047.90625,431404.625,7439311.5,2,6.09071207046509,10.5147247314453,7.5002498626709,7.97631597518921,10.377685546875,11.5995426177979,12.9748020172119,15.8222894668579,85.1999969482422,4,21.2999992370605,66.5999984741211,1,0,1,1,1,1,0,1,0,107.532112121582,67.3277435302734,14436.6748046875,198.698959350586,1833.91137695312,142.866195678711,20476.0703125,32.8428039550781,8,2,1,2,0,0,1,9820.2119140625,9.19219779968262,3.68541884422302,4.41735696792603,Saint-Laurent,NA,,13551,"c(289428.375, 5040381.5)"
13298,Côte-Vertu,Saint-Amour,C¶te-Vertu,Saint-Amour,27/04/2009,0,92.0913238525391,27790.369140625,2989.14501953125,3067.85986328125,21733.365234375,81965.203125,64036.12890625,1789710.625,0,4.52278089523315,10.2324447631836,8.00274276733398,8.02873516082764,9.98660373687744,11.3140497207642,11.0672025680542,14.3975639343262,98.9000015258789,4,24.7000007629395,57.5,1,0,0,0,0,0,0,0,0,3001.2548828125,7.36730623245239,11877.865234375,60.7802734375,345.134216308594,1.84182596206665,12566.115234375,22.1019172668457,6,0,0,3,0,0,0,11920.1845703125,9.38598823547363,2.77903699874878,0.920913219451904,Saint-Laurent,NA,,13628,"c(287496.53125, 5038221.5)"
13295,Côte-Vertu,Pitfield,C¶te-Vertu,Pitfield,08/04/2009,0,1.6421400308609,23232.802734375,1135.93017578125,1024.48779296875,21072.384765625,3.21059608459473,44.9483489990234,34603.80859375,0,0.495999991893768,10.0533199310303,7.03520679473877,6.93194818496704,9.95571899414062,1.16645705699921,3.80551409721375,10.4517192840576,87.4000015258789,4,21.8999996185303,57.4000015258789,1,0,0,0,0,0,0,0,0,993.205749511719,0,12260.6162109375,0,105.576988220215,0,9873.4033203125,1.6421400308609,6,0,0,2,0,0,0,12080.810546875,9.39937400817871,2.32328033447266,0.0164214000105858,Saint-Laurent,NA,,13629,"c(287359.875, 5038071.5)"
16092,Chemin Saint-François,Liesse Montée de,Chemin Saint-Franþois,Liesse MontÚe de,09/04/2009,0,48.7357177734375,14507.3056640625,5316.05322265625,3648.61352539062,5542.63916015625,70177,48481.46484375,92904.453125,0,3.8864119052887,9.58240795135498,8.57848644256592,8.20210266113281,8.62022590637207,11.1587762832642,10.7889366149902,11.4393272399902,68.8000030517578,4,17.2000007629395,55.9000015258789,0,0,0,0,0,0,0,0,0,3309.703125,9.74714374542236,6938.9501953125,32.490478515625,4117.2783203125,6.49809598922729,141.374099731445,0,4,0,0,3,0,0,0,12105.7060546875,9.40143203735352,1.45073056221008,0.487357169389725,Saint-Laurent,NA,,13634,"c(287234.28125, 5038729)"
8840,Brabant-Marineau,Henri-Bourassa,Brabant-Marineau,Henri-Bourassa,23/04/2009,0,81.2261962890625,43529.6640625,3015.33520507812,6359.8974609375,34154.43359375,29941.47265625,84422.5546875,1442419.5,0,4.39723777770996,10.6811981201172,8.01146602630615,8.75776767730713,10.438648223877,10.3070001602173,11.3435897827148,14.1818323135376,105,4,26.2000007629395,95.3000030517578,1,1,0,1,1,1,0,1,0,234.332397460938,27.616907119751,15351.677734375,35.7395286560059,2769.3828125,11.3716678619385,25174.271484375,6.49809598922729,8,4,1,4,0,0,0,13721.5380859375,9.5267219543457,4.35296630859375,0.812261939048767,Saint-Laurent,NA,,13707,"c(285525.96875, 5040149.5)"
8854,Guenette,Henri-Bourassa,Guenette,Henri-Bourassa,09/04/2009,0,133.210968017578,33710.94140625,3050.19458007812,2926.25,27734.498046875,124485.046875,111243.09375,1936184.875,0,4.89193391799927,10.4255781173706,8.0229606628418,7.98147678375244,10.2304315567017,11.7319412231445,11.6194734573364,14.4762296676636,107.099998474121,4,26.7999992370605,80.1999969482422,1,0,0,0,1,1,0,1,0,753.349609375,6.49809598922729,14778.4345703125,27.616907119751,1675.18615722656,56.8583374023438,16503.97265625,42.237621307373,8,2,1,3,0,0,0,13119.6953125,9.4818696975708,3.37109422683716,1.33210968971252,Saint-Laurent,NA,,13715,"c(286139.28125, 5040777)"
7201,Henri-Bourassa,Thimens,Henri-Bourassa,Thimens,28/04/2009,0,177.021774291992,38662.3359375,3968.41552734375,5824.17724609375,28869.744140625,168648.0625,234177.890625,2967932.5,0,5.17627286911011,10.5626211166382,8.28612232208252,8.66977310180664,10.2705488204956,12.035569190979,12.3638362884521,14.9033756256104,245,4,61.2999992370605,210.699996948242,1,0,0,0,1,1,0,1,0,952.803161621094,40.9772644042969,15154.74609375,54.0899887084961,3723.02563476562,32.781810760498,18831.76171875,49.1727142333984,8,3,1,8,0,0,0,13279.29296875,9.49396133422852,3.86623358726501,1.77021777629852,Saint-Laurent,NA,,13717,"c(285973.6875, 5040611.5)"
7200,Félix-Leclerc,Henri-Bourassa,FÚlix-Leclerc,Henri-Bourassa,09/06/2009,0,210.2451171875,31668.181640625,2363.81005859375,2586.26489257812,26718.10546875,75769.03125,156131.421875,3457553.75,0,5.34827423095703,10.3630676269531,7.76803016662598,7.85797023773193,10.193097114563,11.235445022583,11.9584531784058,15.0560722351074,111.099998474121,4,27.7999992370605,89.4000015258789,1,0,0,0,1,1,0,1,0,325.543823242188,67.2784423828125,14115.9423828125,70.6423645019531,2264.33813476562,13.4556884765625,14962.3564453125,58.8686332702637,8,2,1,2,0,0,0,12818.791015625,9.45866775512695,3.16681814193726,2.10245108604431,Saint-Laurent,NA,,13725,"c(286459.21875, 5041110.5)"
8892,Henri-Bourassa,Sartelon,Henri-Bourassa,Sartelon,08/04/2009,0,11.4949808120728,38007.71484375,864.167175292969,703.846557617188,36439.703125,5348.853515625,1155.81469726562,359034.59375,1,2.44191098213196,10.5455436706543,6.76176595687866,6.55656003952026,10.5034141540527,8.58463764190674,7.05256080627441,12.7911739349365,94.6999969482422,3,31.6000003814697,61.9000015258789,1,1,0,1,1,1,1,1,0,850.481262207031,1.6421400308609,16200.2021484375,8.21070098876953,0,0,20957.03125,1.6421400308609,7,1,1,1,0,0,0,12505.3623046875,9.433913230896,3.80077147483826,0.114949807524681,Saint-Laurent,NA,,13735,"c(286792.375, 5041346)"
8847,Duchesne,Henri-Bourassa,Duchesne,Henri-Bourassa,09/04/2009,1,298.912414550781,34090.5234375,1454.41015625,1493.14282226562,31142.970703125,129792.5234375,151450.3125,5610387.5,0,5.70015096664429,10.4367752075195,7.28235578536987,7.30863809585571,10.3463439941406,11.7736921310425,11.9280128479004,15.5401296615601,70.0999984741211,4,17.5,63.4000015258789,0,0,0,1,1,0,0,0,0,1179.40856933594,108.843101501465,15690.587890625,95.8469161987305,284.684814453125,9.74714374542236,16935.841796875,84.4752426147461,6,0,0,2,0,0,0,11614.44140625,9.36000442504883,3.40905237197876,2.98912405967712,Saint-Laurent,NA,,13772,"c(287738.1875, 5041784.5)"
8870,Henri-Bourassa,Londres,Henri-Bourassa,Londres,23/04/2009,1,164.076919555664,25280.787109375,497.714263916016,877.294006347656,23905.77734375,11115.185546875,51117.8984375,2174788.5,1,5.10033512115479,10.1378002166748,6.21002578735352,6.77684211730957,10.0818748474121,9.31606769561768,10.841890335083,14.5924415588379,57.7999992370605,3,19.2999992370605,51.4000015258789,0,0,0,1,1,1,1,1,0.5,0,42.237621307373,10891.615234375,74.7281036376953,838.561401367188,30.8659553527832,13550.6103515625,16.2452392578125,6,0,0,1,0,0,0,10595.189453125,9.26815509796143,2.52807879447937,1.64076924324036,Saint-Laurent,NA,,13895,"c(288954.21875, 5042736)"
8893,Henri-Bourassa,Sorbone de la,Henri-Bourassa,Sorbone de la,03/09/2009,0,114.915466308594,24917.525390625,175.879699707031,727.586547851562,24014.05859375,4808.744140625,21409.11328125,907261.4375,0,4.74419689178467,10.123327255249,5.1697998046875,6.5897331237793,10.0863952636719,8.47819137573242,9.97157192230225,13.718186378479,54.7999992370605,3,18.2999992370605,52.4000015258789,0,1,0,1,0,0,1,1,1,0,36.206241607666,10662.0126953125,28.3353214263916,740.546142578125,40.9287986755371,13514.966796875,9.44510746002197,6,0,0,1,0,0,0,10441.9677734375,9.25358867645264,2.49175262451172,1.14915466308594,Saint-Laurent,NA,,13897,"c(289140.8125, 5042849.5)"
1720,Gouin,Lalande,Gouin,Lalande,22/01/2009,0,638.58056640625,26612.8359375,1907.83581542969,1166.6015625,23538.3984375,257240.59375,177525.265625,4843699,2,6.45924806594849,10.1891489028931,7.55372476577759,7.06185007095337,10.066388130188,12.4577665328979,12.0868682861328,15.3931894302368,58.2999992370605,4,14.6000003814697,37.0999984741211,0,0,0,0,1,0,1,1,0,1979.43237304688,209.12580871582,9151.7158203125,110.164489746094,86.3369445800781,224.063369750977,15395.3505859375,95.2269287109375,4,0,0,6,0,0,0,16185.2236328125,9.69185352325439,2.66128349304199,6.38580560684204,Pierrefonds-Roxboro,NA,,13985,"c(283065.5, 5040556)"
8610,Alexander,Gouin,Alexander,Gouin,13/01/2009,0,1073.84423828125,25802.578125,1778.12243652344,2809.9755859375,21214.48046875,465447.5,250965.4375,8930116,4,6.97900009155273,10.1582298278809,7.48331308364868,7.94093084335327,9.96243858337402,13.0507545471191,12.4330701828003,16.004940032959,55.5,4,13.8999996185303,38,0,0,1,1,1,0,1,1,0,125.073089599609,484.171875,9217.88671875,52.750244140625,2705.74780273438,169.554351806641,13753.87109375,367.367767333984,4,1,1,6,0,0,1,16237.375,9.69507122039795,2.58025789260864,10.7384424209595,Pierrefonds-Roxboro,NA,,13997,"c(283012.875, 5040532.5)"
9675,Monselet,Saint-Michel,Monselet,Saint-Michel,21/01/2009,1,707.790893554688,14296.6279296875,2164.15869140625,2087.62670898438,10044.8427734375,217224.71875,601104.625,3412691.5,0,6.56214904785156,9.56777858734131,7.67978715896606,7.64378309249878,9.21481513977051,12.2886877059937,13.3065242767334,15.0430116653442,64.6999969482422,3,21.6000003814697,55.9000015258789,1,1,1,1,1,1,1,1,0.5,5244.5771484375,281.228912353516,2366.11865234375,290.666137695312,6685.9326171875,58.5107154846191,0,77.385139465332,6,0,0,2,0,1,0,10897.2373046875,9.2962646484375,1.42966282367706,7.07790899276733,MontrÚal-Nord,NA,,14144,"c(293160.78125, 5049263)"
9500,Prieur,Saint-Michel,Prieur,Saint-Michel,21/01/2009,0,998.45703125,17734.197265625,1641.18908691406,1660.32214355469,14432.685546875,427142.65625,411381.5625,7719079,2,6.90621089935303,9.7832498550415,7.40317583084106,7.41476678848267,9.57725143432617,12.9648733139038,12.9272756576538,15.859206199646,81.9000015258789,4,20.5,67.8000030517578,1,1,0,1,1,0,0,0,1,6698.68798828125,285.003814697266,2361.86669921875,211.3935546875,6804.982421875,266.12939453125,1868.65966796875,235.930297851562,6,0,0,1,0,0,0,10607.51953125,9.26931858062744,1.77341973781586,9.98457050323486,MontrÚal-Nord,NA,,14197,"c(293383.09375, 5049063)"
9452,Amiens d',Pie-IX,Amiens d',Pie-IX,02/02/2009,0,1100.74401855469,50147.80859375,3133.55712890625,2451.49633789062,44562.75390625,961549.875,778373.125,34162868,8,7.00374221801758,10.8227300643921,8.04992389678955,7.80445384979248,10.7046537399292,13.7763023376465,13.5649614334106,17.3466491699219,84.0999984741211,4,21,70,1,0,1,1,0,1,0,1,0,24911.560546875,397.244293212891,3447.3486328125,224.143432617188,21146.0625,377.271118164062,642.836791992188,102.08512878418,6,2,1,3,0,0,1,10924.0166015625,9.29871940612793,5.01478099822998,11.0074405670166,MontrÚal-Nord,NA,,14321,"c(294226.6875, 5049926)"
9461,Martial,Pie-IX,Martial,Pie-IX,17/09/2009,0,380.95263671875,52871.2890625,2451.20751953125,2447.5048828125,47972.578125,340913.75,328311.90625,11176618,0,5.94267511367798,10.8756160736084,7.8043360710144,7.80282402038574,10.7783851623535,12.7393846511841,12.7017192840576,16.2293338775635,67.1999969482422,3,22.3999996185303,61,1,0,1,1,0,1,1,1,0,27566.828125,135.379867553711,0,0,22901.388671875,97.5994415283203,2403.07202148438,147.973342895508,6,1,1,2,0,0,1,11327.5859375,9.33499622344971,5.28712892532349,3.80952644348145,MontrÚal-Nord,NA,,14336,"c(293983.46875, 5050254.5)"
9460,Majeau,Pie-IX,Majeau,Pie-IX,09/04/2009,0,794.392211914062,51314.921875,1355.64196777344,381.516387939453,49577.765625,369100.9375,96645.171875,16913456,1,6.67757701873779,10.8457374572754,7.21202993392944,5.94415378570557,10.8112983703613,12.8188247680664,11.4788017272949,16.6436195373535,64.4000015258789,3,21.5,60.7000007629395,1,0,1,1,0,1,1,1,0,26512.484375,113.716674804688,1307.22619628906,453.2421875,23495.212890625,227.433349609375,0,0,6,1,1,4,0,0,1,10435.3408203125,9.25295352935791,5.13149213790894,7.94392204284668,MontrÚal-Nord,NA,,14353,"c(294521.09375, 5049527.5)"
9458,Larin,Pie-IX,Larin,Pie-IX,09/04/2009,0,534.468383789062,54361.2421875,3038.57470703125,1832.05334472656,49490.6171875,302258.8125,180051.53125,11213124,1,6.28127288818359,10.9034070968628,8.01914405822754,7.51319313049316,10.8095378875732,12.6190385818481,12.1009979248047,16.2325954437256,81.5999984741211,4,20.3999996185303,72.3000030517578,1,0,1,1,1,1,0,1,0,27560.201171875,162.452392578125,929.583068847656,227.433349609375,24444.162109375,63.3564338684082,1427.29736328125,81.2261962890625,6,2,1,4,0,0,1,10377.4052734375,9.24738597869873,5.43612432479858,5.34468364715576,MontrÚal-Nord,NA,,14354,"c(294556.375, 5049480.5)"
3308,Industriel,Pie-IX,Industriel,Pie-IX,07/07/2009,0,318.032806396484,73001.859375,1462.39514160156,8292.421875,63247.0390625,198191.609375,692330.625,8770602,3,5.76215505599976,11.1982402801514,7.28783082962036,9.02309703826904,11.0548038482666,12.1969900131226,13.4478187561035,15.9869155883789,100,4,25,74.4000015258789,1,0,0,0,0,1,1,1,0,27638.6484375,90.350227355957,9192.1982421875,135.525344848633,26875.390625,30.7190761566162,9295.62109375,61.4381561279297,6,1,1,4,0,0,0,10206.7421875,9.23080348968506,7.30018615722656,3.18032813072205,MontrÚal-Nord,NA,,14355,"c(294661.28125, 5049342.5)"
9455,Charleroi de,Pie-IX,Charleroi de,Pie-IX,06/02/2009,0,855.604797363281,56005.890625,5720.27099609375,3498.22338867188,46787.3984375,917351.8125,999219.5,28954060,3,6.75180912017822,10.9332122802734,8.65177059173584,8.16001129150391,10.7533693313599,13.7292461395264,13.8147296905518,17.1812210083008,81.5,4,20.3999996185303,67.8000030517578,1,0,0,0,0,1,1,1,0,28738.623046875,399.417388916016,4845.1787109375,111.512474060059,22422.08984375,220.997436523438,0,123.677467346191,6,1,1,3,0,0,0,11414.56640625,9.3426456451416,5.60058927536011,8.55604839324951,MontrÚal-Nord,NA,,14393,"c(293931.15625, 5050325)"
8862,Archevêque l',Henri-Bourassa,ArchevÛque l',Henri-Bourassa,27/04/2009,0,768.041625976562,41648.21484375,365.317504882812,795.221557617188,40487.67578125,99399.8671875,203781.0625,16160227,5,6.64384412765503,10.6370143890381,5.90076684951782,6.6786208152771,10.6087532043457,11.5069055557251,12.2248010635376,16.5980644226074,82.9000015258789,4,20.7000007629395,68.1999969482422,1,0,0,0,0,1,1,1,0,1206.96057128906,53.4129676818848,19648.431640625,243.12109375,0,314.952331542969,20792.822265625,156.555252075195,6,0,0,0,0,0,0,12152.1884765625,9.40526485443115,4.16482162475586,7.68041610717773,MontrÚal-Nord,NA,,14468,"c(294274.25, 5051312)"
8838,Bellevois,Henri-Bourassa,Bellevois,Henri-Bourassa,27/04/2009,0,745.939758300781,41797.5703125,371.372497558594,563.113708496094,40863.0859375,112050.21875,1828.96643066406,13076158,2,6.61464500427246,10.6405935287476,5.91720581054688,6.33348178863525,10.6179819107056,11.6267023086548,7.51150608062744,16.3863010406494,84.1999969482422,4,21.1000003814697,68.8000030517578,1,0,0,0,0,1,1,1,0,0,7.36730623245239,19597.97265625,0,1178.70397949219,419.936431884766,21020.89453125,318.635986328125,6,0,0,4,0,0,0,12151.0322265625,9.40516948699951,4.1797571182251,7.45939779281616,MontrÚal-Nord,NA,,14469,"c(294209.125, 5051281.5)"
9297,Lacordaire,Maurice-Duplessis,Lacordaire,Maurice-Duplessis,01/06/2009,0,1226.60974121094,19419.572265625,3297.84301757812,2991.28833007812,13130.44140625,644254.5,1184823.75,7617771,5,7.11200904846191,9.87403678894043,8.10102367401123,8.00345897674561,9.48268890380859,13.3758487701416,13.9851045608521,15.8459939956665,63.2999992370605,3,21.1000003814697,69.0999984741211,1,0,0,0,0,0,0,0,1,4784.9189453125,383.669891357422,5786.45751953125,423.359893798828,7486.7890625,151.199966430664,1361.40747070312,268.379943847656,6,0,0,0,1,0,0,12915.70703125,9.46619987487793,1.9419572353363,12.2660970687866,MontrÚal-Nord,NA,,14521,"c(295027.78125, 5052431)"
16045,Léger,Salk,LÚger,Salk,12/03/2009,0,464.117980957031,23140.5390625,878.242736816406,612.458740234375,21649.837890625,97339.421875,71301.21875,5161954,1,6.14013910293579,10.0493412017822,6.77792310714722,6.41748189926147,9.98275279998779,11.4859590530396,11.1746692657471,15.456826210022,107.900001525879,4,27,73.0999984741211,1,0,0,0,0,0,0,0,0,912.91015625,76.796501159668,11370.931640625,93.4913940429688,677.941711425781,148.584533691406,10178.755859375,145.245559692383,6,0,0,0,0,0,0,12975.5048828125,9.47081851959229,2.31405401229858,4.64118003845215,MontrÚal-Nord,NA,,14575,"c(294433.59375, 5052273.5)"
9294,Désy,Maurice-Duplessis,DÚsy,Maurice-Duplessis,01/06/2009,0,2984.30932617188,13547.4326171875,1001.53894042969,1210.98620605469,11334.9072265625,762787.9375,1001722.625,16047308,1,8.00112438201904,9.51395225524902,6.90929317474365,7.09919023513794,9.33564186096191,13.544734954834,13.817232131958,16.5910511016846,67.5,4,16.8999996185303,46.7000007629395,0,0,0,0,0,0,1,1,1,1715.56384277344,1003.58972167969,6226.296875,895.859741210938,1780.30212402344,619.919860839844,3825.26928710938,464.939880371094,3,0,0,0,0,0,0,12982.7412109375,9.47137641906738,1.35474324226379,29.8430938720703,MontrÚal-Nord,NA,,14641,"c(295203.59375, 5052561)"
12703,Charleroi de,Lacordaire,Charleroi de,Lacordaire,17/04/2009,0,1561.53894042969,46869.45703125,5778.970703125,6772.26220703125,34318.2265625,2028938.125,2074407,36237724,8,7.35342693328857,10.7551221847534,8.66198062896729,8.82059001922607,10.443431854248,14.5230226516724,14.5451860427856,17.405611038208,95.5999984741211,4,23.8999996185303,75,1,1,0,1,1,1,0,1,0,16007.8876953125,837.981018066406,5006.18994140625,291.105865478516,20255.203125,299.519317626953,5600.17822265625,132.932723999023,8,2,1,2,0,0,0,11911.0419921875,9.38522148132324,4.68694591522217,15.6153898239136,MontrÚal-Nord,NA,,14684,"c(295659.25, 5051582)"
1652,Industriel,Lacordaire,Industriel,Lacordaire,06/04/2009,0,594.909973144531,51564.265625,10584.1162109375,10305.5869140625,30674.560546875,1429567.75,549589.5625,8430632,1,6.38841009140015,10.8505840301514,9.26710987091064,9.24044132232666,10.3311891555786,14.1728830337524,13.216926574707,15.9473819732666,95.9000015258789,4,24,82.0999984741211,1,0,0,0,0,1,1,1,0,18362.755859375,243.12109375,0,239.437438964844,22764.73046875,31.3110504150391,10436.7783203125,81.0403671264648,7,1,1,2,0,0,0,11791.064453125,9.37509727478027,5.15642642974854,5.94909954071045,MontrÚal-Nord,NA,,14690,"c(295734.0625, 5051479.5)"
8845,Désy,Henri-Bourassa,DÚsy,Henri-Bourassa,06/02/2009,0,2767.53686523438,45500.49609375,3410.28515625,2282.10278320312,39808.109375,2300026.5,1625833.625,66968236,4,7.92571306228638,10.7254791259766,8.13455104827881,7.73285293579102,10.5918264389038,14.6484308242798,14.3015308380127,18.0197296142578,88,4,22,60.5,1,1,0,1,1,1,0,1,0,3412.43017578125,460.242370605469,20148.56640625,851.5498046875,1267.59655761719,596.084838867188,20671.904296875,859.659790039062,8,3,1,4,0,0,0,12283.5126953125,9.41601276397705,4.55004978179932,27.6753692626953,MontrÚal-Nord,NA,,14706,"c(295645.1875, 5051967.5)"
16002,Lavoisier,Viau,Lavoisier,Viau,17/06/2009,0,1609.26135253906,16546.513671875,2106.35595703125,1868.42260742188,12571.736328125,795140.25,739770.1875,10416927,2,7.38353109359741,9.7139310836792,7.65271520614624,7.53284978866577,9.43920612335205,13.5862741470337,13.5140953063965,16.1589431762695,79.5999984741211,4,19.8999996185303,65.5999984741211,1,0,0,0,0,0,0,0,0,4828.75634765625,289.835540771484,2665.22265625,448.234039306641,6108.80126953125,571.245666503906,2943.73388671875,299.946075439453,4,0,0,3,0,0,0,9949.1796875,9.20524501800537,1.65465140342712,16.0926132202148,St-LÚonard,NA,,14980,"c(296162.40625, 5049683)"
17614,Valéry,Viau,ValÚry,Viau,18/06/2009,0,1240.25793457031,15458.197265625,1816.03210449219,1741.12536621094,11901.0390625,534957.6875,589891.625,7931900.5,2,7.12307500839233,9.64589500427246,7.50440883636475,7.46228694915771,9.38438129425049,13.1899433135986,13.287693977356,15.8864030838013,75.6999969482422,4,18.8999996185303,62.4000015258789,1,0,0,0,0,0,0,0,0.5,5250.78125,305.063446044922,1487.17321777344,361.741912841797,7488.8486328125,371.743988037109,1231.39404296875,201.708618164062,3,0,0,1,0,0,0,9670.33203125,9.17681789398193,1.5458197593689,12.4025793075562,St-LÚonard,NA,,15021,"c(296467.5, 5049486)"
9014,Jean-Rivard,Viau,Jean-Rivard,Viau,22/06/2009,0,568.889831542969,17643.078125,1862.17687988281,1233.8349609375,14547.0673828125,280236.75,176231.1875,3967531.75,1,6.34368705749512,9.77809906005859,7.52950096130371,7.11788177490234,9.58514499664307,12.5433902740479,12.0795516967773,15.1936550140381,77.8000030517578,4,19.5,62.9000015258789,1,0,0,0,0,0,0,0,1,6407.18359375,128.519973754883,1157.67236328125,139.859970092773,8591.1474609375,141.749969482422,1487.07580566406,158.759963989258,4,0,0,0,0,0,0,8874.3974609375,9.09092617034912,1.76430785655975,5.68889808654785,St-LÚonard,NA,,15073,"c(296954.53125, 5048797)"
10738,Arthur-Péloquin,Viau,Arthur-PÚloquin,Viau,22/06/2009,0,236.249938964844,14400.4541015625,239.912368774414,325.595336914062,13834.9462890625,39222.0625,20663.646484375,549706.25,0,5.46489000320435,9.5750150680542,5.48027420043945,5.78565502166748,9.53495311737061,10.5769948959351,9.93613052368164,13.2171392440796,56,3,18.7000007629395,48.7999992370605,1,0,0,0,0,1,1,1,1,6616.630859375,22.6799945831299,291.322143554688,192.77995300293,7492.5009765625,17.0099964141846,0,3.77999901771545,4,0,0,1,0,0,0,8998.580078125,9.10482215881348,1.44004535675049,2.36249947547913,St-LÚonard,NA,,15105,"c(296846.8125, 5048896.5)"
13435,D'Artagnan,Viau,D'Artagnan,Viau,22/06/2009,0,1135.8896484375,15240.1474609375,1285.24475097656,1171.00085449219,12783.9013671875,350742.1875,275968.71875,7557712.5,1,7.03517198562622,9.63168811798096,7.15870380401611,7.06561422348022,9.45594215393066,12.7678070068359,12.5280427932739,15.8380794525146,74.1999969482422,4,18.6000003814697,50.4000015258789,1,0,0,0,0,0,0,0,0,6426.22412109375,396.89990234375,279.897766113281,351.539916992188,7650.53857421875,194.669952392578,883.48681640625,192.77995300293,4,0,0,3,0,0,0,9131.9853515625,9.11953830718994,1.52401471138,11.3588962554932,St-LÚonard,NA,,15110,"c(296782.40625, 5049017)"
15489,Jean-Nicolet,Viau,Jean-Nicolet,Viau,19/06/2009,0,833.997863769531,15084.7763671875,1086.98840332031,873.338989257812,13124.4482421875,193903.90625,125878.96875,5461550,2,6.72623109817505,9.62144088745117,6.99116611480713,6.7723240852356,9.48223209381104,12.1751184463501,11.7430763244629,15.5132427215576,56.7000007629395,3,18.8999996185303,50.4000015258789,1,0,0,0,0,1,1,1,1,6833.0341796875,167.490249633789,1049.50610351562,110.509033203125,7202.23583984375,248.645324707031,0,307.353240966797,4,0,0,2,0,0,0,9294.2744140625,9.13715362548828,1.50847768783569,8.33997821807861,St-LÚonard,NA,,15111,"c(296756.09375, 5049178)"
7208,Métropolitain Sud,Provencher,MÚtropolitain Sud,Provencher,27/03/2009,0,560.282836914062,33339.0546875,4864.04443359375,1859.08447265625,26615.92578125,861854.5625,185443.515625,9628386,1,6.32844209671021,10.4144849777222,8.48962593078613,7.52783918380737,10.1892652511597,13.6668424606323,12.1305055618286,16.0802268981934,42.7000007629395,3,14.1999998092651,46.7999992370605,0,0,0,0,0,0,1,1,0,8194.986328125,24.209753036499,0,283.599975585938,2562.4150390625,65.7121887207031,22581.654296875,186.760955810547,4,0,0,1,1,0,0,8028.56396484375,8.99076080322266,3.33390545845032,5.60282850265503,St-LÚonard,NA,,15157,"c(297132.40625, 5047969)"
7207,Métropolitain Nord,Provencher,MÚtropolitain Nord,Provencher,27/03/2009,0,479.007263183594,36855.70703125,4565.7216796875,3030.6435546875,29259.341796875,100097.8203125,329476.5625,8590709,0,6.17171621322632,10.5147657394409,8.42633247375488,8.01653003692627,10.283953666687,11.5139026641846,12.7052602767944,15.9661922454834,44.2999992370605,3,14.8000001907349,47.0999984741211,0,0,0,0,0,0,1,1,0,5952.62646484375,124.507301330566,26558.6328125,261.119476318359,4344.44921875,1.72926795482635,0,91.6512069702148,3,0,0,1,1,0,0,8066.11376953125,8.99542713165283,3.68557071685791,4.79007244110107,St-LÚonard,NA,,15161,"c(297092.625, 5047997)"
1631,Métropolitain Sud,Viau,MÚtropolitain Sud,Viau,21/04/2009,0,324.539916992188,31950.5390625,6148.16845703125,4779.3525390625,21023.017578125,537533.875,650204.6875,2441264.75,0,5.78240919113159,10.3719444274902,8.72391033172607,8.47206020355225,9.95337295532227,13.1947469711304,13.3850431442261,14.7080268859863,68.9000015258789,4,17.2000007629395,59.5999984741211,1,0,0,0,0,1,1,1,0,14251.7880859375,0,0,136.044509887695,15195.005859375,114.736335754395,2503.74438476562,73.7590713500977,6,1,1,0,0,0,0,8430.6240234375,9.039626121521,3.19505381584167,3.24539923667908,St-LÚonard,NA,,15166,"c(297480.90625, 5048467.5)"
1792,Métropolitain Nord,Viau,MÚtropolitain Nord,Viau,21/04/2009,0,304.870849609375,26296.984375,10237.3623046875,0,16059.6220703125,373816.09375,0,1816214.125,0,5.71988821029663,10.177209854126,9.23379898071289,0,9.68406295776367,12.8315191268921,0,14.4122648239136,69.4000015258789,4,17.2999992370605,59.5999984741211,1,0,0,0,0,1,1,1,0,8210.9775390625,111.458152770996,6334.1279296875,104.901794433594,11751.8779296875,0,0,88.5108871459961,6,1,1,0,0,0,0,8505.2783203125,9.04844188690186,2.62969851493835,3.04870843887329,St-LÚonard,NA,,15167,"c(297391.28125, 5048524.5)"
11812,Bourdaloue,Lacordaire,Bourdaloue,Lacordaire,25/03/2009,0,818.482604980469,27604.177734375,1172.45324707031,1040.236328125,25391.48828125,287064.53125,242891.671875,8356158.5,0,6.70745182037354,10.2257223129272,7.06685400009155,6.94720315933228,10.1421689987183,12.5674619674683,12.4003705978394,15.9385089874268,67.6999969482422,3,22.6000003814697,60.0999984741211,1,0,0,0,0,1,1,1,1,13890.5576171875,205.886337280273,1075.23498535156,297.016357421875,12636.44140625,123.194290161133,1.94436705112457,192.385604858398,7,1,1,0,0,0,0,9055.0458984375,9.11107730865479,2.76041769981384,8.1848258972168,St-LÚonard,NA,,15335,"c(298772.1875, 5049266.5)"
9151,Jean-Talon,Mainville,Jean-Talon,Mainville,21/09/2009,0,1124.39465332031,12923.5615234375,590.41650390625,740.914794921875,11592.2294921875,193910.265625,330928.5,6889527.5,1,7.02500009536743,9.46680736541748,6.38082790374756,6.60788583755493,9.3580904006958,12.1751508712769,12.7096576690674,15.7455129623413,53.7000007629395,4,13.3999996185303,37.4000015258789,0,0,0,0,0,0,0,0,0.5,764.068420410156,530.07177734375,6766.63623046875,223.094177246094,0,0,5392.8564453125,371.228729248047,4,0,0,0,0,0,0,9239.4892578125,9.13124179840088,1.292356133461,11.2439460754395,St-LÚonard,NA,,15338,"c(298515.9375, 5049434.5)"
6044,Jean-Talon,Lacordaire,Jean-Talon,Lacordaire,25/03/2009,0,3088.29516601562,43759.921875,5634.775390625,5905.04248046875,32220.10546875,4690543,2808182.5,60568840,10,8.03537368774414,10.6864738464355,8.6367130279541,8.68356227874756,10.3803462982178,15.3610591888428,14.848048210144,17.9192905426025,90.6999969482422,4,22.7000007629395,73.6999969482422,1,1,0,1,1,1,0,1,0,17300.9765625,943.364501953125,6519.46240234375,777.980346679688,12947.5400390625,1262.31958007812,6991.94384765625,104.630760192871,8,2,1,3,0,0,0,9056.10546875,9.1111946105957,4.37599229812622,30.8829517364502,St-LÚonard,NA,,15343,"c(298503.1875, 5049249.5)"
9142,Langelier,Lotbinière de,Langelier,LotbiniÞre de,24/09/2009,0,382.526824951172,24108.478515625,2025.39367675781,2017.98815917969,20065.09765625,186413.15625,160585.828125,4487371.5,1,5.94679880142212,10.0903186798096,7.61351919174194,7.60985612869263,9.90673732757568,12.135721206665,11.9865837097168,15.3167781829834,63.7000007629395,4,15.8999996185303,60.2000007629395,1,0,0,0,0,0,0,0,0,10175.103515625,163.715179443359,1394.07800292969,39.3546104431152,11645.087890625,61.393196105957,894.209411621094,118.063835144043,6,0,0,3,0,0,0,9920.609375,9.20236968994141,2.41084790229797,3.82526826858521,St-LÚonard,NA,,15394,"c(299235.90625, 5050144.5)"
9016,Jean-Talon,Provencher,Jean-Talon,Provencher,15/09/2009,0,1210.28442382812,19529.27734375,2036.13232421875,1568.79321289062,15924.3505859375,660138.25,542221.375,9012054,1,7.09861087799072,9.87967014312744,7.61880683898926,7.35806179046631,9.67560482025146,13.4002046585083,13.2034301757812,16.0140743255615,78.0999984741211,4,19.5,56.9000015258789,1,0,0,0,1,0,0,0,0,2470.48291015625,290.658843994141,8069.388671875,373.250427246094,2081.94995117188,378.015319824219,6907.455078125,168.359771728516,4,0,0,4,0,0,0,7792.9072265625,8.96096897125244,1.95292770862579,12.1028442382812,St-LÚonard,NA,,15508,"c(297974.4375, 5047912)"
9019,Buies,Jean-Talon,Buies,Jean-Talon,15/09/2009,0,635.319885253906,16485.158203125,1160.1005859375,1273.72814941406,14051.3291015625,251843.5625,348848.65625,4887470.5,2,6.45412921905518,9.71021556854248,7.05626201629639,7.14970302581787,9.55047225952148,12.436562538147,12.7623929977417,15.4021854400635,46.4000015258789,3,15.5,38.5999984741211,0,0,0,0,0,1,1,1,0,1114.28308105469,287.482238769531,8749.3212890625,208.067260742188,0,0,6621.5537109375,139.770370483398,4,0,0,3,0,0,0,7952.72216796875,8.98126983642578,1.64851582050323,6.35319900512695,St-LÚonard,NA,,15509,"c(298072.6875, 5048089.5)"
15297,Honoré-Mercier,Lacordaire,HonorÚ-Mercier,Lacordaire,22/10/2009,0,394.939239501953,30611.220703125,1366.70263671875,1209.77819824219,28034.73828125,94778.859375,184083.875,8103775,0,5.97873210906982,10.3291215896606,7.22015619277954,7.09819221496582,10.2412004470825,11.4593019485474,12.1231470108032,15.9078407287598,68.1999969482422,3,22.7000007629395,58.5999984741211,1,0,0,0,0,1,1,1,0,13435.2890625,245.366500854492,1204.30407714844,105.877326965332,15971.626953125,43.6954040527344,0,0,7,2,1,0,0,0,0,10696.8935546875,9.27770900726318,3.06112217903137,3.94939231872559,St-LÚonard,NA,,15607,"c(296579.96875, 5050583)"
9149,Langelier,Magloire,Langelier,Magloire,19/03/2009,0,125.211685180664,20097.505859375,957.20751953125,947.57763671875,18192.720703125,31276.07421875,34854.80078125,394843.15625,0,4.83000612258911,9.90835094451904,6.86401987075806,6.85390901565552,9.80877685546875,10.3506088256836,10.4589462280273,12.8862438201904,76.5,4,19.1000003814697,49.0999984741211,1,0,0,0,0,0,0,0,1,9560.51953125,10.0169353485107,949.503601074219,58.4321212768555,9587.482421875,11.6864242553711,0,45.0762062072754,4,0,0,6,0,0,0,10594.640625,9.26810359954834,2.00975060462952,1.25211679935455,St-LÚonard,NA,,15633,"c(298038.71875, 5050749.5)"
13332,Couture,Lacordaire,Couture,Lacordaire,02/10/2009,0,1262.05749511719,40939.30859375,4825.41796875,3627.486328125,32486.40625,1681919.75,1201647.25,21646350,6,7.14049911499023,10.6198463439941,8.48165321350098,8.1962947845459,10.3885774612427,14.3354463577271,13.9992036819458,16.8903465270996,94.6999969482422,4,23.7000007629395,75,1,0,0,0,0,1,0,1,0,17151.009765625,452.599914550781,4110.40234375,440.41455078125,15788.36328125,224.559188842773,3889.53393554688,144.483825683594,8,2,1,4,0,0,0,10925.1748046875,9.29882526397705,4.09393072128296,12.6205749511719,St-LÚonard,NA,,15718,"c(296319.40625, 5050749.5)"
7826,Bélanger,Halles des,BÚlanger,Halles des,16/06/2004,1,669.427795410156,12835.8095703125,2883.26000976562,3095.3388671875,6857.21044921875,795477.5,307412.5625,1799648.25,0,6.506422996521,9.45999431610107,7.96667718887329,8.03765296936035,8.83305644989014,13.5866975784302,12.6359462738037,14.4031019210815,46.9000015258789,4,11.6999998092651,36.5999984741211,0,0,0,1,1,0,0,0,0,3246.82348632812,296.67822265625,4393.05810546875,235.821151733398,0,110.303443908691,5195.927734375,26.6249694824219,4,0,0,0,0,0,0,10419.9658203125,9.25147914886475,1.28358089923859,6.6942777633667,Anjou,NA,,15859,"c(299775.90625, 5050630.5)"
9029,Halles Est des,Jean-Talon,Halles Est des,Jean-Talon,11/06/2009,1,1603.66687011719,19145.0703125,2546.82983398438,3613.79418945312,12984.447265625,847499.625,2368404.75,12566752,2,7.38004779815674,9.85980129241943,7.84260511398315,8.19251441955566,9.47150802612305,13.6500463485718,14.6777267456055,16.346565246582,49.7000007629395,3,16.6000003814697,43.2000007629395,0,0,0,1,1,1,1,1,0,0,0,8124.642578125,721.816833496094,2839.14892578125,635.132080078125,8181.279296875,246.717987060547,4,0,0,1,0,0,0,10629.267578125,9.27136611938477,1.91450703144073,16.0366687774658,Anjou,NA,,15912,"c(299323.3125, 5050853)"
9703,Galeries d'Anjou les,Saint-Zotique,Galeries d'Anjou les,Saint-Zotique,14/10/2009,0,1107.62854003906,18215.001953125,2768.72436523438,2335.82348632812,13110.453125,742614.0625,664431.1875,6794190,0,7.00997686386108,9.81000137329102,7.92614221572876,7.75612020492554,9.48116493225098,13.5179319381714,13.4066867828369,15.73157787323,78.9000015258789,4,19.7000007629395,63.2000007629395,1,0,0,0,0,0,0,0,0,6301.93359375,275.208312988281,2949.25341796875,287.100036621094,7856.69287109375,229.340255737305,1107.12133789062,315.979919433594,6,0,0,3,0,0,0,10512.7666015625,9.26034545898438,1.82150018215179,11.0762853622437,Anjou,NA,,16159,"c(300156.90625, 5050697.5)"
7195,Beaubien,Galeries d'Anjou les,Beaubien,Galeries d'Anjou les,14/04/2009,0,1911.17956542969,27470.25390625,6449.15478515625,5691.896484375,15329.203125,3440596.25,2507130.75,14793272,8,7.55547618865967,10.2208585739136,8.77170372009277,8.64679908752441,9.6375150680542,15.051155090332,14.7346496582031,16.5096836090088,106,4,26.5,93.5999984741211,1,1,0,1,1,0,0,0,0,5049.6650390625,640.884399414062,8719.01171875,513.035339355469,5289.3037109375,283.562652587891,8412.2744140625,473.697174072266,6,3,1,5,0,0,0,10422.0234375,9.25167655944824,2.74702548980713,19.111795425415,Anjou,NA,,16174,"c(300401.4375, 5050582)"
16917,Pierrefonds,Sainte-Anne,Pierrefonds,Sainte-Anne,13/01/2009,0,568.949035644531,23355.314453125,1999.0849609375,1773.95336914062,19582.27734375,310065.34375,248436.34375,6123226.5,4,6.34379100799561,10.0585803985596,7.60044479370117,7.48096609115601,9.88237953186035,12.6445379257202,12.4229421615601,15.6275997161865,99.3000030517578,4,24.7999992370605,59.5999984741211,0,1,0,1,1,0,0,0,0,1461.27062988281,186.509780883789,10306.0224609375,190.27766418457,935.963623046875,67.8217391967773,10652.05859375,124.339859008789,6,2,1,1,0,0,0,23622.109375,10.069938659668,2.33553147315979,5.68949031829834,Pierrefonds-Roxboro,NA,,19157,"c(275793.71875, 5037407.5)"
16803,Paiement,Pierrefonds,Paiement,Pierrefonds,14/01/2009,0,239.705184936523,26314.298828125,2661.61767578125,1875.03735351562,21777.64453125,191307.96875,142800.859375,2396879,1,5.47941017150879,10.1778678894043,7.88668918609619,7.53638410568237,9.98863887786865,12.1616401672363,11.8692064285278,14.6896781921387,77.3000030517578,4,19.2999992370605,46.2999992370605,0,0,0,0,1,0,0,0,0,1843.14892578125,107.58422088623,12455.60546875,77.385139465332,735.558837890625,22.6493091583252,11279.986328125,32.0865211486816,6,2,1,3,0,0,0,23091.150390625,10.0472049713135,2.63142991065979,2.39705181121826,Pierrefonds-Roxboro,NA,,19181,"c(276274.9375, 5037885)"
16916,Pierrefonds,Saint-Pierre,Pierrefonds,Saint-Pierre,25/11/2008,0,152.393768310547,29762.30078125,1596.17639160156,1714.94482421875,26451.1796875,54736.9140625,69679.796875,2057208.25,1,5.02646780014038,10.3009977340698,7.3753662109375,7.44713592529297,10.1830558776855,10.9102935791016,11.151665687561,14.5368604660034,87.5,4,21.8999996185303,58.5,0,0,0,0,1,0,0,0,0,1184.08581542969,49.6936225891113,13037.5400390625,26.5032653808594,709.011840820312,24.8468112945557,14831.6640625,51.3500747680664,6,1,1,0,0,0,0,22646.41015625,10.027756690979,2.97623014450073,1.52393770217896,Pierrefonds-Roxboro,NA,,19240,"c(276683.625, 5038290)"
15139,Harry-Worth,Pierrefonds,Harry-Worth,Pierrefonds,03/12/2008,0,325.987213134766,34796.80859375,1128.81042480469,1013.66424560547,32654.333984375,99078.625,77310.7109375,5782293,1,5.78685808181763,10.4572811126709,7.02892017364502,6.92132711410522,10.3937330245972,11.5036687850952,11.2555875778198,15.5703105926514,87.0999984741211,4,21.7999992370605,58.9000015258789,0,0,0,0,1,0,0,0,0,500.225372314453,95.7587432861328,15323.884765625,73.3471221923828,828.675231933594,52.9729232788086,18144.0234375,103.908424377441,6,2,1,0,0,0,0,22355.103515625,10.0148096084595,3.47968077659607,3.25987219810486,Pierrefonds-Roxboro,NA,,19284,"c(276943, 5038718)"
16909,Pierrefonds,René-Émard,Pierrefonds,RenÚ-?mard,02/12/2008,0,961.910034179688,25633.59765625,2017.51904296875,1686.20166015625,21929.876953125,461245,460194.8125,10318187,4,6.86892080307007,10.1516590118408,7.60962390899658,7.4302339553833,9.99560546875,13.0416851043701,13.0394048690796,16.1494197845459,83.4000015258789,4,20.8999996185303,66.8000030517578,0,0,1,1,1,0,0,0,0,1064.28759765625,130.152725219727,10276.390625,244.036361694336,1212.3623046875,361.987274169922,13080.556640625,225.733642578125,6,2,1,2,0,0,1,21819.501953125,9.99055957794189,2.56335973739624,9.61910057067871,Pierrefonds-Roxboro,NA,,19590,"c(277446.84375, 5039313)"
16911,Pierrefonds,Richmond,Pierrefonds,Richmond,04/12/2008,0,290.241149902344,25932.025390625,2081.06884765625,1879.13232421875,21971.82421875,123427.6171875,159467.375,3770679.5,3,5.67071199417114,10.163233757019,7.64063692092896,7.53856515884399,9.99751567840576,11.72340965271,11.9795951843262,15.1427659988403,82.8000030517578,4,20.7000007629395,67.3000030517578,0,1,0,1,1,0,0,0,0,1626.71154785156,58.4513397216797,10758.7333984375,12.0933809280396,901.235595703125,58.4513397216797,12645.345703125,161.245071411133,6,2,1,0,0,0,0,21536.88671875,9.97752285003662,2.59320259094238,2.90241146087646,Pierrefonds-Roxboro,NA,,19598,"c(277719.78125, 5039589.5)"
14677,Fredmir,Pierrefonds,Fredmir,Pierrefonds,02/12/2008,0,388.424560546875,27332.755859375,2495.06005859375,2234.07836914062,22603.6171875,228068.546875,205999.453125,5100002.5,1,5.96209907531738,10.215841293335,7.8220682144165,7.71158409118652,10.0258646011353,12.3374013900757,12.2356290817261,15.444751739502,87.8000030517578,4,22,60.0999984741211,1,0,0,0,1,0,0,0,0,2102.662109375,83.3790893554688,11335.125,87.4463653564453,1421.51794433594,75.2445449829102,12473.4501953125,142.354553222656,6,2,1,5,0,0,0,20893.716796875,9.94720363616943,2.73327565193176,3.88424563407898,Pierrefonds-Roxboro,NA,,19775,"c(278353.8125, 5040130.5)"
16878,Perron,Pierrefonds,Perron,Pierrefonds,21/01/2009,0,239.705184936523,29575.41796875,2242.81665039062,1851.65246582031,25480.94921875,153088.90625,125145.859375,3884786.25,1,5.47941017150879,10.29469871521,7.71548795700073,7.52383422851562,10.1456861495972,11.9387741088867,11.7372350692749,15.1725778579712,85.5,4,21.3999996185303,60.7999992370605,1,0,0,0,1,0,0,0,0,1804.8828125,73.6102523803711,13138.0166015625,81.160026550293,299.750854492188,13.2120971679688,14332.7685546875,71.7228088378906,6,2,1,0,0,0,0,20599.888671875,9.93304061889648,2.95754170417786,2.39705181121826,Pierrefonds-Roxboro,NA,,19789,"c(278647.53125, 5040286)"
8747,Gouin,Sources des,Gouin,Sources des,21/01/2009,0,1340.08410644531,16732.900390625,3278.12646484375,2442.65063476562,11012.1240234375,1470344.5,571207.4375,7049047.5,4,7.20048809051514,9.72513198852539,8.09502696990967,7.80083894729614,9.30675220489502,14.2010068893433,13.2555084228516,15.7684030532837,65.3000030517578,4,16.2999992370605,64.8000030517578,1,0,0,0,1,0,0,0,0,4917.18994140625,188.744247436523,3161.20239257812,262.3544921875,4464.37451171875,152.882843017578,4190.13427734375,736.1025390625,7,2,1,6,0,0,0,19597.15625,9.88313961029053,1.67329001426697,13.4008407592773,Pierrefonds-Roxboro,NA,,20223,"c(279665.96875, 5041011)"
16918,Pierrefonds,Sources des,Pierrefonds,Sources des,13/01/2009,0,649.958374023438,40775.9140625,10178.865234375,8173.5263671875,22423.521484375,2061097.5,1714089.375,7558464,11,6.4769082069397,10.6158466339111,9.22806930541992,9.0086555480957,10.0178661346436,14.5387487411499,14.3543930053711,15.8381786346436,117.099998474121,4,29.2999992370605,95,1,1,0,1,1,1,0,1,0,5726.26318359375,37.6787452697754,8842.66796875,150.714981079102,12607.3671875,246.795776367188,13599.6142578125,214.768844604492,8,4,1,8,0,0,0,19454.03125,9.87580966949463,4.07759141921997,6.49958372116089,Pierrefonds-Roxboro,NA,,20225,"c(279802.125, 5040811)"
14384,Esther-Blondin,Pierrefonds,Esther-Blondin,Pierrefonds,06/05/2009,0,85.2955932617188,35248.859375,786.939025878906,623.541198730469,33838.37890625,16211.337890625,12521.091796875,1288596.75,3,4.44612312316895,10.4701881408691,6.66815090179443,6.43541479110718,10.4293508529663,9.69346618652344,9.43517017364502,14.0690641403198,82,4,20.5,64.1999969482422,0,0,0,0,1,0,0,0,0,155.885299682617,27.4164409637451,16253.3896484375,16.7544918060303,437.605712890625,19.8007621765137,18401.9765625,21.3238983154297,6,2,1,0,0,0,0,22468.9140625,10.0198879241943,3.52488589286804,0.852955937385559,Pierrefonds-Roxboro,NA,,21019,"c(276845.75, 5038485.5)"
122,MacDonald,Queen-Mary,MacDonald,Queen-Mary,20/05/2008,0,1651.80004882812,11188.2607421875,1592.388671875,819.272399902344,8776.599609375,559552,278226.3125,5383762.5,1,7.40962076187134,9.3226203918457,7.37299013137817,6.70841693878174,9.07984447479248,13.2348918914795,12.536190032959,15.4988975524902,68.9000015258789,4,17.2000007629395,57.4000015258789,1,0,0,0,0,1,1,1,0.5,3436.32836914062,623.8291015625,3173.23828125,244.557601928711,0,567.871032714844,4578.6943359375,215.542282104492,4,0,0,0,0,0,0,5334.60400390625,8.58197021484375,1.11882603168488,16.5179996490479,C¶te-Saint-Luc,NA,,21262,"c(294476.46875, 5037837)"
1231,Keller,Marcel-Laurain,Keller,Marcel-Laurain,27/08/2008,0,491.548156738281,41174.98828125,5237.04248046875,5625.75927734375,30312.1875,716599.5625,476626.71875,4831025.5,2,6.19755983352661,10.6255855560303,8.56351184844971,8.63511085510254,10.3193054199219,13.4822721481323,13.0744886398315,15.3905687332153,90.8000030517578,3,30.2999992370605,78.1999969482422,1,0,1,1,1,1,1,1,0,17401.369140625,115.75707244873,0,182.86262512207,18387.666015625,43.6186065673828,5385.9541015625,149.309844970703,8,1,1,5,0,0,1,11316.3486328125,9.33400344848633,4.11749887466431,4.91548156738281,Ahuntsic-Cartierville,NA,,21266,"c(288226.71875, 5042794)"
327,Léo-Pariseau,Parc,LÚo-Pariseau,Parc,08/07/2009,1,1584.07080078125,21229.73828125,955.591430664062,2797.16162109375,17476.986328125,316584.65625,222811.0625,7182223.5,1,7.36775302886963,9.96315765380859,6.86232995986938,7.93635988235474,9.76863956451416,12.6653461456299,12.314079284668,15.7871198654175,55.4000015258789,3,18.5,50.2999992370605,1,0,1,1,1,0,1,1,0,12475.4248046875,79.6561279296875,3752.7529296875,1080.78881835938,5001.56103515625,331.297088623047,0,92.3286972045898,4,0,0,0,0,1,0,1128.6240234375,7.02875471115112,2.12297391891479,15.8407077789307,Plateau-Mont-Royal,NA,,21292,"c(298772.40625, 5041248)"
195,Crémazie,Michel-Jurdant,CrÚmazie,Michel-Jurdant,31/10/2003,0,299.715301513672,11464.0625,1929.392578125,270.523284912109,9264.146484375,112159.28125,20813.478515625,1595673.125,0,5.70283317565918,9.34697246551514,7.56496095657349,5.60035800933838,9.13390731811523,11.6276750564575,9.94335556030273,14.2828063964844,40.5999984741211,3,13.5,48.0999984741211,0,0,1,1,0,1,1,1,0,530.838195800781,70.9851989746094,10933.224609375,86.7596893310547,0,55.2107124328613,0,86.7596893310547,3,0,0,0,1,0,1,7104.7451171875,8.86851787567139,1.14640629291534,2.99715304374695,Villeray-Saint-Michel-Parc-Extension,NA,,21306,"c(295743.96875, 5046405)"
7216,Dickson,Ontario,Dickson,Ontario,26/05/2009,0,34.9670600891113,22915.189453125,416.204528808594,942.905822753906,21556.080078125,1301.91491699219,2867.0126953125,557060,0,3.5544068813324,10.0395545959473,6.03117704391479,6.84896612167358,9.97841262817383,7.17159080505371,7.96102619171143,13.2304277420044,69.1999969482422,3,23.1000003814697,53.2999992370605,1,0,0,0,0,1,1,1,0,10648.2060546875,3.04061388969421,848.983581542969,3.04061388969421,11418,22.8046054840088,0,6.08122777938843,6,1,1,1,0,0,0,7923.02685546875,8.97752857208252,2.29151892662048,0.349670588970184,Mercier-Hochelaga-Maisonneuve,NA,,21427,"c(302427, 5047481)"
1233,Louisbourg,Marcel-Laurain,Louisbourg,Marcel-Laurain,27/08/2008,0,825.398254394531,40198.36328125,3277.986328125,2647.53002929688,34272.84765625,853779.75,505158.0625,14256085,3,6.71586608886719,10.6015815734863,8.09498500823975,7.88138198852539,10.4421091079712,13.6574287414551,13.1326265335083,16.4726943969727,60.4000015258789,3,20.1000003814697,57,1,0,1,1,1,1,1,1,0,18718.365234375,75.4937438964844,2552.76806640625,234.869415283203,17716.59765625,340.560668945312,1210.63098144531,174.474426269531,6,0,0,2,0,0,1,11243.5283203125,9.32754802703857,4.01983642578125,8.25398254394531,Ahuntsic-Cartierville,NA,,21461,"c(288290.8125, 5042748.5)"
1415,Legendre,Marché-Central,Legendre,MarchÚ-Central,25/11/2004,0,320.775543212891,47661.06640625,10526.3701171875,12796.1806640625,24338.515625,859530.3125,1058617.25,3903600.25,0,5.77074193954468,10.7718696594238,9.26163864135742,9.45690155029297,10.0998153686523,13.6641407012939,13.8724737167358,15.1774101257324,65.5999984741211,4,16.3999996185303,52.7999992370605,0,0,0,0,0,0,0,0,0,8628.25390625,85.7888107299805,19303.302734375,82.0588607788086,10417.33984375,74.5989608764648,9312.1708984375,78.3289108276367,5,1,1,3,0,0,0,7291.423828125,8.89445400238037,4.76610660552979,3.20775532722473,Ahuntsic-Cartierville,NA,,21508,"c(292854.25, 5043730)"
221,Atwater,Saint-Jacques,Atwater,Saint-Jacques,11/05/2009,0,4443.42041015625,48603.0078125,7949.271484375,4521.390625,36132.34765625,3462208.25,3938003.5,70329288,3,8.39918041229248,10.7914409637451,8.98083591461182,8.41657543182373,10.4949436187744,15.0574169158936,15.1861839294434,18.0686988830566,99.0999984741211,4,24.7999992370605,77.5999984741211,1,0,0,0,0,0,1,1,0.5,15755.068359375,427.087707519531,0,471.504852294922,13312.12109375,1144.59509277344,19535.8203125,2400.23291015625,5,0,0,2,0,0,0,2118.81298828125,7.65861129760742,4.86030101776123,44.4342041015625,Sud-Ouest,NA,,21549,"c(298581.4375, 5038212.5)"
710,Papineau,Saint-Grégoire,Papineau,Saint-GrÚgoire,11/04/2007,0,234.420654296875,15383.3173828125,2284.72387695312,2123.103515625,10975.490234375,126698.9453125,141331.640625,1360161.75,2,5.45711708068848,9.64103889465332,7.73400020599365,7.66063404083252,9.3034200668335,11.749568939209,11.8588638305664,14.1231136322021,68.3000030517578,4,17.1000003814697,42.0999984741211,0,0,1,1,0,0,1,1,0,8421.3994140625,56.3511199951172,31.8343086242676,47.3349418640137,4138.4599609375,67.6213455200195,2791.6240234375,63.1132545471191,3,0,0,1,0,0,1,4149.5361328125,8.33075141906738,1.53833174705505,2.34420657157898,Plateau-Mont-Royal,NA,,21552,"c(298138.4375, 5044222.5)"
1518,Rosemont,5689 (Hôp. Maisonneuve-R.),Rosemont,5689 (H¶p. Maisonneuve-R.),23/06/2004,0,532.499389648438,20253.513671875,555.444152832031,419.107849121094,19278.9609375,96990.7109375,42887.1796875,4473058,1,6.2775821685791,9.91608428955078,6.31976795196533,6.03812789916992,9.86676979064941,11.4823713302612,10.6663284301758,15.3135833740234,46.2999992370605,3,15.3999996185303,43,1,0,0,0,1,0,1,1,0,393.860412597656,167.356948852539,9578.88671875,190.178344726562,0,133.124847412109,10280.7666015625,41.8392372131348,4,0,0,0,0,0,0,8383.810546875,9.0340576171875,2.02535128593445,5.32499408721924,Rosemont-La-Petite-Patrie,NA,,21570,"c(300037.4375, 5048570.5)"
1549,Saint-Laurent,8845 (Ateliers Youville STCUM),Saint-Laurent,8845 (Ateliers Youville STCUM),19/09/2003,0,1499.73510742188,38975.609375,424.661163330078,388.409606933594,38162.5390625,116693.6015625,98921.7421875,42005336,1,7.31304407119751,10.5706911087036,6.05129194259644,5.96205997467041,10.5496101379395,11.6673069000244,11.5020837783813,17.5533065795898,58.5,3,19.5,58.7999992370605,1,0,0,0,0,1,1,1,0,21647.361328125,690.764709472656,264.118530273438,129.287506103516,17058.94921875,410.026092529297,5.17879486083984,269.656799316406,5,0,0,0,1,0,0,7241.44189453125,8.88757514953613,3.89756083488464,14.997350692749,Ahuntsic-Cartierville,NA,,21604,"c(293574.625, 5044725)"
1477,Crémazie,De Lorimier inter. Sud,CrÚmazie,De Lorimier inter. Sud,03/11/2003,0,240.533081054688,28558.271484375,914.73291015625,2490.96752929688,25152.5703125,32581.5390625,206698.671875,2348880.25,0,5.48285818099976,10.2597017288208,6.81863212585449,7.82042598724365,10.1327152252197,10.3915014266968,12.2390165328979,14.6694488525391,93.8000030517578,4,23.3999996185303,72.0999984741211,1,0,0,0,0,1,1,1,0,2392.77587890625,101.27709197998,0,29.5391502380371,6403.13037109375,88.6174545288086,19762.365234375,21.0993938446045,6,0,0,0,0,0,0,7023.52294921875,8.85702037811279,2.85582709312439,2.40533089637756,Villeray-Saint-Michel-Parc-Extension,NA,,21614,"c(295602.0625, 5046227.5)"
2021,Christophe-Colomb,Henri-Gauthier 30 m au Nord,Christophe-Colomb,Henri-Gauthier 30 m au Nord,19/01/2009,0,105.84789276123,24070.50390625,379.667877197266,610.102111816406,23080.734375,5384.59912109375,34853.55078125,2052159.5,0,4.66200304031372,10.0887422561646,5.93929719924927,6.41362619400024,10.0467538833618,8.59129810333252,10.4589099884033,14.53440284729,60.0999984741211,3,20,64.4000015258789,1,0,1,1,1,1,1,1,0.5,11820.1806640625,10.584789276123,0,0,11686.30859375,78.3274383544922,564.015258789062,16.9356632232666,4,0,0,0,1,0,1,7424.64306640625,8.91255950927734,2.40705037117004,1.05847895145416,Ahuntsic-Cartierville,NA,,21663,"c(294504.0625, 5045936)"
344,McGill College,Sainte-Catherine,McGill College,Sainte-Catherine,06/10/2009,0,77735.921875,14752.1259765625,2324.7197265625,1650.96643066406,10776.439453125,42417088,33869084,415209728,6,11.2610731124878,9.59914207458496,7.75135517120361,7.4091157913208,9.28511810302734,17.5630626678467,17.3380126953125,19.8442935943604,74.5,4,18.6000003814697,58.5,1,1,0,1,1,0,1,1,0,3715.57763671875,23864.744140625,0,10859.0185546875,3117.689453125,26101.322265625,7918.85888671875,16910.8359375,4,0,0,0,0,0,0,0,NA,1.47521257400513,777.359191894531,Ville-Marie,NA,,21668,"c(299247.3125, 5040224)"
1571,Dickson,2150 (Clos Dickson),Dickson,2150 (Clos Dickson),27/05/2009,0,229.99348449707,14852.2998046875,1038.60925292969,824.501770019531,12989.189453125,28443.501953125,57507.76953125,2016330.5,0,5.43805122375488,9.6059103012085,6.94563817977905,6.71477890014648,9.47187328338623,10.2556753158569,10.9596748352051,14.5167903900146,75.9000015258789,4,19,34.7000007629395,1,0,0,0,0,0,0,0,0,11415.3115234375,7.61567783355713,234.767013549805,12.1850852966309,2368.32958984375,147.744155883789,833.892395019531,62.4485626220703,3,0,0,2,0,0,0,7888.76220703125,8.97319412231445,1.48522996902466,2.29993486404419,Mercier-Hochelaga-Maisonneuve,NA,,21686,"c(302288.5, 5047503)"
609,Chabanel,Marché-Central,Chabanel,MarchÚ-Central,25/11/2004,0,1007.08599853516,85628.359375,25780.6875,30290.572265625,29557.09765625,6055919.5,7174669.5,14755499,0,6.91481590270996,11.3577718734741,10.1573810577393,10.3185920715332,10.2940788269043,15.6165466308594,15.7860670089722,16.5071258544922,86.4000015258789,4,21.6000003814697,73.6999969482422,1,1,0,1,1,1,0,1,0,14942.09375,246.176574707031,24948.09375,186.497406005859,17821.482421875,227.526840209961,27916.6875,346.885192871094,7,4,1,0,0,0,0,7590.6689453125,8.9346752166748,8.56283569335938,10.0708599090576,Ahuntsic-Cartierville,NA,,21723,"c(292577.34375, 5043847.5)"
1763,Léger,Newman,LÚger,Newman,10/09/2009,0,486.423004150391,29632.953125,2871.46752929688,3210.26733398438,23551.216796875,441084.25,340167.65625,2907780.75,2,6.18707895278931,10.2966423034668,7.96257877349854,8.07411003112793,10.0669326782227,12.9969911575317,12.7371940612793,14.8829011917114,137.5,4,34.4000015258789,84.5,1,0,0,0,1,0,0,0,0,2628.93872070312,179.45703125,13713.0625,62.9673805236816,1734.72924804688,201.495620727539,11556.2216796875,42.5029792785645,8,2,1,2,0,0,0,7697.77099609375,8.94868564605713,2.96329522132874,4.86423015594482,Lasalle,NA,,21943,"c(295494.0625, 5033503)"
10475,Amos d',Lacordaire,Amos d',Lacordaire,07/04/2009,0,1571.88781738281,34920.140625,3930.07348632812,2984.93872070312,28005.12890625,1511617,1239448.5,25571718,7,7.36003303527832,10.4608192443848,8.27641296386719,8.00133419036865,10.2401428222656,14.2286901473999,14.030177116394,17.0569972991943,95.3000030517578,4,23.7999992370605,81.1999969482422,1,1,0,1,1,1,0,1,0,14372.56640625,447.471710205078,1585.44909667969,278.645385742188,15647.443359375,480.253540039062,3314.68139648438,365.517181396484,8,2,1,2,0,0,0,12113.5419921875,9.40207958221436,3.49201416969299,15.7188777923584,MontrÚal-Nord,NA,,22139,"c(295530.90625, 5051753.5)"
4481,Angrignon / Trinitaires des,Newman,Angrignon / Trinitaires des,Newman,20/08/2009,0,1848.8408203125,37825.79296875,10551.2236328125,8694.990234375,18579.580078125,5940584,4029463.5,17260358,11,7.52231407165527,10.5407466888428,9.26399707794189,9.07050228118896,9.82981777191162,15.5973176956177,15.2091436386108,16.6639232635498,146.800003051758,4,36.7000007629395,106.400001525879,1,0,0,0,1,0,0,0,0,9574.2587890625,549.341369628906,8470.86328125,209.114852905273,8641.3525390625,174.26237487793,11139.318359375,916.122192382812,8,4,1,3,0,0,0,6735.625,8.81516551971436,3.78257918357849,18.4884090423584,Lasalle,NA,,22168,"c(296219.6875, 5034207)"
1660,Marcel-Laurin,Thimens,Marcel-Laurin,Thimens,27/01/2009,0,197.813415527344,61602.66796875,12540.662109375,12688.6650390625,36373.33984375,667994.9375,871901.1875,3687018.25,0,5.28732395172119,11.0284595489502,9.43673229217529,9.44846439361572,10.5015907287598,13.4120359420776,13.678430557251,15.1203289031982,111.199996948242,3,37.0999984741211,101.699996948242,1,1,1,1,1,1,0,1,0,22715.357421875,45.2144927978516,5444.8486328125,13.1875610351562,16803.5703125,58.4020538330078,16638.890625,81.0093002319336,9,4,1,0,0,0,1,9604.9755859375,9.17003631591797,6.1602668762207,1.97813415527344,Saint-Laurent,NA,,22590,"c(289725.8125, 5041487.5)"
16283,Marcel-Laurin,Poirier,Marcel-Laurin,Poirier,22/01/2009,0,530.283325195312,46506.1328125,5327.62109375,3544.02612304688,37634.484375,939912.75,299009.15625,14546094,1,6.27341079711914,10.7473392486572,8.58065986633301,8.17301940917969,10.5356760025024,13.7535419464111,12.608229637146,16.4928321838379,89.1999969482422,4,22.2999992370605,69.3000030517578,1,1,0,1,1,1,1,1,0,21032.521484375,76.5549850463867,3617.728515625,82.1565704345703,19722.7265625,317.423095703125,2133.154296875,54.1486473083496,5,2,1,7,0,0,0,10216.8427734375,9.23179244995117,4.65061330795288,5.30283308029175,Saint-Laurent,NA,,22597,"c(289181.34375, 5041973)"
1278,Henri-Bourassa,Lajeunesse,Henri-Bourassa,Lajeunesse,23/01/2004,0,3141.533203125,55600.07421875,7262.93994140625,3222.0830078125,45115.05078125,4854577.5,2496379.75,78045232,4,8.05246639251709,10.9259395599365,8.89054012298584,8.07778263092041,10.7169713973999,15.3954334259033,14.7303524017334,18.1727981567383,97.0999984741211,4,24.2999992370605,82.6999969482422,1,1,0,1,1,1,1,1,0,0,565.213073730469,17730.291015625,1016.50726318359,15315.2021484375,683.513488769531,22554.580078125,876.299377441406,8,0,0,2,0,0,0,9627.22265625,9.17234992980957,5.56000757217407,31.4153327941895,Ahuntsic-Cartierville,NA,,22630,"c(291667.21875, 5046159)"
1675,Acadie,Liban/Olivier-Berthelet,Acadie,Liban/Olivier-Berthelet,29/09/2004,0,459.745574951172,41646.04296875,2282.115234375,1514.58764648438,37849.33984375,265606.21875,181101.828125,5201302,1,6.13067293167114,10.6369619369507,7.73285818099976,7.32289791107178,10.5413694381714,12.4897699356079,12.1068153381348,15.4644203186035,87.0999984741211,4,21.7999992370605,73,1,0,1,1,1,0,0,0,0.5,22104.79296875,114.936393737793,874.981384277344,143.670501708984,17264.251953125,21.550573348999,1402.01696777344,179.588119506836,8,2,1,1,0,0,1,8630.3505859375,9.0630407333374,4.16460418701172,4.59745597839355,Ahuntsic-Cartierville,NA,,22631,"c(291435.25, 5043892)"
1249,Acadie,Sauvé,Acadie,SauvÚ,07/10/2004,0,2054.21044921875,154655.609375,46806.09375,42090.1640625,65759.3515625,33007708,16186061,64389072,19,7.62764692306519,11.9489555358887,10.7537689208984,10.6475687026978,11.0937566757202,17.3122520446777,16.5996608734131,17.9804534912109,127.699996948242,4,31.8999996185303,107.099998474121,1,1,0,1,1,1,1,1,0,35429.1640625,641.463439941406,29718.3125,962.195190429688,28365.21875,103.092338562012,61142.9140625,347.459381103516,8,1,1,4,0,0,0,8283.3984375,9.02200889587402,15.4655609130859,20.5421047210693,Ahuntsic-Cartierville,NA,,22632,"c(291866.3125, 5043983.5)"
1246,Acadie,Louvain,Acadie,Louvain,30/09/2004,0,1183.81506347656,140259.328125,47782.7578125,46525.98046875,45950.5859375,17204632,14467818,27573158,1,7.07649803161621,11.8512477874756,10.7744197845459,10.7477655410767,10.7353219985962,16.6606884002686,16.4874362945557,17.1323528289795,91.4000015258789,4,22.8999996185303,78.4000015258789,1,0,1,1,1,1,0,1,0,39772.6953125,318.306762695312,36648.421875,443.483581542969,30359.48828125,282.541961669922,33478.71875,139.48274230957,8,2,1,2,0,0,1,7879.9208984375,8.97207355499268,14.025933265686,11.8381509780884,Ahuntsic-Cartierville,NA,,22634,"c(292249.8125, 5043847.5)"
428,René-Lévesque,University,RenÚ-LÚvesque,University,18/08/2009,0,16576.10546875,45706.69921875,3407.66430664062,7970.18017578125,34328.8515625,13060912,32872534,278041120,12,9.71571731567383,10.7299995422363,8.13378238677979,8.9834623336792,10.4437408447266,16.3851356506348,17.3081474304199,19.4432792663574,119.400001525879,4,29.8999996185303,105.5,1,1,0,1,0,0,0,0,0.5,4122.572265625,4035.60083007812,12800.0751953125,3129.68383789062,17823.392578125,5726.869140625,10960.6572265625,3683.95092773438,6,1,1,1,0,0,0,289.786987304688,5.6691460609436,4.57067012786865,165.761047363281,Ville-Marie,NA,,22696,"c(299537.09375, 5040221)"
798,Pie-IX,Sherbrooke,Pie-IX,Sherbrooke,,0,223.150436401367,61903.0390625,7346.37890625,5791.3955078125,48765.265625,209306.609375,599730.8125,5780207.5,4,5.40784597396851,11.0333251953125,8.90196323394775,8.66412925720215,10.794774055481,12.2515563964844,13.3042364120483,15.5699501037598,123.699996948242,4,30.8999996185303,107.400001525879,1,1,0,1,1,1,1,1,0,17320.3125,22.5404472351074,17178.283203125,47.3349418640137,9165.83203125,31.5566272735596,18238.609375,121.718421936035,7,1,1,0,0,0,0,5994.4130859375,8.69858360290527,6.19030380249023,2.23150444030762,Rosemont-La-Petite-Patrie,NA,,22710,"c(300538.71875, 5046077.5)"
1293,Christophe-Colomb,Crémazie inter. Sud,Christophe-Colomb,CrÚmazie inter. Sud,20/11/2003,0,925.027160644531,55585.578125,3578.17309570312,6254.369140625,45753.0390625,1041019.1875,2013679.625,26452120,1,6.82982301712036,10.9256792068481,8.18260765075684,8.7410364151001,10.7310132980347,13.8557109832764,14.515474319458,17.0908470153809,52.9000015258789,3,17.6000003814697,73.9000015258789,1,1,0,1,1,1,1,1,0,17315.978515625,290.935943603516,0,119.358337402344,18911.78515625,399.104461669922,19357.81640625,115.628395080566,5,0,0,0,1,0,0,7042.27490234375,8.85968685150146,5.55855798721313,9.25027179718018,Villeray-Saint-Michel-Parc-Extension,NA,,22739,"c(294699.03125, 5045600.5)"
9676,Mont-Joli,Saint-Michel,Mont-Joli,Saint-Michel,20/01/2009,0,414.466186523438,14012.35546875,1221.54724121094,762.945861816406,12027.8623046875,110832.4296875,57132.38671875,3707290.25,0,6.02699089050293,9.54769515991211,7.10787391662598,6.63718700408936,9.39498138427734,11.6157751083374,10.9531259536743,15.1258115768433,59.9000015258789,3,20,53.5,1,0,1,1,1,1,1,1,0.5,5376.05859375,214.768844604492,1265.32275390625,52.750244140625,7368.8896484375,94.1968612670898,2.08455204963684,52.750244140625,3,0,0,2,0,0,1,10015.4765625,9.21188640594482,1.40123558044434,4.14466190338135,Ahuntsic-Cartierville,NA,,22762,"c(293836.03125, 5048652)"
16043,Léger,Sainte-Colette,LÚger,Sainte-Colette,13/03/2009,0,152.175582885742,23929.044921875,1762.27770996094,973.994323730469,21192.7734375,39996.08203125,67347.9765625,1759048.625,2,5.02503490447998,10.0828475952148,7.47436189651489,6.88140487670898,9.96141624450684,10.5965366363525,11.1176280975342,14.3802843093872,82.8000030517578,3,27.6000003814697,52.0999984741211,1,0,0,0,0,1,1,1,0,23.7077732086182,0,11239.4599609375,70.8999862670898,1833.40112304688,69.1707229614258,10832.4765625,12.1048755645752,6,1,1,1,0,0,0,13109.0498046875,9.48105812072754,2.39290452003479,1.52175581455231,MontrÚal-Nord,NA,,22778,"c(294503.03125, 5052444.5)"
694,Iberville,Saint-Joseph,Iberville,Saint-Joseph,25/03/2004,0,219.994491577148,51677.296875,5.25068998336792,3523.21337890625,48148.83203125,537.729675292969,205512.3125,5309463,0,5.39360284805298,10.8527736663818,1.65836000442505,8.16712856292725,10.7820520401001,6.28735589981079,12.2332611083984,15.4850006103516,61.9000015258789,4,15.5,58.4000015258789,1,0,0,0,0,0,1,1,0,14250.3740234375,15.1720342636108,13336.75390625,64.4811477661133,13121.4755859375,102.411231994629,10968.6923828125,37.9300842285156,4,0,0,0,0,0,0,4365.6728515625,8.3815279006958,5.16772985458374,2.19994497299194,Plateau-Mont-Royal,NA,,22903,"c(299043.9375, 5044585)"
1573,Saint-Antoine,Square Victoria Ouest,Saint-Antoine,Square Victoria Ouest,17/11/2008,1,7609.1484375,12742.634765625,2006.31140136719,1513.73254394531,9222.5908203125,1986713,3497708.5,35637264,0,8.93710708618164,9.45270919799805,7.60405302047729,7.32233381271362,9.12941074371338,14.501992225647,15.0676193237305,17.3889026641846,64,4,16,50.4000015258789,0,0,0,1,1,0,1,1,0,6259.5400390625,2136.81567382812,0,990.231689453125,0,1435.09143066406,6483.0947265625,3047.009765625,3,0,0,0,0,0,0,716.981018066406,6.57504940032959,1.2742635011673,76.0914840698242,Ville-Marie,NA,,22994,"c(299961.6875, 5040163)"
391,Saint-Antoine,Square Victoria Est,Saint-Antoine,Square Victoria Est,17/11/2008,0,10702.69140625,13288.2607421875,1437.951171875,2470.47216796875,9379.8369140625,3384956.5,6061116.5,51282460,1,9.2782506942749,9.49463558197021,7.27097511291504,7.81216478347778,9.14631843566895,15.0348520278931,15.6174049377441,17.7528591156006,61.0999984741211,4,15.3000001907349,49.0999984741211,0,0,1,1,1,0,1,1,0,37.8906784057617,2350.86962890625,1.89453399181366,2453.2431640625,5408.89404296875,2689.63305664062,7839.5810546875,3208.9462890625,3,0,0,0,0,0,1,736.715026855469,6.60220098495483,1.32882606983185,107.026916503906,Ville-Marie,NA,,22997,"c(299983.71875, 5040202.5)"
1499,Damien-Gauthier,Sherbrooke,Damien-Gauthier,Sherbrooke,21/10/2004,0,171.820571899414,20196.912109375,487.511657714844,547.206970214844,19162.193359375,10294.869140625,21083.58984375,805260.125,0,5.14645099639893,9.91328525543213,6.1893138885498,6.30482721328735,9.86069393157959,9.23940086364746,9.95625019073486,13.5989208221436,61.4000015258789,4,15.3999996185303,35,0,0,0,0,0,0,0,0,0,283.552703857422,11.4547052383423,8292.6728515625,38.1823501586914,248.730438232422,118.365280151367,11371.955078125,3.81823492050171,4,0,0,0,0,0,0,20983.8515625,9.95150852203369,2.01969122886658,1.71820569038391,Pointe-aux-Trembles-RiviÞres-des-Prairies,NA,,23039,"c(304803, 5060459)"
461,Place d'Armes,Saint-Antoine/Saint-Urbain,Place d'Armes,Saint-Antoine/Saint-Urbain,17/11/2008,1,13526.3408203125,18577.798828125,4277.857421875,1233.34155273438,13066.6005859375,2721967.75,2304847.75,109794632,4,9.51239395141602,9.8297233581543,8.36120796203613,7.11748218536377,9.47781467437744,14.8168659210205,14.6505250930786,18.5141220092773,72.9000015258789,4,18.2000007629395,54.5999984741211,0,0,0,1,1,1,0,1,0,6647.91943359375,1608.19580078125,0,375.990203857422,0,1868.78308105469,11929.8798828125,9673.3720703125,2,0,0,1,0,0,0,1084.20397949219,6.98860120773315,1.85777986049652,135.263412475586,Ville-Marie,NA,,23155,"c(300246.65625, 5040644.5)"
1589,Saint-Antoine,Saint-François-Xavier,Saint-Antoine,Saint-Franþois-Xavier,17/11/2008,0,7970.248046875,11172.06640625,0,1390.587890625,9781.478515625,0,7006673.5,59462868,0,8.98347091674805,9.32117176055908,0,7.23748207092285,9.18824577331543,0,15.7623739242554,17.9008636474609,35.0999984741211,3,11.6999998092651,35,0,0,1,1,1,0,1,1,0,0,1587.72106933594,0,5038.64111328125,1390.587890625,303.398040771484,9781.478515625,1040.48779296875,2,0,0,2,0,0,1,977.879028320312,6.88538599014282,1.11720669269562,79.7024841308594,Ville-Marie,NA,,23156,"c(300176.8125, 5040528)"
1419,Saint-Jacques,Square Victoria Ouest,Saint-Jacques,Square Victoria Ouest,20/11/2008,1,4885.7978515625,8631.1396484375,2870.38110351562,1816.02954101562,3944.72900390625,2261952,1055428.375,5401144.5,1,8.4940881729126,9.06313228607178,7.96220016479492,7.50440788269043,8.28013610839844,14.6317386627197,13.869457244873,15.5021209716797,46,3,15.3000001907349,41.2000007629395,0,0,1,1,1,0,1,1,0,4686.41064453125,3514.95068359375,3944.72900390625,788.031921386719,0,1.64173305034637,0,581.173522949219,3,0,0,0,0,1,0,810.177001953125,6.69725275039673,0.863113939762115,48.8579788208008,Ville-Marie,NA,,23157,"c(300049.21875, 5040108.5)"
1478,Square Victoria Est,Viger,Square Victoria Est,Viger,12/11/2008,0,3750.55126953125,15379.06640625,4455.89208984375,0,10923.1748046875,498631.46875,0,29275754,0,8.22965812683105,9.64076328277588,8.4019832611084,0,9.2986421585083,13.1196231842041,0,17.1922702789307,26.7999992370605,2,13.3999996185303,37.5999984741211,0,0,1,1,1,0,1,1,0.5,0,0,10934.1865234375,2570.62133789062,4444.88037109375,1070.40075683594,0,109.52938079834,3,0,0,0,1,0,1,632.929016113281,6.45035839080811,1.53790664672852,37.5055122375488,Ville-Marie,NA,,23158,"c(299879.5625, 5040253.5)"
1264,Acadie,Crémazie bretelle Nord-Est,Acadie,CrÚmazie bretelle Nord-Est,25/11/2004,0,883.997741699219,38378.6328125,6546.76806640625,6071,25760.86328125,23180.58984375,2579071.75,7158125.5,0,6.78445386886597,10.5552558898926,8.78672695159912,8.71127891540527,10.1566123962402,10.0510711669922,14.7629404067993,15.7837591171265,56.5999984741211,4,14.1000003814697,45.2000007629395,1,1,0,1,1,0,1,1,0,24383.1171875,276.016174316406,6635.974609375,182.767456054688,7359.53857421875,0,0,425.214080810547,3,0,0,0,0,0,0,6949.26220703125,8.84639072418213,3.8378632068634,8.8399772644043,Ahuntsic-Cartierville,NA,,23881,"c(293133.46875, 5043527.5)"
1736,Halles Ouest des,Jean-Talon,Halles Ouest des,Jean-Talon,11/06/2009,1,991.872985839844,18757.748046875,3142.42993164062,747.240600585938,14868.078125,638871.3125,225970.046875,3970795.75,1,6.89959478378296,9.83936214447021,8.0527515411377,6.61638689041138,9.60697174072266,13.3674583435059,12.3281583786011,15.1944770812988,62,4,15.5,43.2000007629395,1,0,0,1,1,0,0,0,0,2946.94140625,491.768951416016,9549.6982421875,160.033279418945,266.741149902344,240.049926757812,5994.36767578125,100.020805358887,4,0,0,2,0,0,0,10579.8056640625,9.26670265197754,1.87577486038208,9.91872978210449,Anjou,NA,,24040,"c(299290.90625, 5050803.5)"
1562,Notre-Dame,5378 Est (Vopak accès Est),Notre-Dame,5378 Est (Vopak accÞs Est),22/05/2009,0,67.1122283935547,39552.48828125,156.484802246094,248.085678100586,39147.91796875,1599.43212890625,9855.71875,855490.625,0,4.20636606216431,10.5853843688965,5.05295896530151,5.51377391815186,10.5751028060913,7.37740421295166,9.19580745697021,13.6594295501709,81.5,4,20.3999996185303,60.0999984741211,1,0,1,1,1,1,1,1,0,112.592727661133,45.2617340087891,18238.11328125,17.1682434082031,26.7169189453125,0,21175.06640625,4.68224811553955,5,1,1,3,0,0,1,7628.3310546875,8.93962478637695,3.95524883270264,0.671122312545776,Mercier-Hochelaga-Maisonneuve,NA,,24389,"c(302886.15625, 5046928.5)"
2232,Parc,Pins,Parc,Pins,01/07/2009,0,3711.25146484375,34080.65234375,2588.32373046875,3847.67919921875,27644.6484375,2853661.25,3542487.5,51522536,0,8.21912384033203,10.4364852905273,7.85876607894897,8.25522518157959,10.2271871566772,14.8641128540039,15.080340385437,17.7575302124023,99,4,24.7999992370605,89.9000015258789,1,1,0,1,1,0,1,1,0,14289.572265625,888.890014648438,8254.369140625,1102.51330566406,7849.35009765625,988.460144042969,3687.359375,731.388122558594,7,0,0,1,0,0,0,1213.18103027344,7.10100126266479,3.40806531906128,37.1125144958496,Plateau-Mont-Royal,NA,,24399,"c(298695.25, 5041304.5)"
1602,Parc,Bretelle Pins Ouest,Parc,Bretelle Pins Ouest,08/07/2009,0,905.183288574219,47321.8125,13992.13671875,8564.4619140625,24765.216796875,0,4201805,10222179,0,6.80813694000244,10.7647266387939,9.54625129699707,9.05537700653076,10.1171951293945,0,15.2510251998901,16.1400699615479,38.7999992370605,2,19.3999996185303,49,1,1,0,1,1,1,1,1,0.5,22854.033203125,0,0,1.81036698818207,10475.64453125,412.763580322266,13992.13671875,490.609344482422,5,0,0,0,1,0,0,1301.17004394531,7.17101907730103,4.73218107223511,9.051833152771,Plateau-Mont-Royal,NA,,24403,"c(298602.21875, 5041354)"
1611,Pins,Bretelle Parc Nord,Pins,Bretelle Parc Nord,08/07/2009,0,2080.11108398438,31897.345703125,14525.8330078125,8581.3369140625,8790.1748046875,19880594,0,5649271,0,7.64017677307129,10.3702783584595,9.58368396759033,9.05734539031982,9.08139038085938,16.8052558898926,0,15.5470371246338,57.2000007629395,2,28.6000003814697,61.4000015258789,1,1,0,1,1,0,1,1,0,8581.3369140625,1368.63708496094,5073.283203125,642.680114746094,0,68.7939300537109,18242.724609375,0,8,0,0,0,1,0,0,1179.25402832031,7.0726375579834,3.18973445892334,20.8011112213135,Ville-Marie,NA,,24404,"c(298645.28125, 5041238)"
1557,Parc,Rachel,Parc,Rachel,16/10/2003,1,2878.94897460938,57232.875,14.9238262176514,925.277221679688,56292.671875,14473.5986328125,516111.0625,76328288,0,7.96518087387085,10.9548835754395,2.70295906066895,6.8300929069519,10.9383201599121,9.58008193969727,13.1540765762329,18.1505546569824,60.5,2,30.2999992370605,54.0999984741211,1,0,0,1,1,0,1,1,0,26569.384765625,30.5458793640137,149.238265991211,553.64404296875,30509.275390625,1324.92749023438,4.97460889816284,969.831665039062,8,0,0,0,0,0,0,1782.10205078125,7.4855489730835,5.72328758239746,28.7894897460938,Ville-Marie,NA,,24410,"c(298172.5, 5041645.5)"
1615,Parc,30 m Sud de Duluth,Parc,30 m Sud de Duluth,08/07/2009,1,1754.24523925781,47606.59375,221.494689941406,2090.48803710938,45294.609375,124011.7890625,1198453.5,22385958,0,7.46979379653931,10.7707271575928,5.40039920806885,7.6451530456543,10.7209434509277,11.7281322479248,13.996542930603,16.9239444732666,30,1,30,51.4000015258789,1,0,0,1,1,0,1,1,0,22942.630859375,490.609344482422,0,591.989868164062,24438.248046875,3.62073302268982,225.713638305664,668.025268554688,8,0,0,1,1,0,0,1547.20202636719,7.34420347213745,4.76065921783447,17.5424518585205,Ville-Marie,NA,,24412,"c(298382.59375, 5041507)"
718,Notre-Dame,Panet/Ville-Marie,Notre-Dame,Panet/Ville-Marie,18/06/2009,0,286.726318359375,17500.77734375,1516.40515136719,4446.90380859375,11537.4677734375,95723.953125,37065.23828125,2282189.25,0,5.65852785110474,9.77000141143799,7.32409811019897,8.39996337890625,9.35335540771484,11.4692239761353,10.520435333252,14.640645980835,68.5,3,22.7999992370605,39.7000007629395,1,0,0,0,1,1,0,1,0,383.668762207031,81.6836547851562,0,8.33506679534912,4982.212890625,1.66701304912567,12134.89453125,195.040573120117,6,1,1,1,0,0,0,2426.35791015625,7.79414653778076,1.75007772445679,2.86726307868958,Ville-Marie,NA,,24483,"c(300980.53125, 5041922)"
1263,Acadie,Crémazie inter. Nord,Acadie,CrÚmazie inter. Nord,25/11/2004,0,335.695343017578,8638.166015625,0,8638.166015625,0,0,2899792,0,0,5.81620407104492,9.06394577026367,0,9.06394577026367,0,0,14.8801498413086,0,57.7999992370605,3,19.2999992370605,42.5,1,0,0,0,1,1,1,1,0,0,335.695343017578,8638.166015625,0,0,0,0,0,4,0,0,0,0,0,0,6958.8291015625,8.8477668762207,0.863816618919373,3.35695338249207,Ahuntsic-Cartierville,NA,,24583,"c(293100.65625, 5043486.5)"
284,Atwater,Sainte-Catherine,Atwater,Sainte-Catherine,25/05/2009,0,20754.75390625,31481.0546875,2161.81396484375,6101.55078125,23217.689453125,9844101,18432050,265733600,5,9.94053077697754,10.3571405410767,7.67870283126831,8.71629810333252,10.0526695251465,16.1023826599121,16.7296028137207,19.3980045318604,90,4,22.5,72.9000015258789,1,1,0,1,0,0,1,1,0,10138.2294921875,7277.57470703125,0,461.254730224609,14248.583984375,4684.29833984375,7094.240234375,8331.626953125,6,0,0,0,0,0,0,1749.52197265625,7.46709775924683,3.14810538291931,207.547546386719,Ville-Marie,NA,,24775,"c(298196.0625, 5038825.5)"
382,Duke,Wellington,Duke,Wellington,27/11/2007,0,0,17174.568359375,5376.07275390625,2381.34765625,9417.1474609375,0,0,0,0,0,9.75118541717529,8.58971309661865,7.77542209625244,9.15028667449951,0,0,0,68.1999969482422,4,17.1000003814697,55.2999992370605,1,1,0,1,1,1,1,1,0,0,0,2521.16162109375,0,9611.0830078125,0,5042.3232421875,0,4,1,1,0,0,0,0,1356.64697265625,7.21277141571045,1.71745681762695,0,Ville-Marie,NA,,24803,"c(300450.15625, 5039596.5)"
1075,Drolet,Jean-Talon,Drolet,Jean-Talon,13/11/2003,0,5688.1708984375,23134.2265625,1402.52490234375,1466.95178222656,20264.75,2410781.25,1031406.8125,60030368,1,8.64614391326904,10.0490684509277,7.24602890014648,7.29094219207764,9.91663837432861,14.6954612731934,13.8464336395264,17.9103603363037,57.7000007629395,4,14.3999996185303,55.4000015258789,0,0,0,0,0,0,1,1,1,4.9559178352356,615.441467285156,11101.2568359375,757.179504394531,3548.4375,2081.31103515625,8479.576171875,2234.23901367188,4,0,0,2,0,0,0,5250.6982421875,8.56611633300781,2.31342267990112,56.8817100524902,Villeray-Saint-Michel-Parc-Extension,NA,,24891,"c(295810.625, 5044194)"
1446,René-Lévesque,800 Face au Reine-Élizabeth,RenÚ-LÚvesque,800 Face au Reine-?lizabeth,15/07/2009,0,6622.32080078125,29946.08203125,0,0,29946.08203125,0,0,198312576,0,8.7982006072998,10.3071537017822,0,0,10.3071537017822,0,0,19.105354309082,48.7999992370605,2,24.3999996185303,48.7000007629395,1,0,0,0,0,0,1,1,1,0,0,16088.953125,6622.32080078125,0,0,13857.1298828125,0,4,0,0,0,0,0,0,245.587997436523,5.50365543365479,2.99460816383362,66.2232055664062,Ville-Marie,NA,,24901,"c(299471.40625, 5040123.5)"
491,Maisonneuve,250 Est,Maisonneuve,250 Est,08/04/2009,1,2005.05310058594,5576.02880859375,123.173149108887,0,5452.85595703125,55530.4765625,0,420854.625,0,7.60342597961426,8.6262321472168,4.81359100341797,0,8.60389518737793,10.9246873855591,0,12.9500427246094,28,2,14,27.7000007629395,0,0,0,1,1,0,1,1,0,0,1060.82250976562,5513.46484375,29.5585231781006,62.5641403198242,867.049987792969,0,47.6220664978027,2,0,0,0,0,0,0,1299.47900390625,7.16971874237061,0.557602882385254,20.0505313873291,Ville-Marie,NA,,24904,"c(299824.03125, 5041388.5)"
1414,Atwater,1588 Atwater  Forum Pepsi,Atwater,1588 Atwater  Forum Pepsi,25/05/2009,0,4130.79248046875,22128.056640625,0,0,22128.056640625,0,0,88457816,1,8.32622528076172,10.004602432251,0,0,10.004602432251,0,0,18.2980365753174,31.2000007629395,2,15.6000003814697,40.7000007629395,1,0,0,0,0,0,1,1,0.5,9977.3046875,2285.7734375,0,121.292915344238,12150.751953125,1711.767578125,0,11.9584560394287,4,0,0,0,1,0,0,1747.43005371094,7.46590137481689,2.21280574798584,41.3079261779785,Ville-Marie,NA,,24906,"c(298142.6875, 5038870)"
1767,Angrignon,2505 Accès Dépôt à neige,Angrignon,2505 AccÞs DÚp¶t Ó neige,20/08/2009,0,0,19426.283203125,9.57808971405029,9.57808971405029,19407.126953125,0,0,0,0,0,9.87438201904297,2.2594780921936,2.2594780921936,9.8733959197998,0,0,0,92.5,3,30.7999992370605,63.5999984741211,1,0,0,0,0,1,1,1,0,10692.9794921875,0,9.57808971405029,0,8723.724609375,0,0,0,7,2,1,0,0,0,0,6721.0087890625,8.8129940032959,1.94262826442719,0,Lasalle,NA,,24929,"c(295783.34375, 5034464.5)"
1766,Angrignon,2221 Accès Canadian-Tire,Angrignon,2221 AccÞs Canadian-Tire,20/08/2009,0,667.175964355469,26644.33203125,6204.68701171875,4128.15673828125,16311.4873046875,1175225,677308.375,4198933,0,6.50305414199829,10.1903324127197,8.73305988311768,8.32558631896973,9.69962501525879,13.9769697189331,13.4258823394775,15.2503414154053,104,4,26,85.5999984741211,1,0,0,0,1,1,0,1,0,10694.8955078125,134.43098449707,2687.61206054688,222.391983032227,10166.1845703125,99.578498840332,3095.638671875,210.774490356445,8,4,1,0,0,0,0,6712.3701171875,8.81170749664307,2.6644332408905,6.67175960540771,Lasalle,NA,,24930,"c(296001.375, 5034348.5)"
1762,Newman,7400 Accès Réno-Dépôt,Newman,7400 AccÞs RÚno-DÚp¶t,15/09/2009,0,554.316589355469,23969.9140625,2327.53198242188,1180.26037597656,20462.12109375,384658.3125,196065.28125,3755856.75,0,6.31773614883423,10.0845546722412,7.75256395339966,7.07349014282227,9.92633056640625,12.8601112365723,12.1862030029297,15.1388273239136,69.8000030517578,3,23.2999992370605,78.9000015258789,1,0,0,0,1,0,0,0,0,914.518493652344,198.537460327148,11564.3515625,7.94149780273438,208.928070068359,173.124664306641,11282.1162109375,174.712966918945,8,2,1,0,1,0,0,7811.66015625,8.9633731842041,2.39699149131775,5.54316568374634,Lasalle,NA,,24932,"c(295398.4375, 5033426.5)"
13837,Dollard,Salley,Dollard,Salley,08/10/2009,0,652.069885253906,17046.376953125,2950.544921875,2744.353515625,11351.478515625,365272.90625,719975.3125,2328302.75,1,6.48015213012695,9.74369335174561,7.98974514007568,7.91730117797852,9.33710289001465,12.8084001541138,13.4869718551636,14.6606502532959,80.0999984741211,4,20,53.9000015258789,1,1,0,1,1,0,0,0,0,7795.1318359375,38.6536254882812,76.6375350952148,147.892135620117,6599.951171875,166.378662109375,2574.65625,299.145477294922,4,0,0,1,0,0,0,9468.0546875,9.15567874908447,1.70463764667511,6.52069902420044,Lasalle,NA,,24980,"c(295131.15625, 5031697.5)"
1620,Jean-Talon,6565 Est (Canadian Tire),Jean-Talon,6565 Est (Canadian Tire),22/10/2009,0,1552.86743164062,22151.896484375,2415.90698242188,1762.66320800781,17973.326171875,1187932.75,566216.8125,10038868,0,7.34785795211792,10.0056781768799,7.78983020782471,7.47458076477051,9.79664421081543,13.9877252578735,13.2467317581177,16.1219749450684,57.2999992370605,4,14.3000001907349,55.2000007629395,0,0,1,1,1,1,0,1,0,793.745849609375,329.396118164062,10815.015625,331.076721191406,1213.42761230469,670.556396484375,9329.70703125,221.83821105957,6,2,1,1,0,0,1,10198.7958984375,9.23002529144287,2.21518969535828,15.5286741256714,St-LÚonard,NA,,24988,"c(299055.71875, 5050421)"
1650,Jean-Talon,6800 Est (Bureau en Gros),Jean-Talon,6800 Est (Bureau en Gros),21/10/2009,0,1214.65393066406,20338.978515625,3923.7412109375,3043.2021484375,13372.0361328125,808032,906133.8125,7609595,0,7.10221385955811,9.9202938079834,8.27480125427246,8.02066612243652,9.50092124938965,13.6023569107056,13.7169418334961,15.8449211120605,75.6999969482422,4,18.8999996185303,53.5,1,0,0,0,1,0,0,0,0,1722.39343261719,183.472198486328,7504.845703125,501.150939941406,2545.82641601562,467.174591064453,8565.9140625,62.8562164306641,6,2,1,1,0,0,0,10315.6845703125,9.24142074584961,2.0338978767395,12.1465396881104,St-LÚonard,NA,,24989,"c(299128.0625, 5050539)"
1637,Langelier,7220 (Belle Province),Langelier,7220 (Belle Province),16/07/2009,0,558.775085449219,23089.140625,344.769989013672,415.813507080078,22328.55859375,35640.7890625,98958.9453125,3958934.25,0,6.32574701309204,10.0471181869507,5.84287691116333,6.03023719787598,10.0136222839355,10.4812459945679,11.502459526062,15.1914854049683,45.9000015258789,3,15.3000001907349,45.7999992370605,1,0,0,0,0,1,1,1,0,10712.943359375,26.864185333252,0,116.411468505859,12043.96484375,150.439437866211,332.232879638672,265.059967041016,6,0,0,1,0,0,0,9887.9013671875,9.19906711578369,2.30891394615173,5.58775091171265,St-LÚonard,NA,,24998,"c(299336.78125, 5050111.5)"
1636,Langelier,7150  face IGA,Langelier,7150  face IGA,23/04/2009,0,352.521697998047,22530.76953125,1760.39794921875,2076.06884765625,18694.302734375,155795.078125,128458.578125,3454110.75,0,5.86511182785034,10.0226373672485,7.47329521179199,7.63823080062866,9.83597373962402,11.9562969207764,11.7633619308472,15.0550756454468,64.9000015258789,4,16.2000007629395,56.5999984741211,1,0,0,0,0,0,0,0,0,9346.18359375,94.2223892211914,1301.41625976562,37.3640518188477,11007.8125,90.9733428955078,875.357421875,129.9619140625,6,0,0,2,0,0,0,9861.890625,9.19643306732178,2.25307703018188,3.52521705627441,St-LÚonard,NA,,24999,"c(299413.1875, 5050084.5)"
1640,Jean-Talon,4290 Est (Métro),Jean-Talon,4290 Est (MÚtro),27/01/2009,0,2541.43139648438,17051.630859375,1888.60363769531,1344.53576660156,13818.4921875,537012.25,2238483.75,30529080,0,7.84048318862915,9.7440013885498,7.54359292984009,7.20380401611328,9.53376293182373,13.1937761306763,14.6213092803955,17.2341899871826,36.7000007629395,3,12.1999998092651,27.7999992370605,0,0,0,0,1,1,1,1,0,0,0,8359.0517578125,2004.50927734375,1794.798828125,331.572967529297,6897.78125,205.349166870117,4,0,0,2,0,0,0,7487.498046875,8.92098999023438,1.70516312122345,25.4143142700195,St-LÚonard,NA,,25002,"c(297768.4375, 5047564)"
1649,Jean-Talon,4305 Est (Maxi),Jean-Talon,4305 Est (Maxi),27/01/2009,0,572.716918945312,16278.2626953125,1967.81665039062,1184.02526855469,13126.4208984375,302195.28125,160479.640625,3011004,1,6.35039186477661,9.69758605957031,7.58468008041382,7.0766749382019,9.48238182067871,12.6188287734985,11.9859218597412,14.9177837371826,63.9000015258789,4,16,53.7999992370605,0,0,0,0,0,0,0,0,0,1165.26428222656,162.018600463867,7027.0234375,90.4289855957031,710.832092285156,184.625854492188,7375.1435546875,135.643478393555,4,0,0,1,0,0,0,7571.69287109375,8.93217182159424,1.62782621383667,5.72716903686523,St-LÚonard,NA,,25003,"c(297830.71875, 5047662)"
1403,Parc,5305,Parc,5305,16/10/2003,1,168.002334594727,28255.77734375,0,0,28255.77734375,0,0,4747036.5,2,5.12397813796997,10.2490530014038,0,0,10.2490530014038,0,0,15.3730306625366,16.2999992370605,1,16.2999992370605,34.0999984741211,0,0,0,1,1,0,1,1,1,12789.71875,0,0,0,15466.05859375,168.002334594727,0,0,4,0,0,0,1,0,0,3112.15209960938,8.04306983947754,2.82557773590088,1.68002331256866,Plateau-Mont-Royal,NA,,25023,"c(296992.4375, 5042369)"
557,Saint-Urbain,3650,Saint-Urbain,3650,08/10/2003,1,2377.4208984375,17338.38671875,0,378.237030029297,16960.1484375,0,359227.34375,4032141.25,1,7.7737717628479,9.7606782913208,0,5.93552112579346,9.73862171173096,0,12.7917108535767,15.2098083496094,13.5,1,13.5,13.6999998092651,0,0,0,1,1,0,1,1,1,17202.220703125,237.742095947266,0,655.7080078125,0,0,136.165328979492,1483.97082519531,2,0,0,3,1,0,0,1294.10205078125,7.16557216644287,1.73383867740631,23.7742080688477,Plateau-Mont-Royal,NA,,25030,"c(298947.9375, 5041483)"
1621,Queen-Mary,face 3791 (stat. Oratoire St-J,Queen-Mary,face 3791 (stat. Oratoire St-J,20/05/2009,0,1491.14978027344,21179.740234375,1466.82434082031,1386.064453125,18326.8515625,450607.6875,454541.0625,9590524,0,7.30730295181274,9.96080017089844,7.29085493087769,7.23422384262085,9.81612300872803,13.0183515548706,13.0270442962646,16.076286315918,63.5999984741211,4,15.8999996185303,63.5999984741211,0,0,1,1,1,0,1,1,0,693.0322265625,578.791564941406,8834.751953125,281.780090332031,967.240112304688,389.922729492188,10684.7158203125,240.655426025391,4,0,0,4,0,0,1,4014.23706054688,8.29760265350342,2.11797404289246,14.9114980697632,C¶te-des-Neiges-Notre-Dame-de-Graces,NA,,25044,"c(295356.0625, 5039238)"
186,Queen-Mary,Oratoire St-Joseph,Queen-Mary,Oratoire St-Joseph,20/05/2009,0,805.73876953125,19750.478515625,0,0,19750.478515625,0,0,15853561,0,6.69176006317139,9.8909330368042,0,0,9.8909330368042,0,0,16.5789051055908,26.8999996185303,2,13.5,37.5999984741211,0,0,0,0,0,0,1,1,0,0,1.52313601970673,8932.4150390625,638.19384765625,0,1.52313601970673,10818.0634765625,164.498641967773,4,0,0,1,1,0,0,3948.55688476562,8.28110504150391,1.97504782676697,8.05738735198975,C¶te-des-Neiges-Notre-Dame-de-Graces,NA,,25045,"c(295404.6875, 5039315.5)"
1707,Henri-Bourassa,6140 Wall-Mart,Henri-Bourassa,6140 Wall-Mart,08/04/2009,0,1609.29736328125,46604.41796875,4494.84228515625,4790.06689453125,37319.5078125,1395983.375,1774114.625,44196024,0,7.38355302810669,10.7494506835938,8.41068553924561,8.47430038452148,10.5272722244263,14.1491098403931,14.3888120651245,17.6041450500488,97.3000030517578,4,24.2999992370605,49.7999992370605,1,1,0,1,1,1,0,1,0,185.737289428711,313.648773193359,21516.19921875,510.705596923828,4516.3486328125,108.381248474121,20386.134765625,676.561767578125,8,3,1,2,0,0,0,12298.7197265625,9.41725063323975,4.66044187545776,16.0929737091064,MontrÚal-Nord,NA,,25079,"c(295734.90625, 5052010.5)"
8696,Gouin,Sunnybrooke / Lucerne,Gouin,Sunnybrooke / Lucerne,19/03/2009,0,991.676574707031,29390.314453125,4402.76953125,5604.5751953125,19382.970703125,701983.375,2392614.75,12685224,2,6.8993968963623,10.2884197235107,8.38998889923096,8.63133907318115,9.87215042114258,13.4616651535034,14.6878967285156,16.3559474945068,85.3000030517578,4,21.2999992370605,62.2000007629395,1,0,1,1,1,0,0,0,0,962.985412597656,125.211685180664,9751.1904296875,582.651733398438,6126.51318359375,185.313293457031,12549.6259765625,98.4998626708984,5,2,1,2,0,0,1,16810.5078125,9.72975921630859,2.93903136253357,9.91676616668701,Pierrefonds-Roxboro,NA,,25116,"c(282440.9375, 5040596.5)"
71,Sherbrooke,7141 Ouest (Univ. Concordia),Sherbrooke,7141 Ouest (Univ. Concordia),26/03/2009,1,2008.3955078125,10683.3603515625,292.74755859375,271.561889648438,10119.05078125,147534.84375,169859.265625,9223931,0,7.6050910949707,9.276442527771,5.67931079864502,5.6041898727417,9.22217464447021,11.9018201828003,12.0427255630493,16.0373115539551,45.5,3,15.1999998092651,46,0,0,0,1,1,0,1,1,0.5,273.487854003906,679.482116699219,4976.70849609375,365.618133544922,0,417.372283935547,5433.16357421875,545.922973632812,4,0,0,2,1,0,0,7237.5390625,8.88703632354736,1.06833600997925,20.0839557647705,C¶te-des-Neiges-Notre-Dame-de-Graces,NA,,25169,"c(293928.625, 5035315.5)"
1662,Marcel-Laurin,1757 Accès Maxi,Marcel-Laurin,1757 AccÞs Maxi,05/05/2009,1,177.875915527344,41115.8515625,1279.92102050781,1651.9267578125,38184.00390625,43411.1640625,158094.46875,696616.875,0,5.18108606338501,10.6241493225098,7.15455389022827,7.40969800949097,10.5501718521118,10.6784715652466,11.9709482192993,13.4539909362793,25.2000007629395,1,25.2000007629395,49.0999984741211,1,1,1,1,1,1,1,1,0,20268.79296875,3.04061388969421,1162.05773925781,104.901184082031,19685,15.2030696868896,0,54.7310523986816,7,1,1,1,1,1,0,9987.1826171875,9.20905780792236,4.11158514022827,1.77875912189484,Saint-Laurent,NA,,25230,"c(289384.3125, 5041794)"
1661,Marcel-Laurin,1605 Stationnement Wyeth,Marcel-Laurin,1605 Stationnement Wyeth,05/05/2009,0,74.4950408935547,40747.52734375,114.180000305176,158.378707885742,40474.96875,3496.97143554688,6184.7958984375,123068.7578125,0,4.3107328414917,10.6151504516602,4.7377758026123,5.06498908996582,10.6084394454956,8.15965270996094,8.72984886169434,11.7204990386963,25.1000003814697,1,25.1000003814697,49.4000015258789,1,1,1,1,1,1,1,1,0,20999.912109375,0,139.962585449219,71.4544296264648,19607.65234375,3.04061388969421,0,0,7,1,1,1,1,0,1,9801.095703125,9.1902494430542,4.07475280761719,0.744950413703918,Saint-Laurent,NA,,25290,"c(289550, 5041646.5)"
775,Notre-Dame,Saint-Clément,Notre-Dame,Saint-ClÚment,14/05/2009,0,22.6019401550293,38619.3515625,1274.35107421875,1899.43432617188,35445.56640625,17281.685546875,33.6383171081543,480599.03125,0,3.11803603172302,10.5615091323853,7.15019178390503,7.54931116104126,10.4757528305054,9.75740337371826,3.51566600799561,13.0827894210815,55.0999984741211,3,18.3999996185303,47.9000015258789,1,1,1,1,1,0,1,1,0,3188.66845703125,9.04077625274658,14869.91015625,13.561164855957,0,0,20560.771484375,0,5,0,0,0,0,0,1,6874.26513671875,8.83553981781006,3.86193513870239,0.226019397377968,Mercier-Hochelaga-Maisonneuve,NA,,25347,"c(302588.59375, 5046231.5)"
777,Notre-Dame,Viau,Notre-Dame,Viau,14/05/2009,0,10.5475721359253,38559.8203125,2738.45971679688,1002.73760986328,34818.62109375,16471.5625,5553.12548828125,157500.203125,1,2.35589599609375,10.5599660873413,7.91515111923218,6.91048908233643,10.4579076766968,9.70939064025879,8.62211608886719,11.9671821594238,83.1999969482422,4,20.7999992370605,68.0999984741211,1,0,1,1,1,1,0,1,0,0,6.027184009552,16391.689453125,4.52038812637329,79.9957656860352,0,22088.1328125,0,6,2,1,0,0,0,1,6959.7861328125,8.84790420532227,3.85598206520081,0.105475723743439,Mercier-Hochelaga-Maisonneuve,NA,,25349,"c(302622.625, 5046310.5)"
1255,Notre-Dame,5376 Est (Vopak accès Ouest),Notre-Dame,5376 Est (Vopak accÞs Ouest),22/05/2009,0,0,40317.73828125,3.81670308113098,19.0835132598877,40294.83984375,0,0,0,0,0,10.604546546936,1.33938705921173,2.9488248825073198,10.6039791107178,0,0,0,49.2999992370605,3,16.3999996185303,36.4000015258789,1,0,1,1,1,1,1,1,0,0,0,18314.447265625,0,0,0,22003.291015625,0,4,0,0,2,0,0,1,7490.337890625,8.9213695526123,4.03177404403687,0,Mercier-Hochelaga-Maisonneuve,NA,,25356,"c(302850.96875, 5046790.5)"
981,Notre-Dame,6380 Est (Norco),Notre-Dame,6380 Est (Norco),14/07/2009,0,16.2630405426025,24784.185546875,105.491020202637,28.9583206176758,24649.736328125,190.622756958008,33.6393127441406,89103.0546875,0,2.78889489173889,10.1179609298706,4.65862607955933,3.36585807800293,10.1125211715698,5.25029611587524,3.51569509506226,11.3975486755371,46.0999984741211,3,15.3999996185303,35.9000015258789,1,0,1,1,1,1,1,1,0,0,0,11825.3369140625,1.80700504779816,126.175537109375,12.6490316390991,12832.6728515625,1.80700504779816,4,0,0,0,0,0,1,8936.9892578125,9.09795379638672,2.47841858863831,0.162630409002304,Mercier-Hochelaga-Maisonneuve,NA,,25381,"c(303355.09375, 5048161)"
982,Notre-Dame,6769 Est (Ordonnance),Notre-Dame,6769 Est (Ordonnance),14/07/2009,0,45.1751136779785,25334.392578125,455.059326171875,508.839050292969,24370.494140625,5636.45361328125,6873.63232421875,176213.921875,0,3.81054592132568,10.1399183273315,6.12042808532715,6.23213195800781,10.1011276245117,8.6370096206665,8.83544826507568,12.0794544219971,63.2999992370605,4,15.8000001907349,47.2999992370605,1,0,1,1,1,0,0,0,0,244.077270507812,25.2980632781982,12098.373046875,1.80700504779816,188.229080200195,12.6490316390991,12803.71484375,5.42101383209229,6,3,1,0,0,0,1,9258.0078125,9.13324451446533,2.53343915939331,0.45175114274025,Mercier-Hochelaga-Maisonneuve,NA,,25382,"c(303524.03125, 5048435)"
972,Futailles,Notre-Dame,Futailles,Notre-Dame,11/08/2009,0,80.3771133422852,24251.875,1733.22497558594,3451.27954101562,19067.37109375,59373.828125,85815.4765625,68607.921875,1,4.38672876358032,10.096248626709,7.45773887634277,8.14649963378906,9.85573387145996,10.9916086196899,11.3599548339844,11.1361627578735,84,4,21,48.5999984741211,1,0,1,1,1,1,0,1,0,1748.39538574219,41.8630790710449,10962.552734375,3.34904599189758,54.9929161071777,35.1649856567383,11485.93359375,0,6,2,1,0,0,0,1,9919.1474609375,9.20222187042236,2.42518758773804,0.803771138191223,Mercier-Hochelaga-Maisonneuve,NA,,25395,"c(303871.90625, 5048999)"
1517,Notre-Dame,Chemin Gypsum,Notre-Dame,Chemin Gypsum,11/08/2009,0,23.443323135376,19583.166015625,161.186126708984,187.734436035156,19234.24609375,1809.98413085938,1536.89880371094,128832.765625,0,3.15458607673645,9.88242626190186,5.08256006240845,5.23502779006958,9.86444759368896,7.50107288360596,7.33752202987671,11.7662696838379,70.5999984741211,3,23.5,36,1,1,1,1,1,1,1,1,0,0,0,10554.8466796875,1.67452299594879,178.252899169922,16.745231628418,8850.06640625,5.02356910705566,5,1,1,0,0,0,1,10079.6845703125,9.21827697753906,1.95831656455994,0.234433233737946,Mercier-Hochelaga-Maisonneuve,NA,,25407,"c(303956.5, 5049136)"
1646,Hector-Barsalou,Notre-Dame,Hector-Barsalou,Notre-Dame,03/08/2009,0,48.9226837158203,20764.857421875,97.8250198364258,161.710739135742,20505.322265625,2212.6162109375,2253.9384765625,231502.015625,0,3.89024090766907,9.94101715087891,4.58317995071411,5.08580923080444,9.92844009399414,7.70193099975586,7.72043418884277,12.3523435592651,68.6999969482422,4,17.2000007629395,45.4000015258789,1,0,1,1,1,1,1,1,0,165.703598022461,37.6328353881836,10483.248046875,5.64492511749268,0,0,10115.9052734375,5.64492511749268,5,1,1,0,0,0,1,10189.234375,9.22908687591553,2.0764856338501,0.489226847887039,Mercier-Hochelaga-Maisonneuve,NA,,25408,"c(304014.03125, 5049229.5)"
967,Boucherville,Notre-Dame,Boucherville,Notre-Dame,03/08/2009,0,16.9347763061523,22703.390625,1577.17883300781,2142.16821289062,18984.04296875,879.035949707031,2697.212890625,17648.337890625,0,2.82936906814575,10.0302696228027,7.36339282989502,7.66957378387451,9.85135364532471,6.77882623672485,7.89997386932373,9.77839660644531,96.1999969482422,4,24.1000003814697,55,1,1,1,1,1,1,1,1,0,3080.48974609375,13.1714916229248,8722.3984375,0,750.657287597656,3.76328301429749,10149.8447265625,0,5,1,1,0,0,0,1,10405.3515625,9.250075340271,2.270339012146,0.169347763061523,Mercier-Hochelaga-Maisonneuve,NA,,25410,"c(304129.5625, 5049413)"
909,Assomption,Métro,Assomption,MÚtro,17/06/2009,0,901.523376464844,10983.6689453125,0,1.84444499015808,10981.82421875,0,0,9900371,0,6.80408620834351,9.30416488647461,0,0.612178027629852,9.30399703979492,0,0,16.1080837249756,40.5999984741211,2,20.2999992370605,40.5999984741211,0,0,0,0,0,0,1,1,1,6094.0458984375,751.55029296875,0,0,4889.623046875,149.973037719727,0,0,6,0,0,1,0,0,0,7704.6748046875,8.94958209991455,1.09836685657501,9.01523399353027,Mercier-Hochelaga-Maisonneuve,NA,,25464,"c(301138.375, 5047693)"
1321,Sherbrooke,15200 Est (Polyv. P.A.T.),Sherbrooke,15200 Est (Polyv. P.A.T.),21/10/2004,0,568.9169921875,19052.751953125,994.921752929688,348.222595214844,17709.607421875,42357.12109375,108760.9296875,8925766,0,6.3437352180481,9.85496711730957,6.90266418457031,5.85284185409546,9.78186321258545,10.6538915634155,11.5969066619873,16.0044536590576,50.0999984741211,3,16.7000007629395,26.6000003814697,0,0,1,1,1,1,1,1,0,0,0,7516.6337890625,477.279357910156,790.962768554688,64.9099960327148,10745.1552734375,26.7276439666748,4,0,0,0,0,0,1,21207.84765625,9.96212673187256,1.90527522563934,5.68916988372803,Pointe-aux-Trembles-RiviÞres-des-Prairies,NA,,25540,"c(304856.96875, 5060676.5)"
1322,Sherbrooke,15400 Est (C.I.P.),Sherbrooke,15400 Est (C.I.P.),21/10/2004,0,145.092926025391,18450.82421875,119.390609741211,119.390609741211,18212.04296875,6837.9208984375,7369.75927734375,139075.71875,0,4.97737407684326,9.82286357879639,4.7824010848999,4.7824010848999,9.80983829498291,8.83023929595947,8.9051399230957,11.8427743911743,54.2000007629395,3,18.1000003814697,24.6000003814697,0,0,1,1,1,1,1,1,0,0,0,7496.7353515625,7.63646984100342,139.289047241211,137.456451416016,10814.7998046875,0,4,0,0,0,0,0,1,21463.078125,9.97408962249756,1.84508240222931,1.45092928409576,Pointe-aux-Trembles-RiviÞres-des-Prairies,NA,,25541,"c(304917.6875, 5060924.5)"
1572,Laurentien,12150,Laurentien,12150,02/12/2008,0,231.834548950195,20047.474609375,396.100067138672,240.621536254883,19410.75390625,17540.837890625,17969.94921875,3788956.75,3,5.44602394104004,9.90585899353027,5.98166704177856,5.48322486877441,9.87358283996582,9.77228736877441,9.7964563369751,15.1476011276245,48.9000015258789,3,16.2999992370605,42.7999992370605,0,0,1,1,0,1,1,1,0,13904.22265625,103.715454101562,33.3168258666992,4.06727313995361,5891.525390625,91.5136337280273,218.410308837891,32.5381813049316,6,1,1,1,0,0,1,11956.1552734375,9.38900184631348,2.00474739074707,2.31834554672241,Ahuntsic-Cartierville,NA,,25666,"c(287645.6875, 5043114)"
9155,Langelier,Robert,Langelier,Robert,19/03/2009,0,687.829528808594,21557.392578125,2680.95141601562,2311.1650390625,16565.275390625,533464.9375,372750.21875,4565802,1,6.53354120254517,9.97847366333008,7.89392709732056,7.74550676345825,9.71506404876709,13.1871490478516,12.8286638259888,15.3341045379639,50.7999992370605,3,16.8999996185303,50.9000015258789,1,0,0,0,0,0,0,0,0,9548.9638671875,188.652267456055,82.8167495727539,193.660736083984,9477.7021484375,86.8134384155273,2447.90893554688,218.703079223633,4,0,0,3,1,0,0,10652.90625,9.27358818054199,2.15573930740356,6.87829542160034,St-LÚonard,NA,,25806,"c(297962.0625, 5050799)"
16238,Maisonneuve Provigo,Sainte-Croix,Maisonneuve Provigo,Sainte-Croix,02/09/2009,1,811.539978027344,20142.73828125,616.7861328125,902.750549316406,18623.203125,146577.171875,265245.0625,2726352,0,6.69893407821655,9.91059875488281,6.42452192306519,6.8054461479187,9.83216381072998,11.8953065872192,12.4884090423584,14.8184747695923,46,3,15.3000001907349,39.5999984741211,0,0,0,1,1,0,0,0,0,10651.708984375,114.570350646973,3.73809790611267,313.477203369141,9033.11328125,31.8250961303711,454.178863525391,351.667327880859,4,1,1,1,0,0,0,7628.23486328125,8.93961143493652,2.01427388191223,8.11539936065674,Saint-Laurent,NA,,26301,"c(291667.09375, 5041078.5)"
15281,Hodge,Sainte-Croix,Hodge,Sainte-Croix,02/09/2009,1,704.925903320312,22043.5625,2717.59692382812,4278.2529296875,15047.7119140625,456981.46875,781176.8125,5171975.5,0,6.55809307098389,10.0007762908936,7.90750312805176,8.36130046844482,9.61898136138916,13.032398223877,13.5685567855835,15.4587650299072,67.6999969482422,4,16.8999996185303,50.2999992370605,0,0,0,1,1,0,0,0,0,10068.5654296875,184.585556030273,4225.91943359375,167.081756591797,7038.837890625,157.534225463867,710.238525390625,195.724349975586,4,1,1,2,0,0,0,7572.35888671875,8.93225955963135,2.20435619354248,7.04925918579102,Saint-Laurent,NA,,26302,"c(291720.75, 5041055.5)"
1666,Henri-Bourassa,5700 Tyco,Henri-Bourassa,5700 Tyco,07/05/2009,0,52.7378616333008,33069.875,500.438598632812,215.802520751953,32353.634765625,4995.2900390625,5188.71044921875,1413759.625,0,3.96533393859863,10.4063777923584,6.21548509597778,5.37436389923096,10.384482383728,8.51625061035156,8.55424022674561,14.1617631912231,57.2000007629395,3,19.1000003814697,51,0,0,1,1,1,1,1,1,0,0,0,15660.56640625,25.6155338287354,247.428756713867,9.04077625274658,17161.880859375,18.0815525054932,6,0,0,1,0,0,1,11474.31640625,9.34786605834961,3.30698752403259,0.527378618717194,Saint-Laurent,NA,,26339,"c(287906.15625, 5041967)"
17000,32 e Avenue,Provost,32 e Avenue,Provost,19/05/2009,0,766.234741210938,35511.82421875,10162.0205078125,6244.90966796875,19104.892578125,1471085.5,612600,10224182,8,6.64148902893066,10.4776210784912,9.22641277313232,8.73952198028564,9.85770034790039,14.2015113830566,13.3254671096802,16.140266418457,89.1999969482422,4,22.2999992370605,64.1999969482422,1,0,1,1,1,1,0,1,0,16793.66796875,103.380874633789,4504.58544921875,136.82763671875,9132.55859375,471.295166015625,5081.01025390625,54.7310523986816,8,3,1,2,0,0,1,11613.8603515625,9.35995483398438,3.55118250846863,7.66234731674194,Lachine,NA,,26434,"c(289729.21875, 5033569)"
739,Hochelaga,Saint-Clément,Hochelaga,Saint-ClÚment,26/02/2009,0,600.925170898438,32517.716796875,4660.62158203125,1875.53955078125,25981.5546875,777693.1875,360338.5,6314037.5,1,6.39846992492676,10.3895397186279,8.44690418243408,7.53665208816528,10.1651420593262,13.5640869140625,12.7947988510132,15.6582860946655,78.4000015258789,4,19.6000003814697,67.4000015258789,1,0,0,0,0,0,1,1,0,9733.1513671875,97.8705520629883,12948.958984375,41.1056327819824,0,307.313537597656,9835.60546875,154.635467529297,5,0,0,0,0,0,0,6900.51708984375,8.83935165405273,3.2517716884613,6.00925159454346,Mercier-Hochelaga-Maisonneuve,NA,,26578,"c(301451.625, 5046763)"
1423,Duke,Ottawa,Duke,Ottawa,26/11/2008,0,4211.90234375,11020.44140625,1053.41101074219,286.292877197266,9680.7373046875,681787.6875,673235.625,17315670,0,8.34566974639893,9.3075065612793,6.95978879928589,5.65701484680176,9.17789268493652,13.4324741363525,13.4198513031006,16.667121887207,44.5999984741211,4,11.1000003814697,39.4000015258789,0,0,0,0,0,0,1,1,1,0,647.219055175781,0,2351.5625,8873.244140625,1048.82678222656,2147.19677734375,164.294067382812,2,0,0,1,0,0,0,1217.03002929688,7.10416889190674,1.10204410552979,42.1190223693848,Ville-Marie,NA,,26586,"c(300325.875, 5039660)"
1592,Pie-IX,Rachel,Pie-IX,Rachel,15/06/2004,0,4071.18823242188,27490.443359375,0,5213.275390625,22277.16796875,0,5898940.5,41793716,0,8.31169033050537,10.2215938568115,0,8.55896377563477,10.0113182067871,0,15.5902833938599,17.5482578277588,51.2999992370605,3,17.1000003814697,79.5,1,1,0,1,1,1,1,1,0,12458.0859375,805.123046875,6707.05078125,1162.11157226562,8325.3076171875,900.066772460938,0,1203.88684082031,7,0,0,0,1,0,0,6000.0517578125,8.69952297210693,2.74904441833496,40.7118835449219,Rosemont-La-Petite-Patrie,NA,,26722,"c(300510.875, 5046089.5)"
4510,Gouin,9650 Ouest Parc à ma Baie,Gouin,9650 Ouest Parc Ó ma Baie,24/03/2009,0,493.546478271484,23862.453125,964.71728515625,1203.03674316406,21694.69921875,125563.8203125,118411.7734375,9062870,0,6.2016167640686,10.0800619125366,6.87183523178101,7.09260416030884,9.98482322692871,11.7405691146851,11.6819229125977,16.0196952819824,45.2999992370605,3,15.1000003814697,37.2999992370605,0,0,0,0,1,1,1,1,0,0,20.2135066986084,8916.9619140625,254.353302001953,926.586181640625,55.5871467590332,14018.9052734375,163.392517089844,4,0,0,0,0,0,0,16674.197265625,9.72161769866943,2.3862452507019,4.93546485900879,Pierrefonds-Roxboro,NA,,26796,"c(282576.40625, 5040554.5)"
13293,Côte-Vertu,O'Brien,C¶te-Vertu,O'Brien,26/05/2009,0,1243.61108398438,38473.13671875,3270.70458984375,4274.3837890625,30928.048828125,1015224.875,1593748.25,15666461,0,7.12577486038208,10.5577163696289,8.09276103973389,8.36039543151855,10.3394193649292,13.830620765686,14.2815990447998,16.5670337677002,108.199996948242,4,27,79.1999969482422,1,1,0,1,1,0,1,1,0,5769.7734375,463.693634033203,17970.458984375,313.183258056641,0,307.102020263672,14732.9033203125,159.632232666016,6,0,0,0,0,0,0,8725.9228515625,9.07405376434326,3.84731364250183,12.436110496521,Saint-Laurent,NA,,26884,"c(290663.0625, 5041790)"
8895,Henri-Bourassa,Valiquette,Henri-Bourassa,Valiquette,31/03/2009,0,70.7472763061523,44792.625,7210.59423828125,4661.529296875,32920.5,96297.28125,102887.3125,1275103.125,0,4.25911378860474,10.7097988128662,8.88330745697021,8.44709873199463,10.4018507003784,11.4751949310303,11.5413904190063,14.0585384368896,123.699996948242,4,30.8999996185303,79,1,0,0,0,0,0,1,1,0,3393.66943359375,18.5290489196777,16375.408203125,1.68445897102356,219.253921508789,13.4756708145142,24804.291015625,37.0580978393555,7,1,1,2,0,0,0,13852.7666015625,9.53624057769775,4.47926235198975,0.707472741603851,Saint-Laurent,NA,,26939,"c(285396.09375, 5040018)"
1401,Notre-Dame,Sortie Molson,Notre-Dame,Sortie Molson,18/06/2009,1,508.439086914062,16028.21875,14.6159534454346,58.463809967041,15955.1396484375,3097.39916992188,17835.171875,5163976.5,0,6.23134517669678,9.68210601806641,2.68211388587952,4.06840801239014,9.67753601074219,8.03831768035889,9.78892803192139,15.457218170166,31.5,2,15.6999998092651,30.6000003814697,0,0,0,1,1,1,0,1,1,120.581611633301,56.6784553527832,0,305.063446044922,105.965660095215,126.693016052246,15801.671875,20.0041618347168,4,0,0,0,0,0,0,2617.21508789062,7.86986589431763,1.60282182693481,5.08439064025879,Ville-Marie,NA,,27152,"c(301064.53125, 5042107.5)"
1568,Parc,5647,Parc,5647,15/10/2003,1,1311.416015625,28292.130859375,0,45.3884468078613,28246.7421875,0,0,37043232,1,7.17886304855347,10.2503385543823,0,3.81525802612305,10.2487325668335,0,0,17.4275951385498,16.2999992370605,1,16.2999992370605,33.2000007629395,0,0,0,1,1,0,1,1,0.5,13016.3974609375,0,0,0,15275.7333984375,1311.416015625,0,0,4,0,0,0,1,0,0,3454.79809570312,8.1475191116333,2.82921314239502,13.1141605377197,Plateau-Mont-Royal,NA,,27154,"c(296697.40625, 5042555)"
155,Côte-Sainte-Catherine,Hôpital Sainte-Justine,C¶te-Sainte-Catherine,H¶pital Sainte-Justine,12/02/2009,0,1332.99694824219,21548.841796875,595.9072265625,934.633422851562,20018.30078125,39658.80078125,1068094.625,24254922,0,7.19518518447876,9.97807693481445,6.39008522033691,6.84015417098999,9.9044017791748,10.5880680084229,13.881386756897,17.00412940979,33.2000007629395,2,16.6000003814697,33.2000007629395,0,1,1,1,0,0,1,1,1,1528.44970703125,121.359481811523,10569.5126953125,66.5519790649414,0,0,9450.87890625,1145.08544921875,4,0,0,5,0,0,1,4128.5029296875,8.32567024230957,2.15488409996033,13.3299694061279,C¶te-des-Neiges-Notre-Dame-de-Graces,NA,,27156,"c(295119.65625, 5040307.5)"
89,Côte-Saint-Luc,5100,C¶te-Saint-Luc,5100,25/08/2009,1,68.6554489135742,15722.28515625,0,0,15722.28515625,0,0,1079420.5,1,4.22910118103027,9.66283416748047,0,0,9.66283416748047,0,0,13.8919353485107,17.7000007629395,1,17.7000007629395,35.7000007629395,0,0,0,1,0,0,1,1,0,0,0,7651.6005859375,15.0707082748413,0,0,8070.6845703125,53.5847396850586,4,0,0,3,1,0,0,4430.31787109375,8.39622688293457,1.57222855091095,0.686554491519928,C¶te-des-Neiges-Notre-Dame-de-Graces,NA,,27157,"c(295374.21875, 5038073)"
1224,Gouin,Laurentien,Gouin,Laurentien,03/12/2008,0,1432.30627441406,37314.92578125,4666.2529296875,6935.19970703125,25713.470703125,2720301,1648661.875,22009082,5,7.26704120635986,10.5271492004395,8.44811153411865,8.84436511993408,10.1547698974609,14.8162527084351,14.3154754638672,16.9069652557373,85.6999969482422,4,21.3999996185303,79.5,1,1,0,1,1,0,1,1,0,15703.30078125,586.776977539062,6463.2890625,142.619400024414,5645.93994140625,641.787353515625,9502.39453125,61.1226005554199,6,1,1,1,0,0,0,12285.3642578125,9.41616439819336,3.73149251937866,14.3230628967285,Ahuntsic-Cartierville,NA,,27241,"c(287362.125, 5043334)"
1941,Émile-Nelligan,Laurentien,?mile-Nelligan,Laurentien,03/12/2008,0,417.671112060547,20601.734375,505.888275146484,392.629730224609,19703.216796875,66034.46875,39912.97265625,3934154.5,0,6.0346941947937,9.93313121795654,6.22631597518921,5.97286701202393,9.88853740692139,11.0979318618774,10.5944566726685,15.1852073669434,60.0999984741211,3,20,43.5999984741211,0,0,1,1,1,1,1,1,1,14378.17578125,75.3845443725586,345.438629150391,142.619400024414,5829.041015625,124.282623291016,49.0787124633789,75.3845443725586,4,0,0,2,0,0,1,12177.1181640625,9.40731430053711,2.06017351150513,4.1767110824585,Ahuntsic-Cartierville,NA,,27242,"c(287451.40625, 5043247)"
1234,Laurentien,Salaberry,Laurentien,Salaberry,26/11/2008,0,338.545349121094,25309.392578125,7405.07568359375,6010.3154296875,11894.0009765625,433571.40625,947561.8125,2033031.375,0,5.82465791702271,10.1389312744141,8.90992069244385,8.70123291015625,9.3837890625,12.979811668396,13.7616472244263,14.5250387191772,49.7000007629395,3,16.6000003814697,57.4000015258789,1,1,0,1,0,1,0,1,0,14232.0595703125,157.655914306641,11077.33203125,155.996383666992,0,13.2762880325317,0,11.6167516708374,3,0,0,6,1,0,0,11564.5498046875,9.35569953918457,2.53093934059143,3.38545346260071,Ahuntsic-Cartierville,NA,,27243,"c(288001.71875, 5042921.5)"
1526,Jean-d'Estrées,Saint-Antoine,Jean-d'EstrÚes,Saint-Antoine,05/10/2009,1,1147.04772949219,27618.080078125,2548.24951171875,8285.6142578125,16784.216796875,941951.875,836730.5,7899199,0,7.04494714736938,10.2262258529663,7.84316205978394,9.02227592468262,9.72819423675537,13.755708694458,13.6372566223145,15.8822717666626,30.7000007629395,2,15.3999996185303,46.2999992370605,0,0,0,1,0,1,1,1,0,0,0,16784.216796875,100.985931396484,10833.8642578125,676.415222167969,0,369.646636962891,3,1,1,1,1,0,0,687.960998535156,6.53373193740845,2.76180791854858,11.470477104187,Ville-Marie,NA,,29332,"c(299508.125, 5039587.5)"
1717,Saint-Pierre,Sortie A-20 (int. Sud),Saint-Pierre,Sortie A-20 (int. Sud),19/08/2009,0,536.844360351562,24086.9140625,1912.64221191406,4770.96875,17403.302734375,112013.296875,309623.875,2226915.25,0,6.28570795059204,10.0894241333008,7.55624103546143,8.47030544281006,9.76441478729248,11.6263732910156,12.6431140899658,14.6161279678345,56.2999992370605,4,14.1000003814697,56.2999992370605,1,1,0,1,1,1,1,1,0,8861.2001953125,8.38819408416748,0,65.4279098510742,10955.6298828125,0,4270.0849609375,463.028289794922,5,1,1,0,0,0,0,8877.4560546875,9.09127044677734,2.40869140625,5.36844348907471,Lachine,NA,,29472,"c(293288.0625, 5033644)"
1197,Lajeunesse,Sauvé,Lajeunesse,SauvÚ,26/02/2009,0,2556.37890625,29130.453125,4259.16845703125,1580.72229003906,23290.5625,3220155.75,1464916,27836592,2,7.84634685516357,10.2795391082764,8.3568286895752,7.36563682556152,10.0558042526245,14.9849395751953,14.1973075866699,17.1418628692627,64.5,4,16.1000003814697,61.2000007629395,0,1,0,1,1,1,1,1,0,0,1428.91003417969,7063.06884765625,362.121032714844,13362.9580078125,497.182403564453,8704.4267578125,268.165313720703,5,0,0,1,0,0,0,8608.71875,9.06053066253662,2.91304540634155,25.5637893676758,Ahuntsic-Cartierville,NA,,29652,"c(292648.1875, 5045752.5)"
5229,Pie-IX,Prieur,Pie-IX,Prieur,03/07/2009,0,1183.53698730469,54389.03515625,2175.56127929688,2404.90625,49808.56640625,783646.1875,639565.1875,40615928,5,7.07626295089722,10.9039182662964,7.68504190444946,7.78526592254639,10.8159418106079,13.5717134475708,13.3685436248779,17.5196704864502,83.5,4,20.8999996185303,71.3000030517578,1,0,1,1,0,1,0,1,0,26726.181640625,482.319122314453,1605.41430664062,135.420364379883,23388.892578125,348.753845214844,2668.54565429688,217.043609619141,6,2,1,4,0,0,1,10801.6123046875,9.28745079040527,5.43890333175659,11.8353700637817,MontrÚal-Nord,NA,,29670,"c(294300.59375, 5049826.5)"
856,Dandurand,Pie-IX,Dandurand,Pie-IX,18/12/2008,0,0,39501.21484375,806.8212890625,1247.97790527344,37446.41796875,0,0,0,0,0,10.5840873718262,6.69310188293457,7.12928009033203,10.5306663513184,0,0,0,62.7999992370605,3,20.8999996185303,57.2000007629395,1,0,1,1,1,0,1,1,1,19677.474609375,0,0,0,18540.375,0,1283.36486816406,0,6,0,0,0,0,0,1,6445.77490234375,8.77118015289307,3.95012140274048,0,Rosemont-La-Petite-Patrie,NA,,29734,"c(299242.40625, 5046670)"
797,Pie-IX,Pierre-de-Coubertin,Pie-IX,Pierre-de-Coubertin,,0,2621.3076171875,27479.6015625,1479.37097167969,3073.421875,22926.80859375,683388.0625,2255399.75,30559726,14,7.87142896652222,10.2211990356445,7.29937219619751,8.03054714202881,10.0400619506836,13.4348182678223,14.6288375854492,17.2351932525635,107.099998474121,4,26.7999992370605,84.5,1,1,0,1,1,0,0,0,0.5,11598.7275390625,1103.82678222656,5084.90771484375,699.165222167969,7575.75537109375,249.541290283203,3220.21215820312,568.774291992188,6,0,0,0,0,0,0,5946.35107421875,8.69053268432617,2.74796009063721,26.2130756378174,Mercier-Hochelaga-Maisonneuve,NA,,29879,"c(300763.96875, 5045973.5)"
