geometry,node.id,deg_unweighted,deg_weighted,betweenes,closeness,eigcentrality,eccentricity,harmonic
"c(286478.364583396, 5042813.19485071)",23,4,421.3867991708214,35963180,2.279960889692638e-9,0,29961.650617061732,3.148933578756203
"c(289116.693895785, 5043195.09157179)",52,4,698.0112573526288,4194121,2.4934556662174562e-9,0,28016.17016897275,3.6709719634598668
"c(286909.349267774, 5043103.07888578)",101,3,350.19267338191617,36478025,2.3150108919555798e-9,6.621115305834208e-19,29428.10284687937,3.2255472779020224
"c(286796.366553414, 5042979.7010111)",102,3,410.17053237321295,36554832,2.3031509722345385e-9,0,29596.96400044694,3.170205904154981
"c(286335.23318961, 5042699.28900036)",105,5,655.2024888637404,35877698,2.269135845005844e-9,2.5573661433083026e-19,30144.587464052584,3.144014923837408
"c(288168.234058013, 5043097.79462016)",121,4,726.9024356076301,1201372,2.416217097037756e-9,0,28365.902035547264,3.419835052055211
"c(288060.478072569, 5042969.39964619)",165,5,595.2399228934464,999800,2.4159262072325265e-9,0,28533.562057505733,3.4417578139070537
"c(287862.429107939, 5042994.29064837)",171,4,570.6380213819111,3707166,2.3882841066046224e-9,8.90301501873689e-19,28784.288447793093,3.3318404846641285
"c(288874.957335132, 5043412.32474177)",185,4,804.9611151484146,1264019,2.4596449321515127e-9,0,27980.071490794766,3.555081104730486
"c(288634.768994168, 5043628.4035119)",205,4,807.2030652389703,1165622,2.4422107531748997e-9,0,27659.34087461122,3.4914146123950713
"c(288317.050037679, 5043268.03658546)",221,3,592.7202171780953,966532,2.4141830724428305e-9,0,28139.78430413815,3.36831842304659
"c(289908.183786986, 5044079.01739093)",354,4,623.4011846230115,1159550,2.470181197084958e-9,2.6919524186020345e-19,27714.843605843645,3.6460412265403344
"c(289724.345812257, 5043873.9084329)",355,4,486.38796127040354,1582949,2.4702948357934973e-9,0,27439.404741458766,3.671104391875077
"c(290765.279637076, 5044066.10036478)",393,4,411.6170041805074,10622966,2.5439178236044104e-9,5.72837952617879e-20,28206.87674991007,3.8932546834838146
"c(291887.002441816, 5044077.58432556)",484,4,418.9725115992964,2785876,2.6125766559493574e-9,1.408616014018303e-18,29257.900088873805,4.044304477308397
"c(292005.874417071, 5043956.81634274)",520,4,274.10670312352954,19496296,2.625992981138369e-9,1.4939309339942047e-18,29306.143388189277,4.1252460260929515
"c(292528.804318534, 5043736.34936395)",521,5,812.4398211076302,19532615,2.6482849083536707e-9,0,29873.830052327245,4.058149807084697
"c(290844.835139128, 5044244.86838087)",525,4,485.3794231155282,11011570,2.531894152277059e-9,0,28402.54759976464,3.846457103825195
"c(289515.341871398, 5044559.44331988)",542,5,520.2200657131342,2565188,2.4360803920742518e-9,0,28165.70766814007,3.6790098801050504
"c(289802.884816397, 5044412.66533604)",543,4,632.6117350875446,222237,2.4393352922658047e-9,0,28172.61004257629,3.629793089010704
"c(291627.700482964, 5043954.74135566)",558,4,387.25324318684625,7100566,2.6000093284624074e-9,0,28919.457639053897,3.9609508015881185
"c(293007.097275645, 5044955.38713475)",579,4,478.7036633801871,3816455,2.6098034461644773e-9,0,31187.912261865913,3.996681407572563
"c(291925.928479349, 5045412.13709079)",629,4,470.4177369327762,5831285,2.5449289471103553e-9,0,30419.940496060026,3.788357363339559
"c(293248.501230233, 5044855.77314415)",687,4,906.8109118345519,5034456,2.6270339407801607e-9,0,31449.062528963874,3.9927227374883634
"c(292526.761030979, 5045153.11186613)",718,4,800.3811928871863,3799400,2.587380094443562e-9,0,30727.778948220588,3.8865883908701244
"c(292108.626444853, 5045332.62309863)",734,3,537.2811389517924,2035313,2.5567088200719404e-9,0,30618.596803909106,3.792558213799089
"c(292318.606060157, 5045239.83288288)",737,5,774.1400115060743,13107209,2.584529830735138e-9,0,30502.276339139626,3.9211978098260922
"c(294223.499112268, 5046418.25583837)",816,4,928.3434956455252,1792845,2.512251476909547e-9,0,33451.297820028594,3.8330909477250863
"c(293492.124184702, 5044764.23215205)",831,4,209.30391079829218,2545721,2.641347991387134e-9,1.0733198400532703e-18,31705.38522932956,4.201636479970509
"c(293684.881166921, 5045239.86406243)",833,4,671.3897455673861,22989566,2.611928210140803e-9,0,32183.752817463468,4.0691596622560455
"c(293444.507112118, 5045338.49295318)",834,4,664.3905227261922,16179555,2.597865652939187e-9,0,31923.930535630698,3.9757970603558004
"c(293204.405257261, 5045436.95904394)",835,4,665.4490316119882,15111687,2.5856261003097774e-9,0,31664.421493650316,3.903499434991473
"c(293233.08225455, 5045505.75003096)",843,4,659.3778713252166,1483422,2.5811101336589982e-9,0,31738.982252431477,3.9088543129746025
"c(293626.909214197, 5046356.11386912)",847,4,608.519777194562,808289,2.5107385459571687e-9,0,32690.4454037153,3.8934662655965395
"c(294679.273007433, 5045657.1269563)",854,4,264.0270951422638,6562284,2.5903930485500106e-9,2.1607411077837653e-20,33271.22615587489,4.430468584875944
"c(294620.593021919, 5045784.75393593)",855,4,512.3420800556958,1977478,2.569975325780266e-9,7.484497636459782e-19,33409.147964838405,4.226645214055237
"c(294271.524093147, 5046095.78089317)",856,4,539.5049092065033,2171436,2.5251504064536063e-9,0,33383.77624783432,3.9696400797665743
"c(294073.567130324, 5046175.76388578)",857,4,754.4435617222889,8265858,2.534253873780477e-9,0,33170.27153414375,3.9532548952666113
"c(293847.627307752, 5046267.01015235)",858,4,623.7707313556643,8273591,2.522305166274311e-9,0,32926.60149846285,3.9286589589349967
"c(293758.139137213, 5044731.33014895)",861,4,317.1667984647276,4248417,2.6603366302972647e-9,1.4234034984957758e-18,31901.702813206288,4.423365483860824
"c(293712.801164256, 5045306.10704991)",874,4,598.342480630512,23083400,2.6075369027920416e-9,0,32255.772598256288,4.064103737059943
"c(293852.590150967, 5045638.91398703)",877,4,644.3153477755948,8455653,2.5836195554966334e-9,0,32616.088533598184,3.9838914007913466
"c(293473.302209339, 5045405.85804043)",910,4,657.3252923084442,1591147,2.593434310612291e-9,0,31997.246472209223,3.972541034050344
"c(292993.021094733, 5045605.75262145)",911,4,557.5705934711232,2181839,2.571063962582956e-9,0,31480.764818419153,3.9231907065682234
"c(293370.950218933, 5045157.84408723)",913,3,526.3181835575137,1293012,2.606613513951226e-9,0,31775.011430272836,3.9588769532352845
"c(292964.292152405, 5045535.5082347)",921,4,587.5405632092865,15882081,2.575652660497885e-9,0,31404.870630333757,3.9114180724332277
"c(293125.598287497, 5045932.73695985)",923,5,977.6237593344706,1883092,2.5485029474409622e-9,1.1698556296691586e-18,31833.624784235788,3.8683108296099182
"c(293607.336197027, 5045737.96397788)",945,3,609.0862859118175,710758,2.5697311113822272e-9,0,32353.24805138499,3.88933527765035
"c(293366.615242233, 5045835.23596888)",946,3,604.5554524722437,718237,2.5580018553693715e-9,0,32093.616679723924,3.8450862011862363
"c(292625.854365913, 5045670.85602228)",986,5,756.3033442354118,24950968,2.563551374766694e-9,0,31040.21399586002,3.933841670050875
"c(292364.082415045, 5045775.9210126)",987,4,724.1804272666488,169533,2.528820529458604e-9,0,31179.89269237821,3.767065077950299
"c(292124.138460176, 5045875.22800321)",988,4,701.0573934309231,3968826,2.5175854377647067e-9,0,30920.20713172651,3.736178095566857
"c(291883.748905394, 5045974.85204377)",989,4,703.5767492179889,218900,2.4976076325969443e-9,0,30659.990474126043,3.6466995682666115
"c(291626.033553848, 5046081.06598376)",990,4,438.34334208438077,10598206,2.485610193393101e-9,0,30398.77261914098,3.711533559981641
"c(291401.419596088, 5046174.04897495)",991,6,778.2295040642668,19552945,2.4558233028320755e-9,1.0093001957491638e-18,30641.87374319021,3.5779809282413177
"c(292156.869457069, 5045953.43998844)",1017,4,689.64323048347,4108117,2.5129636651257303e-9,0,31004.993716340145,3.7396428127964905
"c(292291.949444342, 5046279.01592702)",1018,4,694.2552479363239,4412338,2.4933682870832918e-9,0,31357.49004742564,3.708887980244984
"c(292514.828423274, 5046813.85482608)",1024,4,693.9197222889547,4224278,2.4522691234020033e-9,0,31907.942408347542,3.664037241744299
"c(291438.03359215, 5046247.68096086)",1055,5,288.878084256786,55151,2.4514718199163764e-9,0,30722.746235273404,3.6665022990162632
"c(291670.295561366, 5046539.78390207)",1058,4,555.2415535040091,19428992,2.448453981199598e-9,0,30926.343007909843,3.58917418119646
"c(291741.962547864, 5046509.38590501)",1084,4,369.10066548214985,15674768,2.459367051499615e-9,8.331354029329962e-19,30848.49381944251,3.6780464167428355
"c(292396.834411923, 5045853.7669979)",1095,4,712.0066186522514,278273,2.524173483724287e-9,0,31264.348201662262,3.7738691235348907
"c(291916.327567333, 5046053.6666289)",1096,3,608.4349207734421,226407,2.4930307897765752e-9,0,30745.273141283662,3.6345203022607113
"c(292052.615594387, 5046379.13479246)",1128,3,663.7334007496106,359042,2.4758227705371694e-9,0,31179.151819079085,3.611292163443756
"c(292274.594603477, 5046914.08624154)",1132,4,595.9252639538654,789021,2.4379140637799393e-9,0,31647.6235783106,3.619240563463673
"c(292532.335399081, 5046178.03993668)",1141,4,693.8424987736508,610877,2.5046716871925052e-9,0,31614.440316891898,3.749151634791632
"c(292754.404378189, 5046713.81083561)",1143,4,694.9298611566242,789884,2.461938732911345e-9,0,32167.56843449177,3.7124660742018443
"c(292770.758354212, 5046078.61594614)",1146,4,621.2399635182973,9885238,2.536062853125155e-9,0,31475.23522337261,3.864647750935578
"c(292995.183332862, 5046612.85784525)",1148,4,511.2925213997445,10148196,2.4914469892891443e-9,0,32054.72385378495,3.850967197349339
"c(292124.908836655, 5046977.00446052)",1159,4,379.5169320202632,9761513,2.4305538893541273e-9,0,31485.222009593275,3.649173355106023
"c(291723.955254949, 5046327.09858748)",1167,4,282.9116556236967,10390441,2.4661823113362727e-9,7.349563063999364e-19,30663.787541852824,3.805876676897489
"c(293821.423231764, 5047901.21159248)",1264,4,611.0510557792562,7276419,2.374422154777379e-9,0,33780.998491432016,3.8788107556077054
"c(293660.660262972, 5047997.13158107)",1265,4,609.0359677270629,7313581,2.366821723002807e-9,0,33595.235219073256,3.6808605899815485
"c(293617.266255874, 5047557.03765945)",1269,4,345.38215886524375,7194565,2.4043492748005552e-9,0,33380.816137247966,3.922846635058727
"c(293454.916257386, 5047653.72172295)",1270,4,595.6025451761197,7266369,2.3965218595514703e-9,0,33194.90474775806,3.720648562603399
"c(293282.947306459, 5047326.50771089)",1280,4,631.2031032308741,8004143,2.4319997123606304e-9,0,32824.248660201265,3.830980232247728
"c(293055.436295615, 5047461.89989479)",1281,4,630.4948365154858,803318,2.401452635483673e-9,0,32964.223240318046,3.7382133518857907
"c(294145.969193696, 5048455.70548473)",1318,4,270.3235642033535,7656153,2.332904806035018e-9,1.64189229063988e-19,34419.97279396696,4.239845891643974
"c(293987.334224427, 5048548.47247381)",1319,4,445.319197376395,7579586,2.325633490049132e-9,8.664836816461964e-19,34236.13229570674,3.7784163545853255
"c(295573.069432078, 5046270.90771912)",1389,3,285.01366676621046,1911888,2.533429416733708e-9,0,34387.571157964085,4.255959114274816
"c(296011.049249109, 5046522.00181057)",1390,4,175.2862253318546,2262036,2.509515698296998e-9,8.28898654210599e-19,34879.42385210182,4.331435829489605
"c(296259.762766968, 5046708.07071972)",1394,4,443.1002552547261,1928435,2.4896489361216775e-9,0,35191.46971292252,4.214493760999268
"c(295314.370769773, 5047696.60512845)",1402,4,572.4127737722795,1431655,2.3288223341405366e-9,1.1035742287696271e-18,35744.21099271364,3.693658586384788
"c(295728.476845798, 5046295.26180967)",1437,5,588.4484224315618,2383736,2.529265593765116e-9,0,34552.77670138071,4.205052795801041
"c(295860.769828936, 5046480.92377278)",1438,4,335.03428528914395,1941985,2.5124538136491186e-9,7.539106759530128e-19,34722.70754935918,4.240802166566823
"c(295917.369822369, 5046579.7787536)",1439,6,587.6659831712379,8059290,2.504676884751903e-9,2.8422871693699344e-18,34833.00101549827,4.208889855466696
"c(294856.265904248, 5047985.49889324)",1458,4,639.6859463691995,1237044,2.3105526795350165e-9,0,35202.68583979601,3.657374668497532
"c(294622.401099894, 5048132.23352539)",1471,4,595.3764162756576,956774,2.3101455832699596e-9,0,34927.095995120115,3.6800386115309047
"c(295087.281749127, 5047839.789336)",1510,3,340.00117616373564,1097672,2.3188422596050175e-9,0,35475.74914972994,3.682781762030867
"c(296880.647687694, 5047573.76554757)",1530,4,432.91747714889533,9385830,2.4121141081496927e-9,0,36277.82076790078,4.188438762678393
"c(296732.240708572, 5047424.65157861)",1540,4,426.10191101247244,5901860,2.429035474683487e-9,0,36042.47775877028,4.195675618268652
"c(296837.558111114, 5047600.96254426)",1543,4,418.4716645658324,5867780,2.4104566647637646e-9,0,36247.933443282316,4.183750653638779
"c(297473.476583113, 5047536.29353428)",1557,4,588.7527748377386,1366020,2.3699122419724206e-9,0,36996.72984544947,4.17211687534763
"c(296523.853748754, 5047540.12356539)",1575,4,862.0602724337027,7686533,2.4170890637411228e-9,0,35968.876854372,4.0822833212509355
"c(296641.949734418, 5047726.86652879)",1578,4,850.6028682277451,11752939,2.398573861035504e-9,0,36189.83165183986,4.098018541635432
"c(295596.60790967, 5047519.46359999)",1618,4,351.8839212289373,1359065,2.3448983750486435e-9,0,36075.68009504947,3.7903108398085803
"c(297239.954628752, 5047683.77251631)",1634,4,439.520807299264,1236687,2.376632137896624e-9,0,36767.261383373865,4.2220018413626645
"c(296770.19370115, 5047400.55458156)",1641,4,308.45398145366454,13800597,2.430716491439207e-9,2.2379810232992385e-19,36072.3778510725,4.207286158460316
"c(298141.418465083, 5047488.32352029)",1677,4,541.6346905533808,1735182,2.328510461093768e-9,0,37748.00921331868,3.963855970871243
"c(295551.76091842, 5047547.4665966)",1707,3,345.1332932805831,1345574,2.3419209911790332e-9,0,36022.9649317224,3.7683838130669662
"c(295784.69140294, 5047401.24223938)",1708,3,385.6346772649561,1378872,2.3659530337160784e-9,3.491945947880017e-19,36006.57221597095,3.8503899320872548
"c(297361.957565796, 5046438.38873002)",1730,4,446.139931527063,120741,2.4392019304838545e-9,6.898907625677596e-19,36490.44573842592,4.199402921329202
"c(297112.372588343, 5045811.73484799)",1744,4,827.3731086433722,5196836,2.4927235499970593e-9,0,35780.77269110911,4.1068844514070255
"c(297468.01454574, 5046391.61473465)",1752,4,283.1356490623933,1961524,2.4412335406207965e-9,0,36461.03033885065,4.193311441328272
"c(297697.060518252, 5046763.27366198)",1757,4,612.2236946630401,2356328,2.4038397625907516e-9,0,36897.607353241234,4.056590726168666
"c(296037.849798191, 5046484.75176619)",1760,4,188.28648313303998,2740721,2.5126149508094992e-9,7.960078544390427e-19,34884.290733088645,4.349994817617697
"c(296302.177758668, 5046680.93972305)",1762,4,408.59312707847215,3280020,2.492153168436576e-9,3.7111853038652683e-19,35214.631686687855,4.227647946567984
"c(296651.532677912, 5046087.24481521)",1771,4,588.6904325343005,1161082,2.4901400584546567e-9,0,35608.078425697175,4.079622386680149
"c(296834.247642196, 5045971.89482927)",1800,4,700.147494892015,16568347,2.508181131449689e-9,0,35565.6593409766,4.135888788110605
"c(296472.49071292, 5046200.62480136)",1801,4,583.3909410764079,1278843,2.4892782788691747e-9,0,35396.15608632711,4.08705259308298
"c(296293.198612971, 5046314.06136252)",1802,4,583.6562414835907,1451143,2.4977103465740877e-9,0,35183.991460285084,4.129371610867877
"c(296113.611783071, 5046427.52077367)",1803,4,422.49889894591,1731248,2.5064034591504914e-9,0,34971.56552294155,4.205994527030309
"c(297125.889610868, 5046555.38271746)",1813,4,435.6561153093212,9561362,2.4611806738182122e-9,0,36226.346177029445,4.282488288054857
"c(297031.023629424, 5046615.66671009)",1845,4,281.4975662730212,14557099,2.4602773938313917e-9,1.2801277678371322e-19,36144.84585370923,4.264983453081521
"c(296715.244635968, 5045165.0499744)",1881,4,808.6607653343643,2780870,2.540191517949205e-9,0,35021.71735133201,4.0753785561537
"c(296880.198615834, 5045423.25992371)",1885,4,576.6651845595276,2251122,2.5207845125945373e-9,0,35328.20189307648,4.101950750169747
"c(296950.639607499, 5045541.28190071)",1887,4,552.6776073708462,4455075,2.5102193932236945e-9,0,35465.64692345635,4.109156786953732
"c(296052.65873715, 5044734.78707183)",1916,4,846.0808075449781,17572184,2.598880023060244e-9,0,34102.23637918327,4.142991671356673
"c(295785.896789324, 5044903.91905114)",1917,4,897.4284685323449,2149728,2.5668521101710438e-9,0,34402.5335708213,4.0883343368289395
"c(296169.417742769, 5045512.55793185)",1938,4,739.8695401407217,1551870,2.528078595287431e-9,0,35035.13188869693,4.063830421544775
"c(296416.986706405, 5045716.22688795)",1939,3,389.4882488619549,669318,2.5140603459970518e-9,0,35346.21847021477,4.06646245175849
"c(296313.594705267, 5045142.64199175)",1944,4,674.3713641086019,15699164,2.564506242954496e-9,0,34586.45040504271,4.0856670654428395
"c(295508.249117017, 5045930.57538081)",1950,5,673.2215430823585,2728433,2.5507517003493736e-9,0,34252.90121879776,4.204315807549545
"c(295671.080852226, 5046188.10983033)",1951,6,725.7466706073966,2198008,2.5349970091292127e-9,3.425527644127553e-19,34484.537539574616,4.214613722679685
"c(296153.572724833, 5044892.97204078)",1953,4,674.774561771259,15679648,2.584779852793663e-9,0,34289.87852521671,4.106989384819009
"c(296255.250712484, 5045054.13000919)",1954,4,693.7739663708498,15684559,2.5713054748805622e-9,0,34480.43259018064,4.089314925262485
"c(296440.908689691, 5045340.98695279)",1956,4,806.1147921182668,16739968,2.5554813413625114e-9,0,34822.14444523518,4.101551969897471
"c(296602.622670115, 5045598.98290225)",1957,4,686.7308989535234,16244344,2.5361138648134348e-9,0,35126.65682012939,4.116015382853691
"c(296674.875661434, 5045716.13187934)",1958,4,681.9408826162736,15675970,2.525148653925813e-9,0,35264.29945402372,4.11035741191413
"c(295949.915780689, 5045651.57241486)",1961,4,531.950485766375,1155175,2.5272539242004997e-9,0,34775.31223675759,4.08342740096841
"c(295880.563811295, 5046056.12784642)",1969,3,330.81934930679097,1382654,2.5244318746526167e-9,0,34732.14973316866,4.192307943500876
"c(295854.109804407, 5045711.85590752)",1973,4,419.9493468321639,1569797,2.5335259592993886e-9,0,34662.118070127435,4.122063574319243
"c(295729.782483713, 5045790.50424791)",1974,4,568.2644599481504,1801768,2.5397004519331475e-9,0,34515.00234962225,4.127662569894838
"c(295465.68885197, 5045107.68702618)",1979,4,645.1790946226273,3405102,2.5626138723286493e-9,0,34187.9276315761,4.119248339366587
"c(294738.374479088, 5044816.22545144)",1995,4,661.5535153073279,804635,2.607850478556715e-9,0,33171.25210310407,4.136809870727832
"c(294051.181100561, 5045165.26106328)",2025,4,393.9017853081781,23892044,2.6308295441190353e-9,0,32456.865851504295,4.331763065388085
"c(294678.753384603, 5044669.70215406)",2040,4,681.4106217877999,866004,2.61565607767725e-9,0,33034.07586998835,4.117666131945967
"c(294466.294782722, 5044851.69512931)",2063,4,682.3152552679562,285216,2.6041166156326863e-9,0,32842.249795171665,4.097073901988542
"c(294517.544857918, 5044975.7155309)",2064,4,660.5192093361073,500125,2.5971372266417756e-9,0,32960.2780186946,4.112964688953245
"c(294295.721033666, 5044437.38018248)",2066,4,623.0267147904675,1537343,2.6260137269459516e-9,0,32410.39300868336,4.1680174181218765
"c(294711.349196609, 5044750.40521386)",2076,4,684.1619955879903,956980,2.6118802827967182e-9,0,33107.424812867794,4.127772558046463
"c(294763.693581656, 5044875.70869019)",2077,4,662.2839400758971,1205485,2.604847157809289e-9,0,33225.967051127445,4.149303361159372
"c(294934.163946871, 5045173.85703234)",2079,4,513.0629413625295,996179,2.5891651142325153e-9,0,33553.18987358187,4.213365777924975
"c(294277.279058055, 5045072.86907191)",2091,4,637.999917994518,671638,2.612899964455793e-9,0,32701.11298916421,4.1684008206153305
"c(294598.326430502, 5045325.82356695)",2093,4,470.8479468236609,382632,2.5838744522573236e-9,0,33184.62673505492,4.168031219008912
"c(294226.829482762, 5044950.06374508)",2097,4,650.3356628518351,394038,2.6199219822425986e-9,0,32583.36640434409,4.158643163969958
"c(294056.572078672, 5044536.32517313)",2103,4,438.71485322035863,1538779,2.6417512320573163e-9,0,32151.583124906716,4.243559778664763
"c(294764.047979107, 5045250.99202452)",2114,4,505.2449366093323,638468,2.5844063909196156e-9,0,33366.46045671088,4.179958531973479
"c(294536.668988281, 5044336.58919209)",2121,4,386.47774050763195,1870262,2.6339816392016056e-9,0,32671.574667211786,4.340875407245702
"c(294875.237252285, 5045477.85825612)",2126,4,564.7417252092704,763522,2.5724245706820853e-9,2.076623199683581e-18,33530.9639941664,4.277750508677957
"c(296003.728742697, 5044645.37008911)",2150,4,817.3888545264693,17523303,2.6056644376042763e-9,0,34000.210177173714,4.173507204096017
"c(295638.758797043, 5044366.39815011)",2167,4,648.8491550657644,743688,2.612205102698861e-9,0,33707.597926820905,4.192751155951995
"c(295761.16178247, 5044569.4131105)",2169,4,382.6648555352469,664622,2.597400465721948e-9,1.3725528287920732e-18,33950.104226219606,4.221308043438639
"c(295806.2437769, 5044638.11409697)",2170,4,473.077644061281,753745,2.5932905596623158e-9,0,34032.27652485784,4.18396910846265
"c(295540.018990835, 5044713.06589275)",2179,4,572.9525401405567,2130022,2.5791673208638242e-9,0,34129.41269735876,4.158662811563936
"c(295309.309676097, 5044863.59997411)",2180,4,505.582104263101,2275213,2.58011893766435e-9,0,33898.026183759524,4.2194050289153555
"c(295516.908799418, 5043800.68225318)",2186,4,587.4651411056591,16679659,2.660521667520875e-9,0,33010.54410596922,4.293873210382768
"c(295410.718435022, 5044462.39616592)",2198,4,638.5334042783863,2102689,2.596897752543081e-9,0,33863.79099442547,4.148059677764131
"c(295465.269709728, 5044588.86836697)",2199,4,518.6136998335462,2215356,2.5885535826118173e-9,0,33984.01740790698,4.168684216521758
"c(295586.597510002, 5044781.68287919)",2201,4,505.3697495187356,290476,2.5746368456594003e-9,0,34212.535071524915,4.150625022933336
"c(294785.346236906, 5044246.60359954)",2212,4,416.67715642628235,567862,2.616461371407446e-9,0,32947.7289761767,4.153234930812402
"c(294952.50853124, 5044651.19269817)",2215,4,682.364136148878,206741,2.594866584733577e-9,0,33368.209110339805,4.085673186695207
"c(295004.047076478, 5044777.93179928)",2216,4,625.0003317069044,382126,2.5880204374057683e-9,0,33485.45008456876,4.106697519669618
"c(295100.024914498, 5045070.48804489)",2218,4,440.98784763592744,381761,2.5763549079611047e-9,0,33726.35595147619,4.153930333316432
"c(295775.983765504, 5044138.69818538)",2220,4,389.11930156301315,18117703,2.640678078624368e-9,0,33440.83875879105,4.282639195602306
"c(295861.98775488, 5044269.84715955)",2224,5,756.5654326033259,16047840,2.6317397688744684e-9,0,33597.675065698015,4.247326967993293
"c(295964.374745871, 5044534.86010976)",2227,5,710.763104515232,17656504,2.6137361655414123e-9,0,33882.84824243519,4.236192104005772
"c(295195.807065462, 5044550.9321826)",2246,4,654.1351652719052,357602,2.5961401225206396e-9,0,33631.35641825677,4.132305839827518
"c(295354.483610532, 5044932.92103547)",2250,4,469.181434772284,2003192,2.5756468339071686e-9,0,33980.76796324604,4.199668635881947
"c(295027.937666221, 5044145.56348414)",2253,4,585.0092096863887,566029,2.6056753372606677e-9,2.2029356587212664e-19,33210.40562949403,4.108770224405588
"c(295243.077081525, 5044680.06550843)",2254,5,480.24881329432196,502255,2.5893570620283957e-9,0,33743.794359258645,4.205313102211008
"c(294476.369969878, 5043468.67234598)",2280,4,650.9241366778353,3201822,2.639556737499245e-9,0,32183.689177260505,4.00944926210652
"c(295460.025889487, 5043055.71188547)",2294,3,466.7146711862754,10278518,2.6654750312454385e-9,0,32408.503215918096,4.200071529720168
"c(294962.667873321, 5043117.27839128)",2308,4,547.6777689348316,286892,2.6596339027223877e-9,0,32310.02911718984,4.148221564424978
"c(294177.931021149, 5043444.8233601)",2310,4,657.5233246791237,281330,2.6514377472448618e-9,0,31920.669787633018,4.033393874401255
"c(294937.539120701, 5043057.19477764)",2313,4,613.6102710011974,607606,2.660868783404993e-9,0,32244.901127597837,4.1391899238967405
"c(294152.435578584, 5043384.38022153)",2315,4,656.4281489403577,231295,2.6525486440678096e-9,0,31856.3499176179,4.023470490290995
"c(295217.842835252, 5043310.81834889)",2333,4,581.1151189004494,18025023,2.68114972998744e-9,1.5345544351733608e-18,32432.601298753838,4.360717737930737
"c(295164.779840197, 5043181.46837331)",2341,4,616.3876466120718,20302431,2.683758296395064e-9,0,32290.14493590147,4.289647943563383
"c(295068.624923314, 5043371.63221822)",2348,3,319.4545992927451,63060,2.6548263660447108e-9,0,32585.579998932855,4.1477190673584
"c(295015.445648322, 5043243.53156742)",2349,4,625.5076088612907,2938651,2.6604134123261626e-9,0,32446.873100405934,4.160374838085502
"c(294718.8626692, 5043367.48308062)",2356,4,726.2617042193626,3184083,2.6330993565248174e-9,0,32446.4485621436,4.0272124655420924
"c(296324.220644253, 5043371.88630127)",2384,3,331.4035017968297,3504635,2.6182905828877725e-9,0,33691.12178343074,4.221211448914356
"c(296597.89861054, 5043791.9692186)",2390,4,813.2281614197553,3128462,2.5939144176415174e-9,0,34192.61351265587,4.171908815483625
"c(296699.735598036, 5043949.42718764)",2392,4,793.5545703436724,2954867,2.581720644453948e-9,0,34380.13622535005,4.148298353329378
"c(296749.975591868, 5044027.13017236)",2393,4,756.0741940236499,4622579,2.577840937616165e-9,0,34472.6668976329,4.159756722351167
"c(296253.995658027, 5043417.41829565)",2396,3,395.9296777334879,6306055,2.627130085098005e-9,0,33607.427543118734,4.245863098109776
"c(296213.529568021, 5043355.55193283)",2397,4,577.3016963493753,6845415,2.6288135286189524e-9,0,33533.50168795263,4.243967699259384
"c(296058.469716319, 5044141.42617546)",2411,4,760.07132876996,2408735,2.616687735797224e-9,0,33805.409727971775,4.2014848079685425
"c(296160.177703811, 5044298.14114464)",2413,4,765.0556642064529,2197350,2.604130127308904e-9,0,33992.239648649185,4.17127187543847
"c(296210.371697642, 5044375.56112942)",2414,4,752.4990918779226,3821776,2.5996820063563483e-9,0,34084.50751305058,4.1648718737152555
"c(296841.907562671, 5043633.50923818)",2422,4,807.1717066080355,1223764,2.5758215969770825e-9,0,34478.08066485011,4.19183516882792
"c(296943.954550146, 5043791.42020713)",2424,4,791.9831927000325,1139086,2.5638965689827226e-9,0,34666.100213797086,4.164684021894575
"c(296994.242543962, 5043868.8561919)",2425,4,777.7055018410464,2811176,2.5605641075764427e-9,0,34758.43359954577,4.168315336410573
"c(297327.279483729, 5043805.1661919)",2428,4,710.8673494908721,12777854,2.5508929141294155e-9,0,34859.130935958856,4.229225145966721
"c(297062.807535492, 5043973.29517133)",2429,4,751.7788989612469,952455,2.552312556537203e-9,0,34883.38382730063,4.147348522644194
"c(296816.213583746, 5044129.83215217)",2430,4,757.8078491844324,2763262,2.569604285836502e-9,0,34594.89192690282,4.138255551565563
"c(296545.275636783, 5044302.568131)",2431,4,812.4306841977008,6023943,2.582713002865249e-9,0,34395.31238073228,4.112633312082103
"c(297214.779497339, 5043625.25422716)",2444,4,552.5033223276391,12023922,2.561768240277915e-9,0,34646.85201039138,4.297699000031224
"c(296429.282156061, 5044124.29671608)",2445,4,822.379089453103,6142404,2.595509785211655e-9,0,34182.591103190054,4.145218246134709
"c(295987.195707306, 5043499.15529026)",2447,4,639.1831787047497,5646320,2.636689500437718e-9,0,33389.345491138985,4.2429939074693035
"c(295745.878754509, 5043651.94227157)",2448,4,497.5785245396533,2316475,2.6424618105095693e-9,0,33245.70378109138,4.266865221163212
"c(295901.189387242, 5043646.83169228)",2449,3,323.48367290405326,2416585,2.633174129596403e-9,7.143042316553011e-19,33459.23452893798,4.234216059758367
"c(295989.597725788, 5044065.2171911)",2453,4,449.8342001888055,2089683,2.621731749012904e-9,0,33701.180873536665,4.243694143548322
"c(295951.80073117, 5044028.93919871)",2460,4,244.70568288369898,2588868,2.6248164105240867e-9,5.364464908030872e-19,33648.21854340998,4.273069763996172
"c(295789.219749197, 5043719.33925833)",2473,3,165.08691204008048,3963141,2.6408638430386034e-9,2.6297952204803094e-19,33325.83528682699,4.30728652528093
"c(297106.958510676, 5043461.51525942)",2478,6,645.7027520136112,14151271,2.5735900011284547e-9,0,34450.762152573014,4.386286679216496
"c(297160.950504004, 5043543.67624324)",2479,4,580.8188874065909,11846004,2.567554558370554e-9,0,34549.09230630089,4.2889270333744856
"c(297258.928492066, 5043697.86321297)",2480,4,530.363335267176,14810368,2.5593493705307325e-9,0,34731.8989145037,4.296889683662304
"c(296328.188273429, 5043966.67684704)",2486,4,843.6229540371776,6363519,2.607937881356987e-9,0,33995.328529840575,4.172013787477319
"c(296479.994644787, 5044201.29315091)",2489,4,783.9954393638616,7764268,2.5911396108096187e-9,0,34274.802361160786,4.145955766204984
"c(296030.788701814, 5043562.43027772)",2491,3,259.38710100681874,7372319,2.6351921288655036e-9,0,33466.18858507926,4.2724623861743956
"c(296870.566072116, 5044215.11373543)",2509,4,815.5525893123269,2934666,2.5630942551556602e-9,0,34696.021690441885,4.103244777443608
"c(296973.227464603, 5044376.48257876)",2511,4,799.7451617868736,2720935,2.5494548304679385e-9,0,34887.2829146012,4.066173780422034
"c(297074.991552221, 5044537.01907226)",2513,4,695.4017585284612,2731378,2.5364097507057665e-9,0,35077.35814683923,4.053139777067203
"c(296329.755682938, 5044558.76109337)",2517,4,849.7690679852481,1891779,2.584169726246137e-9,0,34303.19748633475,4.099965565370251
"c(296430.994670614, 5044718.36906206)",2519,4,831.082387840391,1781421,2.5702629110911754e-9,0,34492.205891609214,4.065698131358688
"c(296533.123658165, 5044878.88103056)",2521,4,844.8813213388055,1720344,2.5569963587357922e-9,0,34682.45479451211,4.0486751791122035
"c(297116.925528886, 5044058.01515469)",2525,4,807.4468176733283,1016217,2.5459236728037083e-9,0,34983.92325675593,4.122051972912985
"c(297214.561516953, 5044210.48412474)",2527,4,781.1392187936929,1051461,2.5330641893777647e-9,0,35165.00846902701,4.0849364590334005
"c(297381.708477068, 5043889.86917526)",2541,4,652.8946752523685,13010917,2.5445076462012008e-9,0,34959.81426924586,4.204449507427847
"c(296599.44181017, 5044387.40583934)",2542,4,842.6196466217069,6076553,2.576160814838523e-9,0,34495.970862687805,4.091939380408316
"c(296803.85960525, 5044708.56005131)",2549,4,830.7336592392494,5878643,2.5491694163154233e-9,0,34876.66528348774,4.042407393815319
"c(297476.852465484, 5044039.76614584)",2552,4,644.8510566133891,12801764,2.5312641850342996e-9,0,35137.357768980066,4.137451943969804
"c(296701.537617735, 5044548.1440828)",2553,4,825.34896245039,5898756,2.5623462453865296e-9,0,34686.393713855454,4.058380224450031
"c(297669.311448405, 5044532.63405314)",2556,4,352.8780152523358,13581627,2.500795789097856e-9,0,35675.235192466374,4.195568875377863
"c(297518.2314781, 5044632.44104074)",2557,4,617.1843112851617,1921042,2.5032307550398647e-9,0,35685.03018987603,4.131335759362711
"c(297252.843530277, 5044808.40201883)",2558,4,798.3801444989323,3966000,2.52015387509116e-9,0,35401.83927016639,4.08289970807674
"c(297337.486519783, 5044935.99699367)",2573,4,785.242969287893,5606643,2.509334349155737e-9,0,35554.95786547337,4.0705180378375765
"c(297415.92526062, 5045070.99359242)",2575,4,810.9957897440586,6218120,2.500514869473007e-9,0,35711.13521714828,4.067851553113407
"c(297650.650482503, 5045453.99789255)",2580,4,656.7360540724198,4075048,2.4717048158995123e-9,0,36160.35116769744,4.052054663071519
"c(297743.769471338, 5045605.54986292)",2582,4,816.8889672967778,10373846,2.459155366211651e-9,0,36338.2278438766,4.044102008622438
"c(297594.407469011, 5044757.90401623)",2590,4,665.4773994572552,621439,2.49225492192233e-9,0,35831.83179794675,4.099981447007587
"c(297679.858458709, 5044895.4539893)",2592,4,670.973387692155,1297774,2.48317057356994e-9,0,35993.76609218092,4.101348268180198
"c(297917.825411718, 5044731.65201)",2606,4,376.6283155963785,1110864,2.468307007565247e-9,4.375839960850721e-19,36091.17474656665,4.148535489110255
"c(297745.385439298, 5044657.01702883)",2618,4,587.2822489584704,9684487,2.4898698467574075e-9,0,35821.03799483069,4.146446908531865
"c(298476.033320888, 5044926.68995717)",2641,4,493.5313093745998,8414747,2.4128927278709656e-9,0,36879.33839322885,4.085847187513474
"c(298302.114354754, 5045032.09594455)",2643,4,412.0097408640687,7772004,2.4270387334074786e-9,3.436812950312203e-19,36675.97050998844,4.090553700755178
"c(298176.246379257, 5045108.19393545)",2644,4,455.97084903357563,8334561,2.4409421930680275e-9,5.235279326333843e-19,36534.50868239294,4.116681259042072
"c(298065.242400955, 5045177.93692697)",2645,4,490.209635533741,9818925,2.451231505678795e-9,0,36432.32469975702,4.116274500858667
"c(297914.623430585, 5045278.33691445)",2646,4,675.9987889622229,1386023,2.45457000846317e-9,0,36442.898434015915,4.069573830529241
"c(297382.822535171, 5045632.10787036)",2647,4,662.6398171183939,6188245,2.483965000417137e-9,0,35966.97885599221,4.065180687529705
"c(297830.229429121, 5044795.03500184)",2651,4,462.49073035826837,10303682,2.4807939201296396e-9,0,35983.05159594029,4.1571361410826
"c(297148.76856316, 5045248.73994526)",2652,4,710.3327303711967,8686501,2.5129397852205565e-9,0,35517.79444730994,4.069932379844427
"c(296985.266257889, 5044986.05099669)",2664,4,803.5552035042007,6869272,2.5325314756977585e-9,0,35208.21498695469,4.069148664284251
"c(297475.804524044, 5045784.07184066)",2667,4,823.9681352250992,12284848,2.4710989536327807e-9,0,36145.13460135926,4.0610163167749835
"c(298064.002403085, 5046130.62106034)",2686,4,727.3076565409685,4103354,2.413685966132015e-9,0,36953.26166916223,3.9970095241568293
"c(298153.97842228, 5046276.41173183)",2688,4,683.8521162609686,3353308,2.3991062983296784e-9,0,37124.582236111055,3.9793817668016134
"c(298293.742405467, 5046501.86968771)",2691,4,908.2683760177689,3667879,2.3773275286191767e-9,0,37389.85055887473,3.9388395861990513
"c(298736.415352548, 5047225.25054635)",2699,4,791.6883540382996,2889213,2.3063069848707888e-9,0,38237.957676744954,3.8766991962189743
"c(298586.454350147, 5046374.03970025)",2710,4,745.7356581568878,1207785,2.3597925011390713e-9,0,37707.03527814328,3.9560874863096633
"c(298700.412325327, 5046226.39872226)",2727,4,348.9450748213454,830904,2.359702458532145e-9,5.319909465157582e-19,37659.09108639882,4.0937155972171695
"c(298746.628319793, 5046301.69370754)",2728,4,357.23632046234457,1034454,2.354578235993434e-9,0,37747.44025311691,4.097757826622818
"c(297766.126489284, 5046257.83674807)",2745,4,772.142649562253,6452575,2.429322168111991e-9,0,36700.78677846949,4.030647381272505
"c(297856.974478361, 5046404.62971935)",2747,4,624.3480715553857,5645424,2.414450289340137e-9,0,36873.419634822865,4.017975688416751
"c(297996.722461613, 5046632.02667489)",2750,4,917.7330106239601,5872859,2.391348197838259e-9,0,37140.33112105719,3.9681560262943396
"c(298440.236408561, 5047356.00453341)",2756,4,798.0736452059956,5085206,2.318274216941086e-9,0,37989.369204156355,3.8975859372598745
"c(299907.366089069, 5048286.17077152)",2772,4,297.91230560022143,2870599,2.1758279950850596e-9,0,40056.52601940762,4.029253374499139
"c(299794.015205734, 5048342.9873154)",2773,4,604.3806605972903,1337365,2.17931751808245e-9,0,40015.53196434194,3.859821058909876
"c(299506.731260519, 5048483.48630049)",2774,4,803.4136270333756,3173896,2.192887193034188e-9,0,39713.342439936394,3.8319225710763813
"c(299214.632316211, 5048626.14228535)",2775,4,810.4101109492223,5324783,2.202420109983893e-9,0,39477.201488536324,3.8526421237473962
"c(298921.972372006, 5048769.06427019)",2776,4,611.316056230565,1909061,2.2095595574215205e-9,0,39175.50712906679,3.8886372761982684
"c(299160.013301891, 5047915.99641135)",2782,4,811.8656180703929,8831395,2.252286814069808e-9,0,39048.25831972974,3.8609322367822982
"c(299327.135281909, 5048188.4133581)",2786,4,803.0602257549997,2705143,2.2222543827750813e-9,0,39367.855294636836,3.823230277918002
"c(298564.079414595, 5048179.55438526)",2802,4,716.3940446233879,7936113,2.272962505829985e-9,0,38485.55408908819,3.943326560735732
"c(299453.688246367, 5047786.80942407)",2814,4,613.6223265339198,6960439,2.2370072702734704e-9,0,39363.48008738984,3.8786600980983494
"c(299963.084178747, 5048416.73929682)",2830,4,368.3792750361752,2451502,2.1625117980393747e-9,1.4489860581961094e-18,40198.66127614561,3.9461279194922874
"c(298863.389357985, 5048047.04939839)",2886,4,819.9517576781312,11188560,2.2633743938423016e-9,0,38799.68425727578,3.89462117273689
"c(299030.478553054, 5048320.82424491)",2890,3,478.5654922378443,4979203,2.2329388892592206e-9,0,39120.42067666299,3.8509024719270326
"c(300518.172992644, 5045758.84574302)",2974,4,435.37985778387565,31772026,2.2405624223485403e-9,0,39747.10531990657,3.855878960003192
"c(300478.807982958, 5045266.4238305)",2975,4,751.3772055579702,31128029,2.2611702339755896e-9,0,39464.03338607346,3.8421300450370115
"c(300393.270016333, 5045815.5707373)",2976,4,680.4369190747381,1694293,2.245382332140059e-9,0,39609.92329150109,3.8234795415184086
"c(300080.070890753, 5045958.42202283)",2977,4,824.940226186678,2662332,2.2554700611365715e-9,0,39265.68361669746,3.8003000576402286
"c(299518.157267358, 5046215.0577218)",2979,4,640.5717838419623,1014775,2.2844343093731093e-9,0,38687.86695246709,3.8257196630554398
"c(299330.78721792, 5046301.23368802)",2980,4,589.8319949543278,632219,2.298393850764371e-9,0,38486.14605849208,3.8584694476597603
"c(299118.556258206, 5046398.95867805)",2981,4,642.4277788692341,825647,2.313366088911882e-9,0,38252.495766888176,3.9021433532123875
"c(300495.253985928, 5045440.08579956)",2982,4,793.4934279008551,31393778,2.252105968274784e-9,0,39592.90321965665,3.824831570138269
"c(300275.605027407, 5045534.43279044)",2983,4,650.3821288084732,1993605,2.2639678873808078e-9,0,39353.847620302586,3.8331102253334364
"c(298845.110765099, 5045779.26017062)",2994,4,622.5312900041557,2194503,2.360102814877202e-9,0,37656.528087900595,3.9666588855504346
"c(300424.732987334, 5045115.91485866)",3005,4,529.1770049662118,31176552,2.27346376754007e-9,0,39304.10092179651,3.8881750228055494
"c(300237.744031053, 5045446.41280711)",3019,4,595.5992752545383,2154920,2.2713454302449465e-9,0,39258.02904591508,3.849035763152887
"c(299298.905804501, 5045586.67923909)",3023,4,572.6439934676717,1894818,2.3295642533892742e-09,0,38149.49730279335,3.9419068032144398
"c(299089.327734041, 5045675.77343054)",3032,4,646.061935203206,1543332,2.3435213402887518e-9,0,37921.767357373516,3.9541067200566924
"c(299739.483116919, 5045415.53282925)",3043,4,536.1754603215945,2714375,2.3040699352607274e-9,0,38623.7567598821,4.011910334743852
"c(300416.948014509, 5045884.21372449)",3050,4,596.7721626379015,1565861,2.241060126554905e-9,0,39675.63089751927,3.835132050459792
"c(299457.24654511, 5046576.45503563)",3052,3,397.22328498312527,1560951,2.2790530627723094e-9,1.0293410656560086e-18,38749.40922949435,3.8993194376492166
"c(300146.39503987, 5045234.60584724)",3053,5,848.7327218767737,2114775,2.289041474923215e-9,0,39027.36208847425,3.893426321368013
"c(299465.870018024, 5045516.38129579)",3058,4,345.76360227985094,1720529,2.321324838607291e-9,0,38330.657107227984,4.086233317381741
"c(299968.421203681, 5045317.09436378)",3065,4,544.6919544947147,768532,2.292219383124309e-9,0,38869.49066030545,3.9732395684077253
"c(299785.997131545, 5046092.70070921)",3087,4,484.1938770071197,260232,2.270877866547763e-9,0,38982.34702805288,3.922532451004085
"c(300341.726994241, 5044890.60790088)",3123,4,764.0547166308464,31184171,2.28628379336032e-9,0,39063.98130041513,3.894295944505345
"c(298690.377279188, 5044798.05597249)",3154,4,537.205712448359,8870652,2.404089540165073e-9,7.378279931208101e-19,37013.88807592364,4.208881122600909
"c(300050.641049213, 5045015.4948888)",3169,4,581.1709791817484,2843963,2.302385519681068e-9,0,38788.22855726226,3.9316272038201507
"c(300369.551991907, 5044965.59388682)",3185,4,757.900143696917,31201840,2.2805905032458328e-9,0,39143.96549826708,3.8875014785917297
"c(298932.064224831, 5044434.24002806)",3213,4,377.28224205471696,846364,2.3930409010271277e-9,4.433049096432096e-19,37166.028923107304,4.218129729966488
"c(299857.972026628, 5043341.69718823)",3217,4,636.7189519540354,40764840,2.3501970463625133e-9,0,37920.367502284986,4.086640218432989
"c(299493.8090983, 5043583.82715806)",3219,4,600.6936312562592,1692126,2.3725559077843468e-9,0,37483.92559915741,4.107695005721625
"c(299274.553141488, 5043730.79813969)",3220,4,686.5034962653377,266409,2.3787249745164234e-9,0,37264.02136492912,4.094238800956837
"c(298829.26022923, 5044030.50310217)",3222,4,561.2696664534321,531225,2.4039264772092647e-9,0,36900.422161532355,4.141533449993578
"c(299841.914027139, 5043273.41420072)",3240,4,612.7245993869188,40223613,2.3523708987697244e-9,0,37881.66122394849,4.091712532437841
"c(299585.230086903, 5043719.58113124)",3245,4,633.74073136369,1703448,2.3625599593292248e-9,4.954843725980809e-19,37647.597155383126,4.086666670685787
"c(300034.432020335, 5044071.40005457)",3251,4,553.0512501212227,31492979,2.3266689305091063e-9,0,38362.523976120945,4.020501266077262
"c(299879.502050503, 5044164.86704341)",3252,4,582.6704868234556,1581438,2.3341601976864927e-9,0,38181.58087248974,4.023410590545259
"c(299660.092093261, 5044298.25602743)",3253,4,841.8597312758309,4450522,2.3447948071758605e-9,0,37925.50278905755,3.959733465463303
"c(299430.984134942, 5044349.2520262)",3254,4,447.1652246239684,10923711,2.3587951803160237e-9,0,37656.97567584756,4.025344843689474
"c(299949.286024412, 5043750.38211362)",3255,4,556.9298629473684,41127507,2.3354669712080703e-9,0,38163.75811644266,4.056877705221889
"c(299715.07496069, 5043911.55691827)",3256,4,589.7104894756353,1627146,2.3488355187528443e-9,0,37879.39961359249,4.047728806848316
"c(299316.3621492, 5044178.21605998)",3260,4,556.9317671030462,3988944,2.3688206228536966e-9,0,37451.07329449352,4.075769152272388
"c(299048.58120189, 5044356.28103779)",3261,4,604.2715338943273,309013,2.379371135628706e-9,0,37293.15800401926,4.063335798123366
"c(299534.300081554, 5043295.27520722)",3264,3,611.7237064310336,1847108,2.369055508035121e-9,0,37461.58456876725,4.043689757641174
"c(299701.654060678, 5043543.46615816)",3265,4,569.009423731633,820005,2.3530692842480552e-9,0,37760.11884276526,4.050383132724767
"c(298874.231223604, 5044096.73208907)",3268,4,617.7902733466118,865040,2.400125248373667e-9,0,36980.47682652786,4.13315457168305
"c(300008.432022522, 5044001.45906769)",3274,4,552.4789069657438,38482636,2.3297623947670288e-9,0,38303.686322179936,4.027425800906821
"c(299841.549055033, 5044102.5180556)",3275,4,607.8132315204823,8570375,2.338188618819169e-9,0,38108.588913025924,4.027122967870111
"c(299615.911098971, 5044238.74803933)",3276,4,624.2108482965302,7112115,2.3482542418603796e-9,0,37872.48104442807,3.983262719823614
"c(299876.089026297, 5043426.01617286)",3281,4,593.9577830977896,41848294,2.3478799420510006e-9,0,37970.43135601411,4.084084851294327
"c(299320.061135828, 5043798.82412626)",3282,4,615.8676769130905,941347,2.3747012898285166e-9,0,37345.86765294376,4.098455587403702
"c(299141.735170955, 5043918.42011131)",3283,4,698.0118975555214,4763345,2.389369331194397e-9,0,37138.02715073556,4.137582180249891
"c(299096.846176521, 5043850.84112464)",3293,4,401.3374416606196,4079327,2.3933995207675892e-9,0,37056.88976754058,4.167084241723208
"c(299640.148080028, 5043800.27111527)",3301,4,461.5366820384645,1840808,2.3567145593358652e-9,0,37745.21994225188,4.077920071696088
"c(299372.887113362, 5043403.80619364)",3305,4,433.57738815182324,4348246,2.385746573717023e-9,0,37267.05753876523,4.1361992024275605
"c(299541.985092287, 5043655.15914396)",3308,4,308.3552349361593,2341547,2.3683442813025673e-9,0,37570.00503525143,4.227447546874149
"c(299453.163132301, 5044385.88001904)",3321,3,400.9932758861774,4439589,2.355217657621671e-9,0,37699.79599926048,3.995614245669184
"c(299395.348066941, 5042136.62041475)",3324,5,560.6479344499517,7495476,2.402411715519928e-9,4.419078106440647e-19,36868.798570766645,4.3948023562467835
"c(298392.860263683, 5042786.16633462)",3330,4,336.34261021086127,4438433,2.46692335947181e-9,0,35780.23515802867,4.342127084372509
"c(299102.697572118, 5043004.42754761)",3336,3,188.76806005299278,3305801,2.4096711150995257e-9,1.969898136039862e-19,36783.716835301726,4.1836844573737295
"c(299448.810060302, 5042216.96939889)",3354,4,390.75541410742403,7572707,2.397924172636117e-9,0,36965.34222741366,4.336279227713756
"c(298994.638161146, 5042860.36130146)",3359,4,222.24931536058932,3156678,2.4208969441972346e-9,2.9320971635711027e-19,36601.5320077376,4.309532745298265
"c(298996.460149051, 5042509.01736292)",3366,4,518.8032618287181,883226,2.422941748615295e-9,0,36445.5950316843,4.229396841948418
"c(299783.245028639, 5043013.06324827)",3371,4,1222.7639018876828,40826386,2.3610548926443917e-9,0,37726.151131609695,4.098151676807276
"c(298960.134180399, 5043255.06823352)",3378,4,398.84458814979035,364452,2.4082936377914462e-9,3.3718725319202366e-19,36693.77527344469,4.175682240201644
"c(298632.34608551, 5042745.03763379)",3383,4,555.6797681702116,920836,2.445827256820309e-9,3.855017498119902e-20,36086.511634875766,4.271742854541733
"c(298796.242200655, 5043006.0882826)",3388,4,266.64055196679743,643089,2.4266898201834104e-9,1.54236290740354e-19,36395.69194430445,4.268171796885976
"c(298847.832194287, 5043084.7062671)",3389,4,425.6437368558031,504845,2.4208323870122872e-9,3.496144074446662e-19,36489.72642264442,4.217877642678437
"c(299319.613264902, 5043321.6813098)",3391,4,794.0181283989335,3305035,2.3906851308630506e-9,0,37169.1664874948,4.14502083587922
"c(298322.780482136, 5042673.36558171)",3398,4,411.9038386173204,5362198,2.4763530987959722e-9,1.301991709727091e-19,35647.36979544564,4.337846371379993
"c(298361.660267456, 5042736.21734441)",3399,4,374.23123091859964,4490231,2.4707919993055957e-09,0,35721.28482125537,4.329668140150532
"c(298442.780802624, 5042865.39439407)",3401,3,280.49166769928104,4563257,2.461462168386816e-9,0,35873.89319489415,4.359670113338743
"c(299806.425028038, 5043115.69922953)",3407,5,685.7416872195346,41955551,2.3583178258862396e-9,0,37787.62087965808,4.117898204992218
"c(298818.919953892, 5042624.00967374)",3421,4,543.0075593138777,2379518,2.4378005848709764e-9,0,36301.58108342358,4.2588219035005475
"c(299062.152667144, 5042943.25715969)",3425,4,510.4890609661372,3382898,2.4142957151979723e-9,1.047566365648653e-18,36710.32860554751,4.211110694958568
"c(299129.440478805, 5042149.98654633)",3430,4,366.5135048972919,973967,2.4152476825170874e-9,4.929043572526244e-19,36522.59065045219,4.269795986469786
"c(299601.849030149, 5042114.39341172)",3436,4,592.3446098271927,36227501,2.38746834563958e-9,0,37149.690971267955,4.298650937273495
"c(299305.297079264, 5042035.33443551)",3447,3,276.7202774160701,7604205,2.408723870812537e-9,0,36732.46863055627,4.357257491708752
"c(298011.672339386, 5043060.32429938)",3458,4,195.91103363384454,1242338,2.4951928645299176e-9,2.7709404853212145e-19,35512.17324061959,4.553283436979274
"c(298182.782399611, 5042764.2024205)",3466,3,322.4385608538616,992142,2.480345827652136e-9,0,35570.06260792532,4.33562240258866
"c(298707.336253194, 5044110.87809219)",3472,4,252.0101823515186,1556496,2.4185498147018156e-9,1.7942920511158738e-19,36772.205974605786,4.295861210578195
"c(298628.979268612, 5044162.9530857)",3473,4,551.857569085598,72187,2.4196046863958597e-9,0,36758.20760333089,4.177707966704233
"c(297633.149407498, 5043121.78030129)",3475,4,509.30150089552114,1142044,2.520308869667986e-9,0,35078.368430887545,4.336317796296776
"c(297762.996342123, 5043339.41303385)",3478,4,463.9688321954928,1646722,2.506642095351201e-9,3.2218746651703475e-19,35321.12832448666,4.328589422787334
"c(298706.499365003, 5043265.29209023)",3484,4,395.6823589333645,4452550,2.4314513648252268e-9,0,36353.05650167092,4.221241107580359
"c(298316.558106607, 5043520.84300856)",3487,3,311.6135669932712,894429,2.4592546982130947e-9,0,36064.492319272664,4.251949201742491
"c(298180.87332836, 5043612.73519702)",3488,4,681.886967006719,735422,2.465822021349651e-9,0,35984.33122965131,4.189898459962099
"c(298613.718236431, 5043123.19726821)",3500,4,397.07229840775585,4431682,2.4420919967401077e-9,0,36183.323343523145,4.256763998806704
"c(298220.78366347, 5043376.08021211)",3503,4,358.0139417074982,913215,2.4701713436265332e-9,2.3493756581488203e-19,35890.914013006994,4.368930776173391
"c(297751.395404084, 5043636.33020727)",3504,3,227.76890130670762,1633737,2.502496550439724e-9,3.201425308015067e-19,35394.98539227549,4.243014471066735
"c(298481.932701121, 5043770.68375928)",3511,4,351.7638372614464,1043606,2.440194021277996e-9,0,36364.111792549265,4.294623091289061
"c(298433.438457139, 5043697.79412367)",3516,4,342.2658179284659,1053400,2.4456983171413563e-9,0,36276.562315882584,4.297489318729095
"c(298779.968215833, 5043374.22421869)",3536,4,398.24794559085507,4123667,2.423399594598091e-9,9.439978701937031e-21,36484.49072310735,4.201788292068956
"c(298390.393607469, 5043632.65511151)",3537,4,314.137973261583,1059059,2.4506770505356726e-9,0,36198.48540977052,4.32710565120614
"c(298253.339094434, 5043723.78480015)",3538,4,672.5971224338224,788897,2.4573624429785545e-9,0,36115.1802388009,4.177265118261011
"c(297812.06240242, 5043006.54969048)",3539,4,510.54557309803425,2055759,2.509636212539472e-9,0,35291.18242815036,4.3856559572070974
"c(297917.429359901, 5043181.83628127)",3541,3,201.6726572366335,863441,2.4989473530454163e-9,9.645418020365396e-19,35486.5563960333,4.392859011604388
"c(297944.429831756, 5043228.67742216)",3542,5,349.76263956510803,2334837,2.4963664934504466e-9,6.422787902117037e-19,35534.15066314095,4.387842613757284
"c(298141.117488172, 5043549.31838445)",3547,3,339.76278794885366,738064,2.470355230697412e-9,0,35910.432792029555,4.198956472798776
"c(298673.80625305, 5044230.3557474)",3550,4,564.1212148729317,1562423,2.4160149955500617e-9,0,36837.7878108159,4.1762250559876914
"c(298751.975902664, 5044178.19087891)",3556,4,267.26870978065665,2305551,2.414737341372129e-9,2.5793052364399537e-19,36852.97657214807,4.288319493313382
"c(298417.168313546, 5044401.1900511)",3557,6,746.3784046464993,3159303,2.4343255059403016e-9,6.499964027711679e-19,36529.48813245721,4.227330598607534
"c(298245.990789977, 5044149.51435088)",3561,3,418.9355291809549,2881024,2.452523766835444e-9,0,36224.91198167095,4.160943393459935
"c(298666.46722992, 5043203.62725236)",3569,4,421.6581393901573,4366434,2.4361381922914316e-9,0,36279.532926457636,4.239177307643958
"c(298040.035335856, 5043102.71929101)",3577,4,164.56279228121463,955337,2.49218055746521e-9,7.160501046848515e-19,35563.18172602535,4.551780416509852
"c(298276.167376605, 5043459.62869563)",3583,4,347.03453852122715,918892,2.4637149541981226e-9,5.854692339845316e-19,35991.15238384615,4.343164135551314
"c(297517.292430211, 5043196.4572921)",3586,3,267.699007304193,2670391,2.5281876707355475e-9,0,34940.52913972554,4.317048588496042
"c(297467.419439985, 5043228.47228816)",3587,3,229.8735120819032,2833654,2.529752091979986e-9,6.79285410358565e-19,34881.26458565624,4.300493441696319
"c(297618.840420391, 5043432.50824738)",3589,5,398.4204009088507,5907292,2.5185353413863024e-9,0,35151.74795286761,4.368436500748996
"c(297872.973388962, 5043818.25717135)",3591,3,506.5403711075668,1315529,2.4847139903407876e-9,0,35613.873665364335,4.137187018266631
"c(298070.599662089, 5043149.4912818)",3597,4,280.0655783659501,2218293,2.488945359741522e-9,6.607563303356745e-19,35619.06068367497,4.514856964158712
"c(297929.563959356, 5042930.11649993)",3599,4,306.6012173224004,1852373,2.503450129104253e-9,6.014921362743153e-21,35358.23719662225,4.522284906187416
"c(297698.772410602, 5043556.74722296)",3602,4,498.97076155177626,1576334,2.5086099788148462e-9,1.1778570590988166e-18,35299.57285787725,4.254895457649787
"c(296734.748557484, 5042918.87536686)",3625,4,607.5829232952426,3084542,2.5864040461914083e-9,0,33999.859530949725,4.200288903673715
"c(296556.407579411, 5042643.668421)",3629,4,536.2392800327516,2172717,2.5952053898982515e-9,0,33719.40127637753,4.158176790259366
"c(297748.009342059, 5041765.17253498)",3659,6,657.8382275516751,17589043,2.5167254766067413e-9,2.6266049213044597e-18,34572.26823842152,4.175840909072918
"c(297406.522431803, 5042666.17638864)",3674,4,428.5502796317321,642243,2.5283617365221535e-9,0,34749.87346882953,4.227982929902813
"c(297175.889459164, 5042280.67546385)",3682,4,470.4358467382334,1527854,2.537351554528956e-9,0,34439.18210690558,4.170353751824452
"c(297873.313326694, 5041959.67949673)",3716,3,467.7516670746292,12046182,2.5145490596153227e-9,0,34803.64371105254,4.186108805678601
"c(297550.320403592, 5042573.02340014)",3723,4,437.62955519635466,1240887,2.5309757093715247e-9,0,34790.14602867547,4.302517822162962
"c(297466.292413868, 5042441.84242592)",3728,4,412.2884361123586,2816931,2.536962936878903e-9,0,34633.6301074537,4.264888973444218
"c(298052.214940046, 5042245.91016562)",3736,4,628.0529983287921,7769443,2.5016698702248266e-9,0,35141.399644650744,4.27669133957088
"c(297967.97460532, 5042113.52859162)",3740,4,652.094556489769,9412587,2.507424115861021e-9,0,34984.47538132188,4.221086313263447
"c(297819.708333249, 5041875.93451319)",3742,5,621.563444974998,13498903,2.5186805289940614e-9,0,34704.21170190322,4.2019230316985965
"c(297580.028380125, 5042026.55749483)",3743,4,507.1235534538219,1823224,2.529499234954851e-9,5.614663118303434e-20,34518.77378296252,4.199629971458482
"c(297658.814877288, 5042502.2375589)",3750,4,276.0477868907857,1077586,2.5253230779417713e-9,3.289702541796554e-20,34851.88740790131,4.418814988902391
"c(297574.91344746, 5042368.59951011)",3751,4,337.5464365202584,2641332,2.5314161036417718e-9,5.008818359639528e-20,34694.08074605288,4.3566295067161835
"c(297820.247200598, 5042397.19534689)",3753,4,593.3225692292249,749684,2.5123227400740063e-9,0,34960.57008821717,4.283279220071931
"c(297734.101011197, 5042264.587873)",3756,4,642.9253134315356,2380563,2.518280556529649e-9,0,34802.39897871117,4.226879197335777
"c(296990.476352278, 5042751.94773753)",3757,4,675.4071499621936,2045629,2.5551572026372665e-9,0,34305.24921903737,4.131519696231529
"c(296815.263528758, 5042479.76844104)",3759,4,542.6851345991292,1712083,2.564731419758398e-9,0,34025.26029459248,4.10866816433693
"c(297481.677403192, 5042202.92746724)",3780,4,375.9242237567978,2947571,2.538631549254463e-9,0,34504.67286629925,4.323497961480569
"c(297429.941409462, 5042120.40248342)",3781,4,373.5245479214817,4225229,2.5427700292156787e-9,0,34407.154999256636,4.3364411627046735
"c(298596.75970828, 5041896.05983365)",3825,4,441.09939267120285,5323929,2.4604646896134986e-9,0,35713.3248614836,4.227334517146255
"c(298511.732208674, 5041763.20850976)",3830,4,473.53767833792506,5860396,2.4662454601972113e-9,0,35555.522557743556,4.176064173028788
"c(299166.0356217, 5040786.10050898)",3832,3,371.6573518761043,29061558,2.4058885804167573e-9,0,36431.19036730086,4.262816373086065
"c(298960.580902162, 5040923.00339189)",3833,4,612.5405757758681,163138,2.4053607442712795e-9,0,36184.301049816895,4.14061017683486
"c(298794.921629817, 5041034.31275294)",3834,4,540.741058265212,317844,2.421393571961211e-9,0,35984.71769097064,4.156611909152253
"c(299198.805243564, 5040863.28829437)",3853,3,396.92077159735237,28949139,2.409184187283638e-9,1.0004241903793655e-18,36399.21257358217,4.250514439062098
"c(298998.438402995, 5040995.90665285)",3855,3,281.57138101707807,93900,2.409034499099369e-9,0,36158.92505871195,4.248235631846807
"c(298840.149149171, 5041101.48541466)",3856,4,538.3908906771932,204389,2.4240453522743185e-9,3.9506085183560575e-19,35968.655224000126,4.162922812143647
"c(299267.190052754, 5041046.18261003)",3857,4,577.5228402913101,30180276,2.4135288409046525e-9,0,36392.581103012235,4.271020766192623
"c(299094.839086153, 5041144.79859854)",3858,4,561.7138493432632,236562,2.412066275355681e-9,0,36193.30640264364,4.1766063312812465
"c(298938.050116997, 5041248.29758566)",3859,4,500.88820696552625,369444,2.427283221334026e-9,0,36005.43695020113,4.186579236875663
"c(298234.311889381, 5042129.97930482)",3872,4,391.01175688150556,3134818,2.4856224345778986e-9,0,35351.3711565269,4.24964923708854
"c(298146.387280344, 5041998.96748071)",3874,4,592.3624551501684,3018076,2.4911913151875923e-9,0,35193.47666911063,4.16723415913629
"c(299220.847069664, 5041309.26956551)",3876,4,549.8772678059973,2585018,2.4076366093799625e-9,0,36392.06470388367,4.211949259071644
"c(299043.016567518, 5041064.7189643)",3878,4,592.5996445533341,1145088,2.415405126004999e-9,0,36100.20993876327,4.18466577211428
"c(299230.671055535, 5040938.91963005)",3881,4,529.6996308433296,30987480,2.415237099752018e-9,0,36326.182271186546,4.281120411920804
"c(299048.327103452, 5041418.66155213)",3892,4,560.1342291078379,415511,2.4219468257315814e-9,0,36193.58083973321,4.216418892555709
"c(298885.573123526, 5041169.73260118)",3894,4,476.9955817269995,1416826,2.4309365087291547e-9,0,35910.957841925854,4.199989230252457
"c(298418.965233204, 5042012.15946927)",3896,4,528.3417101710588,2681272,2.4758193752052537e-9,0,35570.411523534094,4.212927559412063
"c(298330.569244208, 5041879.95649538)",3898,4,596.112355687814,231919,2.4812426535765532e-9,0,35412.460098010815,4.1542984983810625
"c(299192.346806446, 5042108.90437641)",3907,3,286.1250656437982,7612697,2.4140777717092366e-9,3.7447275495892475e-19,36597.6712494005,4.279198818276969
"c(299327.474048885, 5041244.74157323)",3915,4,498.9962529206803,32398920,2.4106277479041585e-9,0,36517.02929468694,4.286444918823498
"c(298092.281186425, 5038910.11002365)",3929,5,414.59520898163026,19236374,2.384703874585485e-9,8.5224956188073615e-19,35128.948145612165,4.232961793432011
"c(299277.148035688, 5040588.90868981)",3940,4,264.35549470811617,1483277,2.3849209667973313e-9,1.722150391834517e-19,36553.86435693132,4.313595345397606
"c(299220.507046879, 5040627.67968491)",3941,4,313.66077079643065,2067989,2.391115599503398e-9,8.87203676303359e-19,36485.22476057428,4.307598335416865
"c(299865.584995766, 5040226.3574336)",3945,4,441.39551773639533,289715,2.3100616789346805e-9,0,37206.46325873437,4.272620194812301
"c(299782.920331238, 5040257.18535596)",3946,4,451.60587690804766,295418,2.3181712043164378e-9,7.271374963397129e-19,37117.44931195037,4.264724641492629
"c(298834.41908079, 5039627.27087313)",3952,4,600.1875601439008,3165962,2.3833727427355876e-9,0,35662.033230527806,4.145655653341493
"c(298695.916108176, 5039722.64786105)",3953,4,533.090690162032,2210728,2.397031516263567e-9,0,35529.27293039194,4.14341378223797
"c(299975.412708611, 5040435.77574322)",3955,5,271.5390818460507,1570854,2.3164088379686823e-9,1.1772711655950323e-18,37225.35439011915,4.326569929411856
"c(299900.225198404, 5040485.31383706)",3956,4,324.95575887589985,1564320,2.3249329461485857e-9,1.0234090610618182e-18,37135.112535399625,4.293349121963394
"c(299737.515515518, 5040595.61867319)",3959,4,412.3732059915287,1891415,2.349775024908871e-9,6.625683782442176e-20,36938.53391417086,4.364942966271448
"c(299569.323783728, 5040710.07405878)",3961,4,339.860626341922,4372780,2.3733534433391316e-9,6.229562734838863e-19,36735.091783509844,4.317749825528767
"c(299416.882018723, 5040810.75964626)",3963,4,393.0286548958155,3280725,2.390627332229113e-9,6.343355857184142e-20,36552.369727450605,4.325625872977966
"c(299369.011028169, 5040843.17964218)",3964,4,377.00026019935774,3835909,2.39600488976601e-9,4.699582039961151e-19,36494.504193086665,4.326221049139518
"c(297284.939697083, 5039497.23484776)",3967,3,375.98468037909197,8861560,2.4405014118563516e-9,0,33926.049627704364,3.9998312690684084
"c(297262.625349347, 5039448.33695707)",3968,4,533.080256567072,579038,2.439018474662772e-9,7.021364755457408e-19,33923.86973575503,3.9989306900448605
"c(298239.301166677, 5039087.53898763)",3987,4,479.4288782293892,14815725,2.378862669175355e-9,0,35353.0101965102,4.11488316477732
"c(299256.18204238, 5040679.30167467)",3992,4,306.3851327573676,1960509,2.390250482733788e-9,6.582672786538759e-19,36547.97477582984,4.310111684869674
"c(298269.071155678, 5038914.21801701)",3996,4,452.3398103558604,2845435,2.3704513045907525e-9,9.210503824433568e-19,35359.85412868395,4.19810333194984
"c(298165.035176664, 5038998.24000577)",3997,4,461.8469741589227,14829019,2.38071271180241e-9,0,35243.22878311203,4.14980105511323
"c(298025.22322151, 5039608.74290346)",4005,4,446.3693703745641,6675437,2.427864237178071e-9,0,34719.184860243906,4.148529551542409
"c(297925.673238436, 5039594.93890921)",4007,3,282.17809257737946,6676804,2.4355234621837336e-9,3.536913656695792e-19,34612.038468716644,4.084074381592658
"c(297897.889317608, 5041816.35852101)",4018,4,302.99256219554985,13327503,2.5125884870578075e-9,0,34732.020342982876,4.231590645532781
"c(299084.371034608, 5039551.95987795)",4019,4,445.2881733139564,701690,2.354660593042347e-9,0,35983.00464995183,4.232821481593267
"c(298883.110074652, 5039697.92885912)",4020,4,599.8790482260433,3151015,2.3820465968399395e-9,0,35747.84729731948,4.150304567081346
"c(298743.255102341, 5039795.31984674)",4021,4,527.9861964486508,2225971,2.395925760685608e-9,0,35613.61165336939,4.146575972874824
"c(298587.869149147, 5040382.63274904)",4025,4,742.2577292191868,218101,2.4037459723584207e-9,0,35678.88634826654,4.003851924113283
"c(298457.0001668, 5040227.33578063)",4027,4,583.74585155453,244781,2.405098217019998e-9,3.320726075857234e-19,35475.56776199556,3.995860435423593
"c(298392.397175431, 5040148.15279666)",4028,4,536.7999867440271,245618,2.406420258811987e-9,2.540637806273042e-19,35373.32953696601,3.998083750850891
"c(298187.734202112, 5039877.29685097)",4031,4,714.0463125471699,399038,2.41321780998574e-9,8.695394077516379e-19,35033.19754583963,4.013945286152566
"c(297799.025256232, 5039465.63393611)",4034,3,159.63731210731746,3814969,2.4374581698665273e-9,7.311983843244685e-19,34459.548062523674,4.144646141054701
"c(298995.173060474, 5039858.99282714)",4037,4,579.7846952433837,3148121,2.3793700841041478e-9,0,35944.09961719576,4.158632642618601
"c(298847.940089568, 5039959.82381441)",4038,4,492.46441851840063,2309511,2.393648571167188e-9,0,35802.47358742546,4.1524816668532125
"c(298706.068117585, 5040056.5848022)",4039,5,367.5571174606366,24990995,2.412716130920679e-9,0,35630.11610495109,4.181000882187282
"c(298648.783089695, 5038924.76500246)",4042,4,374.7268525896368,1338955,2.340699161422513e-9,5.261630414753691e-19,35722.711290386105,4.222225061455286
"c(298503.82511908, 5039046.08598605)",4044,4,366.73711569537613,741824,2.3550871000284553e-9,0,35699.49572767807,4.196846056121427
"c(298427.76013447, 5039108.86897759)",4045,4,432.98432399415634,3530163,2.3676634325310675e-9,1.8416733202306825e-20,35600.8671417324,4.172474002378374
"c(298326.041155055, 5039193.00996625)",4046,4,427.71887542810236,16015156,2.378562708650351e-9,0,35468.85351220234,4.136533361279457
"c(299589.283957914, 5039895.01980092)",4052,5,693.5814507237718,369319,2.3211849444793473e-9,0,36777.45088247547,4.199996663969354
"c(299435.087995425, 5039763.18947919)",4053,4,439.71375645565683,171717,2.3298918653704053e-9,7.732785133228797e-21,36500.15447617518,4.19231373686504
"c(299319.986987504, 5039374.52190115)",4069,5,473.9224844787978,5773532,2.3252734718846414e-9,7.099548359948049e-19,36232.74225952238,4.208815170639054
"c(299245.895039112, 5040528.24370148)",4076,4,400.05051515522007,1409236,2.38515359322474e-9,0,36494.933485855545,4.28968496040824
"c(299205.474043957, 5040462.18171441)",4077,4,499.12715368872534,7887617,2.3864758249637527e-9,1.5046747081964953e-19,36419.33219824744,4.2748937719267115
"c(299063.948061803, 5040257.23875506)",4079,4,404.41815548375973,2401976,2.388743991182975e-9,4.100813762003876e-19,36170.27092949315,4.230713710797873
"c(298960.388074934, 5040109.29078445)",4081,4,495.2367207351631,2316221,2.3922244123952965e-9,0,35989.65273563272,4.18140671181672
"c(298789.936096869, 5039875.35183115)",4082,4,482.4922692809761,2243920,2.3950426838192405e-9,0,35700.17245908654,4.152655844893792
"c(298504.293131129, 5039408.48692252)",4085,4,451.08644680727707,1523197,2.397143981534841e-9,0,35277.55917399271,4.161731394634057
"c(298412.644143418, 5039297.37994506)",4086,4,432.97064362867866,2775533,2.3859989592459353e-9,0,35406.10622059812,4.143209884573852
"c(299707.688934478, 5039812.90781133)",4090,5,374.8864071441649,4139553,2.314291005966612e-9,0,36820.54204000197,4.335063454539725
"c(299399.613025403, 5040025.15123447)",4092,4,387.0488942954254,1530862,2.3479657567045412e-9,7.922865446456439e-19,36547.424635504714,4.311127033047392
"c(299204.924033911, 5040159.54276745)",4094,4,406.4334699751129,3027776,2.3745270768087292e-9,5.425433625420558e-19,36310.78173853778,4.2524328355976335
"c(299110.379055941, 5040324.23274176)",4098,4,320.3801513609214,1360824,2.3871808188077907e-9,1.758585634998173e-19,36251.78223720841,4.331185297058299
"c(299043.20206924, 5040371.01373582)",4099,4,274.748364332785,2051636,2.3946750545904052e-9,5.187277238720889e-19,36173.23056216443,4.3105283557149034
"c(298881.663105298, 5040306.74502749)",4100,3,329.64282083324633,25732488,2.4104867549916605e-9,3.659041664700917e-19,35935.77272463765,4.222388147658213
"c(298658.256139544, 5040462.93773261)",4101,3,438.717428867906,203840,2.4013045141008025e-9,0,35787.04248046845,3.9751293546856328
"c(299156.658040005, 5040089.88078127)",4102,4,301.16317567915075,3965212,2.3773269026156443e-9,5.656419465591464e-19,36225.97167444416,4.249622698346607
"c(299141.087027479, 5039634.87486153)",4105,4,463.286278574171,710931,2.353490899794206e-9,0,36083.46207687578,4.251629906838744
"c(298936.164067968, 5039775.03684383)",4106,4,621.8595544572167,3143697,2.3806752839859536e-9,0,35841.463673475744,4.154734517429839
"c(298649.096124722, 5039972.59481882)",4107,5,454.32692981271595,24973201,2.4141546967948284e-9,1.505207813180152e-18,35528.59944976308,4.176193335110085
"c(299578.875951995, 5039664.2618417)",4114,6,674.4765009522173,5012731,2.318759772420898e-9,1.4783232686081582e-18,36623.827894129856,4.245018222773734
"c(299300.042237754, 5039874.77051416)",4116,4,319.8716728725537,688874,2.3509580120876975e-9,2.216195017372798e-19,36371.25314431523,4.291790865633001
"c(299102.648046837, 5040012.23779669)",4118,4,310.29416760481604,3126953,2.377930852370842e-9,5.912132856709749e-19,36131.31533400184,4.227084993244256
"c(298816.192103616, 5040213.74977098)",4120,4,652.6086386183406,24848258,2.411229478721113e-9,0,35822.02615615265,4.163335602127641
"c(298396.107007098, 5040515.98260709)",4128,3,595.9721088076553,7593760,2.421695793135487e-9,0,35592.71564555696,3.9645682077586595
"c(299181.67605179, 5040571.91469598)",4135,4,321.9135438443726,2027045,2.392328069542698e-9,6.32814966991437e-19,36417.27135011918,4.2875470678338194
"c(299138.412057236, 5040508.95770846)",4136,4,338.6405085413647,8512693,2.393951528281922e-9,0,36340.880349155435,4.2747945463573185
"c(299677.425737431, 5040488.84889392)",4145,4,450.8540078194019,673569,2.3417804099324757e-9,3.998582832167964e-19,37058.14001727585,4.336632749409845
"c(299350.436001486, 5039950.40079922)",4148,4,358.8789091565094,2222892,2.350394828384076e-9,1.8198166968089078e-19,36462.14240254944,4.294164561111787
"c(299248.534564143, 5039796.98087952)",4149,4,321.4828964730837,690232,2.3514989016206102e-9,7.317946873603503e-19,36277.95552221276,4.272515836523718
"c(299196.919370555, 5039719.25599486)",4150,5,290.588156764744,701813,2.3523344779737086e-9,4.1800945623514704e-19,36184.64440044383,4.2641199502939955
"c(298812.731593693, 5039152.94208198)",4153,4,366.3392248249346,1790026,2.35487851690599e-9,9.032898113122211e-19,35678.13971568137,4.213199305572853
"c(298733.601783527, 5039033.77640551)",4154,4,423.92978701375534,884876,2.3433012305037152e-9,1.8891432255791154e-20,35821.19027513355,4.187135357060121
"c(299125.467065602, 5040691.17267697)",4162,3,199.46960344847255,29012902,2.4040491830739176e-9,7.735011299929831e-19,36392.51893187571,4.330261477695131
"c(299058.488073039, 5040564.07670148)",4164,4,534.5136272551405,30047790,2.4058793953965312e-9,2.234950307785359e-20,36248.13605248184,4.247288130135132
"c(298960.927085309, 5040421.79172968)",4166,4,363.2172186215827,25381962,2.4066248285993706e-9,1.58328837184265e-18,36075.48229419802,4.201863358766842
"c(298917.375090803, 5040358.74374218)",4167,3,240.75361586575906,24343906,2.4077403579143044e-9,2.3654391379899624e-19,35998.854458467256,4.194920268634881
"c(298760.209110721, 5040133.95578683)",4169,4,662.71040509557,24815845,2.4118808277272203e-9,0,35724.549645484985,4.152673542160016
"c(298596.34013137, 5039895.95583402)",4170,3,294.45388816131765,24883981,2.4153837312525304e-9,0,35435.53209904831,4.2026471116813084
"c(298547.033137594, 5039824.61984817)",4171,3,293.7972217696056,24914365,2.4166372022856497e-9,0,35348.813227358616,4.1869598797241
"c(299916.887955076, 5040323.8017148)",4183,4,239.76542725959865,316512,2.3094558433191363e-9,1.4115419998390536e-18,37316.59407774332,4.313864746084653
"c(299506.600116225, 5040607.00265394)",4187,4,371.5784343626677,2434062,2.365149778946077e-9,5.124365144648621e-19,36850.56884272658,4.286073534420709
"c(298514.341122841, 5039213.31895639)",4192,4,436.9411490297536,3768571,2.3749380830823887e-9,0,35538.04898972979,4.172976500430279
"c(298605.685110596, 5039324.2029339)",4194,4,451.8832018544895,3353530,2.385870905731417e-9,2.008614815244144e-20,35409.40941027394,4.175705750855875
"c(299048.657053696, 5039935.49481194)",4197,4,486.43423024096194,3133977,2.378533368958549e-9,0,36037.45698601785,4.178649073365417
"c(298902.398082617, 5040036.27779919)",4198,4,537.3065658389673,2304075,2.3928357605113878e-9,0,35896.37854445485,4.157650764005304
"c(299391.892010283, 5040428.837714)",4200,4,386.23047230034933,2673644,2.3704070624321927e-9,6.631578349758435e-19,36638.627960794554,4.321414135667937
"c(299345.955016083, 5040362.52572716)",4201,4,457.9752930737478,9213232,2.3723994452124573e-9,0,36557.94981083333,4.332601780759241
"c(299767.07743719, 5040053.95319211)",4213,4,409.8335366734202,595758,2.31293715158005e-9,5.839375865832467e-21,37065.11475557749,4.294413003211037
"c(299705.76101974, 5040108.88533453)",4214,4,353.37898091883505,576880,2.319881225145677e-9,0,36994.75925825713,4.288316951144272
"c(299641.296632638, 5040157.74342814)",4215,4,294.3778558190914,458152,2.328079857880175e-9,9.09831465119516e-19,36913.77471742068,4.302042227187217
"c(298826.921588836, 5040724.04390622)",4218,4,500.385925297638,1291340,2.3888917996922323e-9,0,36376.54401471868,4.099376965376635
"c(297792.415258264, 5039491.85493173)",4254,3,359.37183500388585,6680532,2.4392712821191973e-9,1.6484652978978393e-18,34443.55841178304,4.122444852432825
"c(295408.141990087, 5039503.4885093)",4275,4,423.5412171472302,12038803,2.55447969609098e-9,1.4125897472986372e-19,32002.248017364185,4.067677046877779
"c(295287.147818772, 5039580.09239991)",4276,4,691.2931831864414,12068893,2.5674143334497828e-9,0,31859.040156511957,4.038266768044823
"c(295155.877404474, 5039663.38341469)",4277,4,635.4116930101171,12353791,2.5818893107573125e-9,0,31703.575096416982,4.050659421282026
"c(295084.112263517, 5039708.70853415)",4278,4,568.6065270238577,12199545,2.591164575925709e-9,0,31618.69480884606,4.062229553641673
"c(295010.587567905, 5039755.20775345)",4279,3,484.47083467706153,11959911,2.5960606773601742e-9,0,31531.69978534414,4.051006640441692
"c(295606.387420249, 5039647.00517755)",4284,5,541.9112655687032,7002177,2.538392274674306e-9,0,32300.852522100107,4.046441141407047
"c(295537.395608936, 5039696.10592125)",4285,3,275.1327442097348,6870700,2.545298510175732e-9,0,32229.596548472717,4.009042395286309
"c(295294.619732487, 5039880.73249699)",4289,4,589.874927044744,785214,2.5710480719819e-9,0,31953.406659401673,4.013642147099417
"c(295227.816680851, 5039931.69981529)",4290,4,807.6718636467735,930350,2.580814170628436e-9,0,31869.331089265168,4.009761207481746
"c(295535.214998961, 5039535.48447446)",4306,4,249.58199216465033,6082058,2.54422432901852e-9,9.707272597969704e-19,32168.32172412745,4.17344102168175
"c(295233.575200294, 5039044.88487048)",4330,3,487.6301213280317,9075306,2.52656783311046e-9,7.774429678538479e-19,31821.603071548907,3.9506051116457277
"c(295130.084702993, 5038883.48812721)",4331,3,337.84152753118417,5420637,2.5261074603509805e-9,0,31629.875561496297,3.994115441204385
"c(295090.141707875, 5038820.57313956)",4332,3,887.5677740863013,5440017,2.5261865117330624e-9,0,31555.35197562435,4.011661253563872
"c(295496.483688675, 5039473.96843653)",4347,4,201.3907484601527,15078091,2.5476483325481772e-9,4.791905913550913e-19,32095.62778211771,4.253207049135731
"c(295549.901699569, 5040980.20074589)",4382,3,324.9112164953867,1622122,2.5810887759457332e-9,8.851730396953286e-19,32541.18733498571,4.010209437060889
"c(295504.963115065, 5040909.74048473)",4383,4,678.7059904539715,1792588,2.589439706340438e-9,0,32457.611409304594,4.024253090453185
"c(294604.435843037, 5040331.87489096)",4396,4,768.7318691283297,3252899,2.642942825899675e-9,0,31141.157956299463,4.07525964253471
"c(295216.909265305, 5040458.22389842)",4421,3,504.0320810099775,1230496,2.5966714252316374e-9,7.234358811895924e-19,31940.87978705562,3.95876947109121
"c(294776.087707891, 5040626.83775857)",4423,4,727.3426261059928,3253158,2.6327319835844536e-9,0,31452.181257515844,4.022171271071898
"c(294191.258658786, 5040289.95766205)",4465,5,706.7613702380025,20606673,2.672114787035017e-9,0,30552.894617349604,4.183531179673873
"c(293934.743161166, 5038714.47917162)",4483,3,206.05842125040766,2823272,2.5705945146387932e-9,2.640387735391656e-19,30280.597561894934,4.329853727008144
"c(294470.266859134, 5040111.686934)",4492,4,744.9631061231102,16652576,2.6539305108563182e-9,0,30883.996997835722,4.141568994942717
"c(294260.141130298, 5040246.07041745)",4493,4,743.7004140425272,14095917,2.6649440358079094e-9,0,30634.57042045092,4.133576996258649
"c(294980.913639201, 5040088.763596)",4497,5,763.7926095595523,946803,2.6064318364457236e-9,0,31576.703852684634,4.051370915204937
"c(294677.843916257, 5039612.32868957)",4498,4,798.2231331243408,1402932,2.593752707889691e-9,0,31228.18489016208,3.99556695969132
"c(294278.088070098, 5038982.16113829)",4501,3,465.5820646598271,1337715,2.5655374676625314e-9,0,30822.635257523947,3.9959147159288655
"c(294184.618060987, 5038818.77319503)",4502,4,635.591762468413,1516627,2.5606843568747866e-9,0,30643.161497499266,4.024941180620245
"c(294069.673244803, 5038630.48673185)",4510,4,399.310792141537,3064223,2.560029542060785e-9,8.052652045561361e-19,30439.53681392461,4.113969936634173
"c(293690.612953977, 5038869.94217749)",4512,4,687.3245406567776,6962061,2.596400784389548e-9,0,29991.16971542197,4.111898586780799
"c(293445.159002054, 5039026.48815822)",4513,4,622.1811259834279,15733637,2.61091446381606e-9,0,29700.043668627488,4.116690661311452
"c(292657.649158332, 5039590.72608553)",4517,5,910.801760035568,8191706,2.6512349186641717e-9,0,28729.14850799053,4.047855291079944
"c(292287.990233927, 5039923.42803952)",4518,4,171.11833420377445,4409539,2.674896325423212e-9,0,28242.31062737526,4.166614088627534
"c(292771.60913232, 5039406.71111399)",4522,4,442.7138446382607,7077980,2.643023785638697e-9,0,28894.593667735902,4.118238863887744
"c(292617.965163825, 5039547.42209444)",4523,5,868.2534704337861,8285572,2.6480152838504974e-9,0,28686.252483439665,4.033949473753912
"c(292436.19320091, 5039708.39207227)",4524,4,699.5278918071031,3799504,2.645696453619115e-9,0,28442.848872949664,3.9547687694821185
"c(292240.99224086, 5039885.03704781)",4525,5,641.1622401763683,20780168,2.672007091911984e-9,0,28179.586649880195,4.050094860051564
"c(292477.895195148, 5039754.17306287)",4528,4,721.6662557908614,7097092,2.6498231028447486e-9,0,28486.18042256554,3.9766049115095496
"c(294536.62089351, 5039389.76818326)",4550,4,563.5066188819983,2436583,2.5922563171528254e-9,0,30965.06648593363,4.0684570757433995
"c(294184.32089251, 5039614.29803065)",4551,4,707.5927113991866,3397866,2.6265054297420834e-9,0,30547.65873192601,4.03363618388195
"c(294325.233875345, 5039837.87998679)",4555,4,753.0203039047693,4254953,2.628141578847604e-9,0,30811.20297006975,4.03031491787981
"c(293926.894923887, 5039206.10211073)",4558,3,501.0964232499126,3253960,2.6003187936571774e-9,0,30383.341674675274,4.003281968805014
"c(293819.608937519, 5039052.53014121)",4575,4,546.3041179083577,3526984,2.595307244767653e-9,0,30209.71076034789,4.037813021730015
"c(294043.999882941, 5038590.03821479)",4585,3,144.977096981127,4131457,2.5579181248051047e-9,1.996427901208204e-19,30409.256578062752,4.126102447250974
"c(294043.310909695, 5039390.62407453)",4588,4,661.9747877203763,11335888,2.628214946029045e-9,0,30283.731169203882,4.078659322599347
"c(294637.35327637, 5040003.9431223)",4593,3,464.97230568930013,13640148,2.6363066062395153e-9,0,31082.810592693026,4.11824710621379
"c(293258.701038488, 5039142.86314403)",4609,4,389.0537133911624,6527688,2.614797862058752e-9,0,29480.22371815243,4.12643913003324
"c(295726.586575271, 5038177.88623099)",4631,3,553.7544056758461,4539589,2.4464070927875657e-9,0,32429.72029734377,3.9187196936129887
"c(294522.647776907, 5037916.39231693)",4652,4,515.2524820607559,381538,2.447594486734788e-9,0,31478.018126602463,4.075332634987677
"c(293505.23097637, 5038569.48223631)",4655,4,759.9185687752419,3319253,2.54598690327312e-9,0,30272.45119902244,3.9575674702444608
"c(295213.998655441, 5037896.14629746)",4676,4,158.29776371023843,12394585,2.46668783479168e-9,1.3212171107715463e-19,31799.591680214853,4.250029062399281
"c(294710.447729149, 5038218.36015775)",4683,4,417.9447663004361,2743267,2.492317950055173e-9,0,31201.729106660914,4.192370714105692
"c(294462.289797803, 5038377.6249131)",4684,4,503.46388961513577,3879338,2.5187125912640693e-9,0,30906.83972598764,4.101541968932099
"c(294307.660833229, 5038480.24022526)",4686,5,613.700367977585,3114096,2.5370310076420688e-9,9.558463451028795e-19,30721.254217039026,4.116553764729542
"c(295190.927658301, 5037860.99430439)",4688,4,532.1679991074398,14207333,2.4654337184615564e-9,0,31762.563396090325,4.228185920809802
"c(294872.103720821, 5038065.63227914)",4689,4,627.3093675536069,6963377,2.4751943679164944e-9,0,31383.715702899946,4.077544340633459
"c(294442.133860088, 5038340.47944528)",4691,4,630.49051526681,7855216,2.517209283958186e-9,0,30873.375028890525,4.085406689195016
"c(294282.324836324, 5038440.18623312)",4692,4,644.7469999324558,6890564,2.535213719675822e-9,0,30684.9617288189,4.094347056271589
"c(293912.133233909, 5038678.24605372)",4696,3,138.23618955696588,3923587,2.568729860050223e-9,6.530264968141837e-19,30250.53925567729,4.35776898461126
"c(293672.018955951, 5038831.58318484)",4699,4,336.02989592453594,7134592,2.5942162752523482e-9,0,29965.63868789969,4.114691434962377
"c(293427.274003881, 5038987.49516565)",4702,4,321.04851715073016,15141859,2.6085901795238967e-9,4.55085678287006e-19,29675.445537394615,4.11597777467311
"c(294930.644112331, 5038568.2426141)",4736,3,339.6476209188237,690595,2.49863351604576e-9,0,31596.76579118529,4.0219238517919536
"c(293455.785632441, 5038492.25467649)",4741,4,755.6440735088477,3237754,2.531100890105519e-9,0,30363.780107783434,3.9273190228642556
"c(295046.110713251, 5038751.1071532)",4750,4,631.5745096976577,13502422,2.5249770450754303e-9,0,31473.106243541926,4.031425560479
"c(294809.324742141, 5038376.55322673)",4751,4,430.17809605610626,705050,2.4912537260819117e-9,1.1562538409797043e-18,31377.0006726666,4.04370116072418
"c(293222.834043643, 5039109.53615106)",4757,4,412.3082512224805,7152946,2.6124927972789046e-9,7.239387056384486e-19,29437.234586312556,4.102626311323995
"c(294225.121775804, 5036320.35260664)",4789,4,488.4585141980513,1976674,2.285095034214725e-9,0,31405.59505687632,3.606313119590159
"c(293991.835820812, 5036447.68959207)",4790,4,740.2001398124892,1073438,2.293150291796606e-9,0,31606.9763205534,3.6030203445318816
"c(293705.895876051, 5036606.0655738)",4791,4,799.5468160834006,1266788,2.302237488791245e-9,0,31874.303063311283,3.623219027597027
"c(293421.605805971, 5036763.60520563)",4792,4,677.2537347165573,380228,2.297251764302691e-9,0,32033.48708458256,3.6317252757361667
"c(293897.893869663, 5037423.19542417)",4806,4,643.4281530099826,3018589,2.381241194799672e-9,0,31962.483712223573,3.7920192714053957
"c(295621.46156204, 5037229.84440068)",4827,4,507.7329584493733,2393350,2.3883055896409246e-9,0,32684.74017317801,3.9119993784870224
"c(295449.86360772, 5037700.79432384)",4869,3,351.3438682413678,3699587,2.4355129511512395e-9,1.58885396284917e-19,32106.84351067006,4.003006964685151
"c(295402.228613345, 5037619.81433962)",4870,3,141.46978899490784,108557,2.4312150404924794e-9,4.3062781244833924e-19,32088.36092469595,4.056888084909496
"c(294957.526642604, 5036164.68060957)",4891,5,770.7903415983859,5974204,2.2833043729642414e-9,0,31460.28360462777,3.6192703296344613
"c(294890.431652672, 5036114.80762054)",4892,4,503.9613224610082,5993021,2.278452470313894e-9,0,31376.68109123124,3.5999448731451946
"c(294714.809679019, 5035984.05464932)",4893,5,919.8471065464935,8301288,2.2720516539746173e-9,0,31157.72409529056,3.58911460176721
"c(294125.364830388, 5037437.37741411)",4909,4,595.2409752253441,7068651,2.402335384458372e-9,0,31864.386717601887,3.879830858833802
"c(293833.706806548, 5035186.84781844)",5036,4,554.9009500539039,7783070,2.2254156002496503e-9,0,31622.602853978813,3.46728175363592
"c(295944.327510658, 5037381.05036341)",5090,4,744.3739524715287,3659763,2.3997643825692007e-9,0,32695.777362207442,3.9673593366583173
"c(295784.256530125, 5037125.86541349)",5093,4,657.9306627194601,1210730,2.3749339001784652e-9,0,32756.30019676233,3.9133958884485947
"c(296291.323147594, 5037158.42489087)",5099,4,841.0820117200291,8662232,2.3777939412473272e-9,0,33108.051562076544,4.005296702062755
"c(295783.197542264, 5037484.45935065)",5100,4,567.0773256371807,4820650,2.4133653096874088e-9,0,32504.318436256548,3.964328669552664
"c(296043.693479284, 5036960.89943376)",5105,4,605.3139601878426,6499286,2.366182375899221e-9,0,32807.09338677687,3.98217747334059
"c(296485.030061691, 5037396.69831763)",5110,4,851.0549958084052,4903761,2.3733606699214344e-9,0,33415.13235049071,3.9293094430288042
"c(296628.067922107, 5037109.42513823)",5118,3,445.9827904807738,4996374,2.346172205577253e-9,0,33109.22061067912,3.935223978698197
"c(296430.781818945, 5037330.01298113)",5141,4,881.3389342081745,4883401,2.371831751346552e-9,0,33329.16732942161,3.918239222588461
"c(296110.897474196, 5037010.61324781)",5142,4,279.98382667102493,6114840,2.3744286218609426e-9,0,32890.699753844434,4.045897060527786
"c(296633.989363344, 5036578.16148118)",5158,4,555.1004485057114,4616597,2.300192366712956e-9,0,32757.733846004954,3.7606326121194114
"c(296392.116410754, 5036732.00046228)",5167,6,762.988517174676,5201281,2.3317561533793035e-9,0,32650.26765953514,3.908277172451278
"c(296677.854050445, 5037170.52200085)",5174,3,456.02514566523143,4998088,2.3469087885646687e-9,0,33188.03434629394,3.9113480668980043
"c(296168.388460576, 5037053.40441338)",5185,4,270.25805448132814,5729351,2.3741812030488915e-9,1.4317231807611686e-18,32962.382614142974,4.203357497209138
"c(297929.35511681, 5035976.64154341)",5342,4,413.7866554850022,4168452,2.1620094640357234e-9,0,34175.39912062133,3.644568837339478
"c(297765.555145781, 5035986.61254714)",5380,4,542.1729307462093,1119832,2.149040560593133e-9,0,34011.29530119147,3.5419070057149966
"c(297579.89317861, 5035997.72655139)",5385,4,471.27377138981234,782146,2.1364632958978282e-9,0,33825.29436490786,3.486469154460295
"c(298467.639908284, 5035844.58642357)",5402,4,219.23339326702347,5395321,2.1272276229602305e-9,0,34806.28082371067,3.774795159098022
"c(298466.539021766, 5035942.92853136)",5417,4,470.09916125193104,5423937,2.139900304946264e-9,0,34713.82168473112,3.7038327240152347
"c(298997.213016884, 5038568.26305328)",5480,4,551.1488611803852,580229,2.2915621768119397e-9,0,35954.90505445966,4.065798542989217
"c(297859.734162595, 5036982.33736937)",5519,4,517.1720191838156,8664558,2.2751777805036496e-9,0,34267.19940922649,3.9360770436250494
"c(297699.279182481, 5036738.15741755)",5520,4,551.2734388348731,9919304,2.2653941384439397e-9,0,33974.92427791388,3.9000458651408465
"c(297500.858212621, 5036602.19644802)",5522,4,456.8749552721672,7687418,2.2525709048329612e-9,0,33729.76601566239,3.7841178671015077
"c(298787.211217527, 5038387.59881698)",5572,4,576.188635865119,1330624,2.2957045871881606e-9,0,35677.884345601844,4.086994001744183
"c(298623.595067511, 5038130.55114251)",5621,4,328.35789169913375,734930,2.2968529406626972e-9,9.193346862817837e-19,35506.813503846126,4.212969333287169
"c(298652.227060282, 5038064.0981532)",5622,4,325.8016094283141,545144,2.2933072544185165e-9,1.0450548792295779e-18,35440.840469083916,4.2256261927844445
"c(300651.044761622, 5039572.25482185)",5676,4,438.84006438042945,232505,2.2038596446393404e-9,2.3333543101317884e-19,37994.388980021824,3.8320601292649004
"c(300711.84076161, 5038547.85707436)",5682,3,652.3435476214324,2005531,2.1390823007492812e-9,0,37880.669383160035,3.4366183636525522
"c(300318.226787142, 5038600.19900339)",5683,5,362.64499100181456,5503673,2.1722691193221737e-9,1.3089952339279485e-18,37483.57002901054,3.7142029169744943
"c(299744.614923027, 5039663.74183624)",5695,4,335.0834042928183,1166946,2.301643821518257e-9,1.9693590477214092e-19,36843.04406841267,4.252640289223234
"c(300209.560843627, 5039717.84281116)",5747,4,324.11692472945043,1525323,2.2548164435392127e-9,9.739213169085838e-19,37468.154087141105,4.180692421727429
"c(299801.385915928, 5039747.7718196)",5806,5,455.32925151523796,2256023,2.300253245852589e-9,1.019152325333148e-19,36934.669085990674,4.279257713429974
"c(300742.983719906, 5038808.14695269)",5808,3,577.0635423248026,263266,2.1366919846584534e-9,6.879297024361512e-19,38142.81572513737,3.411886706738606
"c(300145.372868351, 5040120.52274275)",5830,4,244.18199120559208,2944321,2.28103169090782e-9,7.952504438984703e-19,37480.1397599408,4.305206724263099
"c(299692.564929556, 5039587.31085137)",5860,5,358.0375823385127,911667,2.301741072393043e-9,0,36761.225211644174,4.228437235933823
"c(299395.960977143, 5039461.33488339)",5893,4,339.97334006797774,5665321,2.3228394650338476e-9,1.3136309895127425e-18,36348.10849509728,4.225999751400148
"c(299629.930937413, 5039495.34386959)",5912,4,510.0674524569393,606709,2.301600962212227e-9,0,36668.44372691465,4.17922172445408
"c(299539.850948707, 5039362.85989583)",5913,5,654.9940747679466,1078892,2.3021512228633515e-9,4.6241321250865365e-19,36523.64625217717,4.147675756218208
"c(299476.05669669, 5039268.5276645)",5914,4,321.9764941831888,513041,2.3026501522055912e-9,0,36421.62900720798,4.129945390532451
"c(300146.91587297, 5038626.89407946)",5921,3,390.7982456166477,1770883,2.1731962384521045e-9,0,37308.44242893234,3.6382177465691896
"c(300510.102103736, 5039944.42143637)",5938,3,216.37559737533923,335384,2.2303133591852763e-9,1.0229207996502868e-18,37885.1608126189,4.016739718209633
"c(300406.730428466, 5039994.32393109)",5946,4,259.36780967411516,715182,2.2455001275762505e-9,1.3244882163957113e-18,37770.37402171596,4.16976070095571
"c(300607.596862924, 5042362.78433446)",5990,4,309.34204879281026,1804624,2.2651464731767797e-9,3.565231086609011e-19,38599.04219594044,4.058158282799827
"c(300494.625885145, 5042437.24332522)",5991,4,440.8111848683032,1464881,2.275190162859925e-9,4.0613212363766785e-19,38463.736434142535,4.034239729987363
"c(300707.896823502, 5041710.45044534)",5996,4,287.3354746319071,796523,2.2525629135895274e-9,7.284229039159111e-20,38545.05449660027,4.031729724943895
"c(300510.257862352, 5041839.82542931)",5998,4,339.5477421373032,1259704,2.277325605762033e-9,0,38317.55919229093,4.181962175606157
"c(300340.470710713, 5041950.62304061)",5999,4,460.5967070358014,2675817,2.299249690025662e-9,8.715396513452131e-20,38114.81741715808,4.145899250086606
"c(300224.593398471, 5042025.93620631)",6000,4,464.4303878855271,1408101,2.309960321677278e-9,0,37978.08398276983,4.170410700815098
"c(300053.01095219, 5042138.16139242)",6001,4,529.729614874203,366477,2.3235862698255827e-9,0,37773.05851638357,4.1646730590013625
"c(299882.92298563, 5042249.86637857)",6002,4,432.60088035912895,2140523,2.3515428169342417e-9,0,37577.20539250493,4.2602256410524255
"c(300309.736886805, 5041525.5024911)",6020,4,385.8270752823628,693458,2.2996887146927906e-9,0,37948.432365225766,4.312864826540931
"c(300137.528920614, 5041637.04247735)",6021,4,506.5301159085267,2060120,2.322046805128687e-9,0,37752.44075398318,4.241655372273179
"c(300696.516806178, 5041135.55954642)",6030,4,446.3235331456402,2558927,2.248397254856732e-9,0,38365.6054435402,4.023267798158035
"c(300308.948925247, 5042666.30529134)",6053,4,564.921684053245,1481883,2.2893765801367204e-9,0,38280.895783817694,4.02908561421337
"c(300656.631761549, 5039599.13381695)",6081,4,148.51790268705844,5598165,2.203707701929804e-9,1.152665243797749e-18,38022.24764978985,3.8550467981489147
"c(300113.611600379, 5040909.67618056)",6097,4,373.4541048086114,4931797,2.3122021028428967e-9,6.66442043169895e-19,37504.74991528883,4.254727008383007
"c(300347.514874612, 5041358.77651903)",6101,3,256.25999724941306,1445857,2.2898764281658713e-9,5.605636787249035e-19,37951.067262358185,4.1907583108912645
"c(300473.269858985, 5041547.2594818)",6106,4,425.4059806849332,642565,2.276726811809088e-9,4.822527000199765e-19,38177.657328600435,4.121219771174296
"c(300630.773813706, 5041017.90856923)",6114,4,372.5949177882707,2673580,2.2521804203379068e-9,1.1493793963470243e-18,38261.14482780867,4.055233150009098
"c(299640.267888106, 5041508.15091661)",6120,3,359.1490064466353,6998215,2.37672413330431e-9,6.567036682223225e-19,37033.29526701001,4.261850822253481
"c(299627.596981705, 5040804.09764036)",6129,4,654.0404497307909,2605128,2.3688201022928145e-9,0,36827.564973602646,4.275551565175929
"c(299460.649014688, 5040918.35662594)",6130,4,500.93857443527196,1516495,2.3882937406348954e-9,0,36625.01973145859,4.310983607165758
"c(299429.75902086, 5040941.55162291)",6131,4,471.70131364335685,2119266,2.391996752242331e-9,0,36586.27287594113,4.3114663123525405
"c(299694.718982809, 5041186.45757113)",6150,4,396.59750585298616,7438641,2.3675800487414416e-9,2.1784741968448584e-19,37007.84738755396,4.317873330304183
"c(299894.341958632, 5041504.70650868)",6151,4,386.0377922255998,1878908,2.3460119811224837e-9,1.1904969275668089e-18,37383.536480115254,4.290834132458774
"c(299960.152950681, 5041610.181488)",6152,4,335.3524571061098,1905210,2.339391590334899e-9,0,37507.86603180225,4.310179378831638
"c(300026.440942518, 5041711.78146799)",6154,5,379.59152407967343,1490779,2.332506988600113e-9,0,37620.8977410975,4.277334581533789
"c(300083.093560612, 5041800.69712551)",6155,4,362.3782696064885,1424613,2.326084470745697e-9,1.0616743727806369e-19,37724.246852748904,4.237030047733175
"c(300147.19881785, 5041902.87500546)",6157,4,327.0596266623135,1256452,2.318518762884246e-9,5.24519477793828e-20,37834.27957681841,4.223848690715402
"c(299551.835004932, 5041102.23959067)",6165,4,400.047222268727,5229846,2.3835082844512764e-9,3.68172250365536e-19,36783.34108807558,4.355895302568198
"c(300082.798630329, 5040151.81016437)",6170,5,349.66336003362784,506996,2.2885593303057403e-9,1.1266015303271944e-18,37410.12956754867,4.308590525654544
"c(300450.889314368, 5040697.73230637)",6178,4,371.463705536802,7716619,2.2714302203726333e-9,1.2738305568386913e-18,37902.80792564987,4.182521083104783
"c(300584.001439094, 5040935.12778531)",6183,3,184.3963507421725,2574222,2.2553887368980956e-9,4.0135823547643277e-19,38175.07539465841,4.0970826796501285
"c(300958.168783644, 5041824.63441693)",6184,3,300.35067981073206,4446822,2.2242931617822086e-9,4.656752078046943e-19,38874.80893556096,3.8141468980356903
"c(301117.090800305, 5042253.23083652)",6185,5,565.6891785739751,4394788,2.2082341069512938e-9,1.4485136698761704e-18,39228.538268300435,3.8220036010851106
"c(300372.425518308, 5040555.85293386)",6186,4,372.9465607751083,2474230,2.2757215650490823e-9,5.691312949477176e-19,37776.180158085794,4.195747395246461
"c(300312.366504971, 5040441.89900584)",6188,4,336.33952406339046,2484589,2.277607467087289e-9,1.4949836321444529e-18,37698.116322059745,4.2175666011993265
"c(300221.541689998, 5040268.04373935)",6191,4,231.64962371969668,3513798,2.284757207323385e-9,9.298179635502504e-19,37524.07038546299,4.317289392814072
"c(299582.639004888, 5041261.28856178)",6193,4,385.0392063343802,7562745,2.3821886016227633e-9,2.230554169867331e-19,36883.156723128086,4.3404506308187845
"c(299672.852002185, 5041650.28749062)",6195,4,394.7518841648217,7676313,2.3729641969841956e-9,7.732073285855527e-19,37142.91527689194,4.331884468350817
"c(299777.879995517, 5041998.04842619)",6200,4,516.6946990343927,2233021,2.3642145100957756e-9,0,37360.78649681919,4.333229545743889
"c(299824.715991105, 5042110.25640497)",6202,4,515.4998458708822,2928234,2.3587207626671053e-9,8.431230363861648e-19,37450.77591143581,4.2906359064069335
"c(300117.809962872, 5042793.32927552)",6208,4,820.6642622296806,1851981,2.3165418618918257e-9,0,38126.44487318204,4.089689999475845
"c(299530.263009012, 5041111.55658976)",6226,4,303.0509917748004,5976672,2.3857044442862515e-9,3.306300731177836e-19,36759.802415969454,4.36094514834675
"c(300177.766007943, 5041319.83273156)",6236,4,275.2708360004446,1726628,2.313000654008094e-9,5.233150124298325e-19,37704.06154294435,4.320563611115036
"c(300245.397934671, 5041425.18541083)",6237,4,343.97259207502213,1898494,2.3064768433472336e-9,4.741155862849273e-19,37829.25557461919,4.306479839217152
"c(299904.479355562, 5040869.89336954)",6244,4,520.3916809452954,1506300,2.338500800964245e-9,0,37205.90475407405,4.325442526870346
"c(300375.220009164, 5041191.70977237)",6254,4,364.7971031611765,406072,2.285918739188684e-9,2.23675692712483e-18,37938.36657621356,4.152505240964072
"c(300286.562646508, 5041247.18299063)",6255,3,293.3208003220262,379524,2.2958445540893696e-9,2.95321341881626e-19,37833.760063402624,4.167839412515702
"c(300011.174930729, 5041430.08331783)",6258,4,315.68415488106024,2263297,2.3351875256478108e-9,4.462297109975184e-19,37509.92771548608,4.30293545268257
"c(299637.894027642, 5042227.29339074)",6262,3,324.9565675332631,36976367,2.3833538438837484e-9,0,37229.865659212715,4.356540716267122
"c(299724.057030089, 5042748.43029659)",6267,4,605.6479116006167,40405225,2.3660021855661414e-9,1.80875026647565e-18,37580.6989021056,4.123094132646365
"c(299740.643029687, 5042822.72828303)",6268,3,631.3581349974854,40448228,2.361534976400742e-9,0,37656.82635459444,4.0936247786049185
"c(300261.132440443, 5041827.85166478)",6275,4,393.0913174537518,1827189,2.307810266052741e-9,4.103601805928356e-19,37970.7539772965,4.17161677080933
"c(300545.279835783, 5041230.76253482)",6283,4,339.44802322503995,1732381,2.2692114797866456e-9,1.6073337018663388e-19,38186.77276728997,4.1465135300691465
"c(300595.076831241, 5041354.43951148)",6284,4,410.0886937026471,1353079,2.264696603672383e-9,4.71251336999624e-19,38279.77003908056,4.0987379683492104
"c(300441.719056139, 5041298.48352644)",6290,4,382.6425407888497,792917,2.279750269045413e-9,3.487765629861935e-19,38062.91411236094,4.1753063382159175
"c(300074.789928174, 5041535.86149717)",6292,4,398.39755895097824,2426390,2.3288691586821404e-9,2.555993129012985e-19,37633.36986919198,4.2948272866149395
"c(300251.712986834, 5040479.80230123)",6306,4,289.00570311619003,480933,2.2860374226393218e-9,7.233280208232805e-19,37626.581548863476,4.240564289776745
"c(300636.969827296, 5041454.7634925)",6310,4,425.5558265957112,1223677,2.2606610311415586e-9,1.1957895064489215e-18,38367.00424462978,4.055670114711704
"c(300561.731841608, 5041489.7544889)",6311,4,396.43535830622375,258981,2.267479998474581e-9,2.1735395010165867e-19,38283.169063494446,4.090384605832374
"c(300196.163913415, 5041727.48545954)",6312,4,458.2729632702205,1969336,2.3154340869312716e-9,1.2789197805405937e-18,37858.95061618223,4.211364727620892
"c(300395.310900183, 5040730.78880244)",6314,3,272.9936205316633,5467298,2.2788158024072284e-9,4.57789587148492e-19,37838.14090758522,4.190886757331543
"c(300282.309353326, 5040534.46669063)",6315,3,189.48203798536196,461501,2.2839220955472094e-9,5.900817781066878e-19,37689.23345733563,4.213968942971908
"c(300164.387751295, 5040307.2465594)",6317,4,263.6449019634757,1314948,2.2925944831142258e-9,4.665374387594258e-19,37454.74371200028,4.299464291451269
"c(300213.236035819, 5040845.19911351)",6324,4,305.5293299136566,5349719,2.3007917013355604e-9,1.1375905605111768e-18,37623.0776138119,4.241516071956278
"c(299813.550044396, 5041107.03983105)",6325,4,371.89925156657864,7487124,2.355833460927767e-9,6.071570510011724e-19,37147.57151216886,4.322005850008576
"c(299735.202273798, 5040979.49303102)",6353,4,643.6339515595979,3567574,2.3617949074933277e-9,0,37004.18738184442,4.270904984745404
"c(300504.399848578, 5041399.23350668)",6368,5,345.4249776755907,357784,2.273254584898604e-9,4.948236841900026e-19,38178.63242396278,4.156159187296676
"c(300379.680877373, 5041608.27747425)",6391,4,334.07732940272086,839540,2.291567279739526e-9,1.839449159285048e-19,38070.0562050294,4.2516699067658825
"c(301078.986378047, 5042285.65695713)",6421,4,382.06120179797983,1261912,2.212807222837239e-9,0,39195.501852196794,3.9474091455968674
"c(300756.830813836, 5041677.03144955)",6425,4,316.8342064480637,1558576,2.2478952379463777e-9,5.601169178385249e-19,38604.32548847485,4.008005998841922
"c(300647.833611142, 5042667.62280473)",6447,4,402.6947348060237,1243239,2.2551283298522304e-9,0,38740.5638737207,3.9712710606169046
"c(300784.442841278, 5042637.26928045)",6469,4,409.80504264806495,1719527,2.2427537204749236e-9,0,38921.50549533063,3.935790597299039
"c(301122.120014716, 5043154.17650359)",6480,4,390.2263389937186,1498748,2.1993440234597823e-9,3.432327629516392e-19,39538.440620246365,3.7868537388294103
"c(301009.505611761, 5043225.28289493)",6481,4,348.6267646342585,927405,2.2086665224596805e-9,0,39405.24878117494,3.8255436094341277
"c(300360.263548994, 5042746.81932552)",6498,4,285.62219143508725,1805371,2.2834845736121976e-9,1.1508666685069409e-18,38376.45403155672,4.064801416021338
"c(301242.010785096, 5043341.67614174)",6507,4,255.32027525310178,1724015,2.1916230007263192e-9,6.821443710890012e-19,39759.83198582629,3.794091923503968
"c(301126.448807607, 5043411.34913342)",6510,4,327.4612428611715,982577,2.2008947532237e-9,5.895602575381156e-19,39625.036538657056,3.799385483825328
"c(300687.513893118, 5043676.52310176)",6512,4,425.06184746237227,1294175,2.245971502239249e-9,0,39122.37586585161,3.9437219226623306
"c(300433.901942473, 5043828.41108369)",6515,4,311.98234375208887,749640,2.270136729391843e-9,1.0734883533474632e-18,38826.73590955081,3.956640747903874
"c(300222.014983759, 5043956.82706833)",6517,4,551.4754484539276,4222842,2.29908871598717e-9,0,38578.96969589679,3.966584697746612
"c(301038.870284992, 5043027.66492854)",6519,4,594.5044237726738,1450970,2.2119967326018287e-9,2.892033615341213e-19,39387.511374121525,3.7785957617203856
"c(300928.919206644, 5043100.91204441)",6520,4,481.36167524560085,919582,2.2211813170345183e-9,0,39257.05181469507,3.8267201260639068
"c(300046.617750266, 5043685.92999664)",6532,3,280.3346513621382,3550426,2.3178847950063898e-9,0,38280.50993942608,3.99910810552965
"c(301287.481659777, 5043419.44322659)",6541,3,398.51342998841835,1996383,2.1850418834808958e-9,0,39816.16292323336,3.673584522677959
"c(300182.001988715, 5043896.51308023)",6553,4,566.749565917317,4183411,2.303655454165913e-9,0,38506.51720284459,3.9643505990333487
"c(301203.386084728, 5043278.95312901)",6564,4,216.81706991701586,1438184,2.1954436272011077e-9,1.104585124161888e-18,39686.32319740287,3.8578706167306986
"c(301088.012812208, 5043348.68614569)",6567,4,316.0343315874583,1026964,2.204748059043259e-9,5.416983876000179e-19,39551.51164893561,3.851865005493656
"c(300976.190833997, 5043416.3691376)",6568,4,310.46232326036693,313613,2.2110440838207814e-9,9.843557042912255e-19,39434.573434719285,3.83945873666324
"c(300649.373897677, 5043614.19311395)",6570,4,404.4917690072991,1496101,2.250060166464866e-9,8.225908725472516e-19,39052.54480929676,3.957553138212508
"c(300397.333946784, 5043766.74109571)",6572,3,372.863708127354,714729,2.274132953315979e-9,2.738237230039747e-19,38757.93287690846,3.9427373614966954
"c(301215.025937827, 5042539.28310814)",6583,5,532.7395743662258,865297,2.197363304273022e-9,3.343093907178541e-19,39441.231989389715,3.786719065086322
"c(300866.229831298, 5042765.10425532)",6588,4,496.7060503623114,1949328,2.235103031200194e-9,0,39073.27335192741,3.8993106945447304
"c(300598.933872186, 5042593.49129435)",6594,4,411.0389422019715,1713365,2.2640071261751733e-9,4.743814672184284e-19,38651.75621285133,4.016083679767982
"c(300856.066575572, 5042988.22479159)",6597,4,408.52187923141935,1169846,2.23125393123422e-9,0,39122.86533419105,3.863071528411488
"c(300158.827958784, 5042884.76525813)",6607,4,493.977544648369,2755100,2.311672414005792e-9,0,38208.961662136695,4.115491975361646
"c(300803.784831851, 5042457.22031133)",6616,4,420.06461112688345,404570,2.2403415732259894e-9,7.433649553807897e-19,38897.79692359891,3.949911176881697
"c(300709.53685041, 5042519.97530351)",6617,4,344.4880099931721,2007229,2.2543371515397415e-9,1.509462440115306e-19,38784.565406591566,4.017328156731565
"c(300965.371819053, 5042915.59322564)",6622,4,435.0004215164813,1484604,2.2219980937382496e-9,0,39253.48718841842,3.8365482625381833
"c(300756.301930557, 5045147.433842)",6669,4,711.2971640080107,4292310,2.226764912053405e-9,0,39730.91713293593,3.762689895773062
"c(300928.905914678, 5045570.54376216)",6673,4,764.3924883340576,4636503,2.192099614830696e-9,0,40188.108730621556,3.7081473497340234
"c(300645.781968414, 5045700.11274901)",6674,3,524.5545974308818,825024,2.2204898877597014e-9,0,39887.582962539054,3.7633060791196855
"c(300821.886924249, 5045300.02781309)",6679,4,803.2336174075714,4382763,2.21353432268333e-9,0,39897.011378919145,3.7330685967302344
"c(300693.591936575, 5045001.07386972)",6689,4,701.1935552903716,4576837,2.2391523378110755e-9,0,39571.68712397322,3.79713402563821
"c(300528.255952634, 5044620.73794184)",6704,4,803.114277463106,7115723,2.256004052125274e-9,0,39156.96222915951,3.7879668771238495
"c(300629.899932772, 5044854.88952244)",6706,4,488.8597586979496,5666801,2.2465920298440086e-9,0,39412.22635920514,3.823508110066519
"c(300952.46182789, 5045639.54149929)",6726,4,726.3405751548917,4260213,2.186717210606026e-9,0,40261.02037519459,3.707804223457626
"c(300224.310004211, 5044577.70795958)",6734,3,240.47133061276517,33567640,2.2984430611685805e-9,2.254811368647557e-19,38729.7712151932,3.9850035258581893
"c(300280.520999373, 5044725.56993182)",6735,3,514.653857137471,33925318,2.2894925736602128e-9,0,38887.9573561768,3.872842500691833
"c(301893.067022856, 5045461.88727372)",6751,4,430.19346986024846,916534,2.0876123184391648e-9,1.0375073710338226e-18,41340.44276361289,3.636846974471375
"c(302304.751701417, 5046363.19157716)",6762,4,486.0351849634665,241603,2.0121200332052903e-9,0,42331.40017995111,3.3158207118871967
"c(302339.572697998, 5046441.88956222)",6763,4,486.81093959596706,919685,2.0113421025739793e-9,0,42386.92239019594,3.3200177066535304
"c(301550.977755404, 5044061.73800529)",6770,4,354.253911832638,1146334,2.140331988691892e-9,0,40433.248191510116,3.5512063446903723
"c(301460.624772368, 5044097.40000208)",6771,4,422.44131656867216,2771580,2.149645021656034e-9,0,40336.044772077956,3.53712839036915
"c(301734.888472884, 5045534.34474137)",6816,4,400.1520366404802,325098,2.1007899692218706e-9,1.5909193020927702e-20,41175.77178023224,3.6580546535354874
"c(302155.510729798, 5046433.09756996)",6824,4,514.325338568082,81846,2.023708002618348e-9,0,42168.297544506546,3.336519070143504
"c(302190.501726341, 5046511.56355506)",6825,4,514.2720352518793,1058852,2.0231280873597514e-9,0,42222.37259743954,3.3344579562834906
"c(302493.604656498, 5046007.59963301)",6857,3,810.5545898441801,4569066,2.007266732366478e-9,5.59883627178098e-19,42410.414273952796,3.1531568463786974
"c(301994.870760334, 5046508.00256227)",6869,4,392.80291268079793,71080,2.0403362529376485e-9,0,42007.631449501416,3.3882864876528465
"c(302030.833686713, 5046586.6519223)",6870,4,654.123767874692,1153464,2.040196126530084e-9,0,42045.92010201488,3.367646565849958
"c(301305.58785438, 5045731.0747214)",6886,4,545.478096946907,360804,2.1413254165427746e-9,0,40732.03121829725,3.6948791149873905
"c(301718.31481291, 5046637.19054898)",6895,4,723.8177154394459,297949,2.0612960232364814e-9,0,41727.77082689733,3.408235747222038
"c(301753.558809442, 5046716.71853388)",6896,4,722.3361467911869,1397602,2.0619862161837646e-9,0,41739.644296251085,3.4101781522238173
"c(302439.732675752, 5046300.09658365)",6902,4,524.2348441011654,1510883,2.0055402728917786e-9,1.50770919100128e-19,42468.295791723365,3.30671260100822
"c(302032.04271647, 5045398.22175518)",6906,4,295.9926013497259,1690895,2.0795724324364547e-9,0,41493.30972921407,3.6100378543920915
"c(302475.256567236, 5046379.58489354)",6909,4,440.6666897414142,1729060,2.0044079262765265e-9,0,42536.24094613926,3.3281684447550943
"c(301302.702878846, 5046443.12059692)",6931,4,483.34766153431036,4133369,2.112965375436442e-9,0,41103.81477190012,3.625511147743499
"c(301702.930842344, 5047431.62241055)",6932,3,662.1765380299986,5051447,2.0451343462206156e-9,0,42011.58817949103,3.4970048874455464
"c(301264.484882752, 5046361.12861255)",6935,4,482.2367662669434,4151205,2.1200278880789132e-9,0,41013.35053128673,3.6358688461497723
"c(301069.448967548, 5045938.63579303)",6970,4,472.64102360602203,4982269,2.1605037957692492e-9,5.782273988148089e-19,40548.00812153414,3.7624650485625293
"c(301827.796832104, 5047773.83134649)",6971,5,1105.5742588953572,6842391,2.0218125016808943e-9,6.227908908940022e-19,42332.13628404753,3.4619632367521795
"c(301571.8868808, 5047895.1523339)",6972,4,615.9820066286547,1827477,2.0339440041303197e-9,0,42048.9236460951,3.4929043598752205
"c(301036.20803552, 5045854.67298384)",6996,5,786.7591450500144,4338873,2.1712589726577577e-9,0,40470.49366117942,3.776492620191912
"c(301376.501871496, 5046607.04456576)",6999,4,463.922340024553,4760727,2.0993671730059123e-9,3.890532476875656e-19,41282.199428638276,3.6227269650402416
"c(301412.092867932, 5046685.57055083)",7000,4,473.8117335471344,4622695,2.093295140969301e-9,0,41368.41472767364,3.6230946534473065
"c(301892.067825495, 5047910.18932049)",7006,4,496.45408396050823,4222642,2.0137157974151796e-9,0,42452.38551901999,3.466030245963888
"c(301924.258822148, 5047977.38630765)",7010,4,458.7528700044484,4179237,2.007144824066207e-9,0,42526.89548531363,3.457279376954996
"c(301237.210015933, 5047651.47668778)",7014,4,628.8641169867609,181292,2.075624477377216e-9,0,41497.34047159351,3.5969923816830174
"c(301220.946910712, 5046966.40150814)",7027,4,684.4200964686223,824528,2.1122860029386397e-9,0,41160.07629418925,3.592457641972718
"c(301443.67789165, 5047553.65739794)",7029,4,747.4562756345817,69757,2.057528883552712e-9,0,41725.02331697869,3.5304930766788925
"c(300955.818961109, 5047090.43349537)",7059,4,805.4229309106076,1094991,2.127214336636475e-9,0,40867.369986468526,3.584682768638629
"c(301130.306977545, 5048482.66024604)",7075,4,298.39061865046597,10069623,2.075508709018267e-9,2.517367917578434e-19,41681.29588787584,3.7829343358784655
"c(301161.383974322, 5048547.8132336)",7076,4,400.3346806884399,9097332,2.06898318742702e-9,0,41753.48151882752,3.772768848560297
"c(300735.191040113, 5048295.63529203)",7162,4,517.987478503573,4202500,2.102072723232122e-9,0,41244.62655836564,3.857670540745252
"c(300579.345069762, 5048369.57428435)",7163,4,431.964831880682,4183331,2.1089024162174247e-9,0,41072.130068439896,3.864499591478219
"c(301642.942952772, 5050399.14989378)",7348,3,377.6505264705848,4571379,1.9316600881418878e-9,0,43044.5748850133,3.574938215961203
"c(302300.252785897, 5048846.13414307)",7414,4,363.7229884780272,3894480,1.9446334007557916e-9,0,43173.365949220904,3.5381275926652034
"c(302061.761831236, 5048958.20713152)",7423,4,683.0813952946152,167243,1.9553166018094447e-9,0,42909.8544692739,3.514369740542925
"c(301756.404874314, 5049102.58654157)",7424,4,566.1557357104355,104738,1.9802399739303187e-9,0,42572.08401573201,3.6221746710087013
"c(303995.026537896, 5050247.25884094)",7432,3,458.41002834432595,3697202,1.7273390274816356e-9,4.6454910594719133e-20,46023.27455325364,2.841142411380277
"c(301766.63091761, 5049995.2069602)",7477,4,413.8683610352756,9635253,1.9454495318880248e-9,1.0063159974651186e-18,43087.77650240188,3.6819056055862167
"c(301719.777581997, 5049883.13115637)",7478,3,151.69074766082466,8536161,1.955714057054549e-9,1.1388614870762928e-21,42966.30124735104,3.7740482839947145
"c(301512.125941258, 5049380.96407614)",7485,4,329.85468091711857,9188100,2.002120873172677e-9,2.5673295198315987e-19,42422.887029886195,3.747348553964691
"c(301440.674947871, 5049207.74010883)",7486,4,402.48829229998626,10277081,2.0190361517063612e-9,0,42235.50501916455,3.8808849535460905
"c(301664.157951733, 5050477.97287929)",7538,6,827.7047755745954,4164683,1.9245461244718133e-9,0,43126.20293917083,3.596723329250114
"c(303911.907562356, 5050542.51979214)",7671,3,462.8264255435517,3650435,1.7201455408205992e-9,0,46068.34628975811,2.8713263820559902
"c(303877.074615417, 5051932.53255044)",7867,4,610.2518312607449,3198897,1.659198362960077e-9,0,46767.97468171447,2.7827665840791775
"c(303832.171615114, 5051692.28959393)",7878,4,723.883806957981,3183664,1.6743694762025282e-9,0,46579.05190284286,2.7828115975432155
"c(298544.76766075, 5055412.77812251)",7968,4,839.7756667053424,1047608,1.6571900980165524e-9,0,42776.539848439505,2.9067987621094007
"c(298323.610691181, 5055173.4361717)",8005,4,591.5562170574527,3627664,1.682150883793839e-9,0,42450.66412040273,2.95525670043639
"c(298034.132714415, 5054365.44432244)",8009,4,447.78888654867586,6981921,1.7505350304155297e-9,0,41988.819487720735,3.266620464249241
"c(297830.732758419, 5054622.17928445)",8137,4,541.6060358920547,2379980,1.7417827845105445e-9,0,41714.733075004166,3.2302045830141854
"c(296979.594881564, 5053878.31644283)",8174,4,354.6351203526832,2931793,1.8012341494928389e-9,0,40577.43741771088,3.169182624009539
"c(296879.285896527, 5053803.97645917)",8222,4,432.5052295624402,2948362,1.8114454377197256e-9,0,40452.5840522368,3.188849998372506
"c(297082.421866223, 5053954.45642609)",8269,4,521.4897658595783,2613563,1.7909384053257628e-9,0,40705.386042834005,3.124501318267272
"c(303864.321082336, 5058278.05616825)",9226,4,553.924515589624,5477115,1.4323482614675915e-9,6.321343693466548e-14,48369.649367568716,2.4288919201276298
"c(303921.550201945, 5058265.03371859)",9232,4,511.7950897194967,4423358,1.4331650422963991e-9,1.1187234430219012e-15,48422.99906455524,2.4456951657267094
"c(304614.093749396, 5059676.64417397)",9484,4,460.39136878656564,6540950,1.3454638564021457e-9,7.014481976281887e-19,50024.33526329717,2.2055043697387275
"c(294567.948989983, 5040048.85956675)",9549,4,447.8315694905489,13859590,2.6446307375434644e-9,0,31000.13990035334,4.257037287885049
"c(297360.715234998, 5036538.73046383)",9583,4,531.2660523370498,7412934,2.2386983388942876e-9,1.9181249751244303e-18,33575.920380839,3.6695081947591723
"c(294692.209756129, 5038182.1582647)",9638,4,452.91184217000824,7074391,2.4909264114539504e-9,0,31169.364662372904,4.193375924141464
"c(295838.07217817, 5038249.13663979)",9686,4,733.3811913054633,11842381,2.457957248275207e-9,0,32411.09910172046,3.9881564698397125
"c(296208.795290311, 5038006.64466992)",9732,4,918.2278180156059,2107148,2.4304957814348433e-9,0,32854.417045369046,3.95246336106375
"c(299559.920768277, 5035873.65765692)",9933,4,505.89438595362515,1311174,2.0690954859984486e-9,0,35809.468293185106,3.338288584823472
"c(299834.809779655, 5035856.94050064)",9946,4,438.7359519452735,781525,2.048086370042551e-9,0,36084.92231365889,3.348961431535364
"c(299874.408769396, 5035757.46051676)",9948,5,625.4730828275042,529943,2.035040436100168e-9,0,36192.61072851529,3.2646523392848863
"c(299553.510826115, 5035775.62052433)",9951,4,858.421867018512,934323,2.0576776382480092e-9,0,35894.357481054445,3.2841443190799007
"c(299484.746802587, 5034714.07271287)",10048,4,489.5273480474408,783864,1.9737026238662773e-9,0,35452.76144327269,3.093617402366761
"c(299516.089082044, 5034712.22918714)",10049,3,143.1092525219102,233652,1.970011503824397e-9,4.793192143322482e-19,35484.15789321012,3.0809880710122868
"c(295230.997499054, 5033288.53610503)",10322,4,533.8357610502345,1547117,1.9571030480781728e-9,7.140380984686676e-19,33390.98511043126,3.1407294727040482
"c(295642.433468432, 5033629.4618315)",10330,3,459.1859557269854,774479,1.9803342924765657e-9,1.1097435549417195e-18,32856.25146445592,3.0675816615996374
"c(293243.7736054, 5036864.46951885)",10701,4,342.30231506165865,717988,2.319057370170075e-9,0,31828.926260682285,3.87552153066132
"c(295531.01474175, 5042145.97454237)",11332,4,504.645394549588,27887385,2.6608647099685745e-9,0,32154.989621225428,4.239050457902189
"c(295674.796713559, 5042053.15855382)",11335,4,607.9737749312236,21910023,2.6524768597518925e-9,0,32326.163451213393,4.227197654035053
"c(295627.880719293, 5041979.56256827)",11336,4,607.5727032423978,4640605,2.652759982785728e-9,0,32267.9773430101,4.2160320777728115
"c(295581.570724907, 5041905.57558278)",11337,4,610.1104155197067,4423519,2.6460776978066716e-9,0,32314.216960303344,4.196073206082235
"c(295721.526247877, 5042127.28893928)",11340,5,481.5214224436696,5014105,2.6484911807586443e-9,0,32413.225841157273,4.239651674472768
"c(295768.539957159, 5042201.86257466)",11341,4,610.637862753509,4342055,2.646852081876374e-9,0,32501.382849934005,4.207556640946451
"c(295816.321006348, 5042277.6150848)",11359,4,377.3418259306002,13742497,2.644106431027959e-9,0,32589.37924472862,4.204649161248045
"c(295882.172553348, 5042382.27091428)",11361,4,373.42572006221286,13753023,2.641052379319954e-9,5.0319745988476176e-20,32713.03157646106,4.197680334149043
"c(287564.668858351, 5033847.42726079)",11668,5,1102.0840335149485,6092716,2.0366153453569336e-9,0,36174.92514935426,2.9249655613440773
"c(287645.888843811, 5033837.12025992)",11670,6,822.7336380825371,7425615,2.0427060938308616e-9,0,36092.34888894484,2.958888064183913
"c(287636.604847149, 5033889.20425109)",11674,4,472.13533825697533,2595696,2.0433666428473605e-9,0,36039.26606583532,3.0133264700418305
"c(289746.662459716, 5033330.08327958)",11822,4,438.29733519764847,1356511,2.066269045610034e-9,1.2525169529208425e-18,36156.99513186054,3.1376107616318603
"c(293255.052858422, 5033701.98209815)",12226,4,378.6238865645164,11172894,2.1361067905904907e-9,1.997141929744532e-19,33537.822499658025,3.683174126538043
"c(293017.931896362, 5033595.5311247)",12235,4,459.5662713562951,14697027,2.1271275050534675e-9,7.381524510206333e-19,33719.702560848804,3.4473909142739383
"c(294717.097566499, 5032613.40524062)",12350,4,699.6344543221223,349498,1.9244313569716694e-9,0,34239.4740523537,3.1031228671892137
"c(294979.572867077, 5032959.09852121)",12403,4,782.449271295361,610105,1.91852301355229e-9,0,33805.42413813905,3.0712426794217373
"c(304669.459747548, 5059905.93413212)",12464,4,510.6093315410992,5545260,1.3323488650362275e-9,0,50260.21506035193,2.1766484643454014
"c(295242.706437308, 5031494.43041957)",12526,5,1478.1158072018904,2663318,1.8430844351291407e-9,0,34965.90463575513,2.952881299722414
"c(289462.46762047, 5036692.40669929)",12736,3,650.359903791435,7389438,2.2674715319400163e-9,0,32447.685062949797,2.9336958315604544
"c(289532.588614054, 5036869.082666)",12794,3,798.4816687580483,7398957,2.2854077797603467e-9,0,32257.464832979906,2.946114794995171
"c(287633.933995583, 5038379.65946394)",12841,4,924.2412957704312,523570,2.3474320807561355e-9,0,32433.53747267651,3.1996149694496565
"c(288836.670829807, 5039720.38018938)",12843,3,528.2946212493675,2748701,2.453638522910559e-9,0,30757.243407545564,3.4264292269422763
"c(288680.002026351, 5039544.49737536)",12845,4,1024.8374292431308,2918963,2.4508016577345978e-9,0,30992.78539232742,3.41023436417797
"c(290572.882560376, 5040738.30995367)",13017,4,461.0778237581774,1906241,2.5968665324324842e-9,0,28833.924579744347,4.027772710017557
"c(289571.981728835, 5040549.26501991)",13047,4,566.2910830584268,1916313,2.5299998777173583e-9,1.241899101599347e-18,29649.0954524133,3.755224247570621
"c(290721.504530494, 5040619.43596957)",13062,4,442.47033248723403,2078011,2.608639159727874e-9,0,28642.993848633127,4.048231595352588
"c(291532.940470041, 5043067.26151411)",13148,4,496.3884993397723,9091664,2.6172841852096843e-9,1.3811457349002712e-18,28667.641585460024,4.062663563330936
"c(291445.743478843, 5042873.99455083)",13196,4,402.9157795871438,8240941,2.6135486367343547e-9,1.853474706282792e-19,28494.860802693864,4.1630678415357645
"c(290059.112703231, 5042344.64968945)",13301,4,661.2236755293633,3721287,2.5508510949724443e-9,0,28384.80176063043,3.7924655465718216
"c(290274.850369134, 5042149.75291642)",13307,4,725.1847445812704,3573813,2.5664246607611017e-9,0,28384.920735963304,3.857367424602087
"c(290492.917614592, 5041953.81074349)",13316,4,577.3763588341517,2375672,2.587076348970042e-9,0,28241.466971920698,3.913102962125133
"c(290733.186568738, 5041835.32575628)",13329,4,419.096693328977,6701320,2.6303252000773084e-9,0,27913.61395778855,4.1055760126735805
"c(291066.474142769, 5042203.09813085)",13339,4,578.9868439995555,8198394,2.6047266132989468e-9,0,27829.349004843836,3.9342170473714013
"c(290946.5516293, 5042070.55230803)",13343,4,592.7352099257762,8687397,2.6119962941832582e-9,2.0420898866210459e-19,27650.59927840698,3.958474484764542
"c(290613.994585594, 5041716.27378107)",13360,4,361.78594651077776,7676703,2.624534119722171e-9,7.25718033637634e-19,28082.250722003333,4.147215173569035
"c(290519.205598762, 5041614.42080204)",13361,4,268.94979914206334,6546794,2.6207498811779395e-9,2.044379658912764e-19,28221.46830105985,4.255076134615713
"c(291859.595344104, 5040989.72886699)",13405,3,672.5140724149333,6047805,2.696085766020847e-9,0,28279.960655486142,4.1421212627009485
"c(291332.482446513, 5041303.33482955)",13408,3,487.6374216694438,6858178,2.6434152410176003e-9,0,28067.935204657548,4.005469860308907
"c(291077.805543555, 5041532.3393229)",13423,3,565.4098225002829,6522986,2.6251173344968574e-9,0,28203.03134697524,3.970485001121649
"c(290445.410586318, 5040849.80093837)",13449,4,481.7332651397047,2736280,2.5895720648037077e-9,0,29003.29208838379,4.044734154253125
"c(290448.294608488, 5041534.47181839)",13450,4,474.99909924231724,6245811,2.6118934804838725e-9,0,28328.399142306236,4.1059569603768855
"c(290375.006013538, 5041451.67761031)",13455,3,149.27256809049842,6307996,2.603238810930515e-9,0,28438.973307214732,4.127335600968504
"c(290189.735638513, 5041078.34890681)",13492,5,251.3481818530405,963285,2.588053637349357e-9,9.244774260135962e-19,28936.21670958283,4.187252089768969
"c(290288.2026184, 5040989.96391903)",13493,4,449.2725365622264,1110636,2.5832238433196977e-9,1.582356451099006e-19,29057.020433151458,4.064080269475124
"c(289830.216973707, 5041605.52780141)",13496,3,199.3040431165034,2170343,2.529845672487126e-9,1.0152533930765371e-19,29121.79629212387,3.858093624366192
"c(289189.831781317, 5040118.85810792)",13534,4,526.3681325720971,1976679,2.492658914392762e-9,0,30224.689096482387,3.6492397291896097
"c(289336.746761218, 5040286.70607367)",13550,4,451.5852124242311,2139622,2.5071654666812596e-9,0,30001.62633812459,3.6839354614434185
"c(289424.459749184, 5040385.8930534)",13551,3,368.83620671438456,2130812,2.516424229426193e-9,0,29869.21750545452,3.7076245408557154
"c(287494.626014784, 5038224.00049581)",13628,4,1122.3408612304845,155464,2.3129826093398258e-9,0,32641.03217906292,3.1140838077455424
"c(287357.932033696, 5038073.4185267)",13629,4,1046.8236929292989,317770,2.2794494126915875e-9,0,32843.66614064884,3.0493869352124476
"c(287234.158076685, 5038722.04141714)",13634,3,899.6912874893965,1130885,2.3140738964449556e-9,0,32791.51693910978,3.006987234447605
"c(285524.588937221, 5040151.802898)",13707,3,552.0631491041461,2073284,2.2183483116785306e-9,0,32678.45274892728,3.0191026720697605
"c(286133.908051568, 5040780.8638178)",13715,4,1087.316495918323,1479013,2.2601544353090995e-9,0,31802.450201335258,3.065266074031719
"c(285994.63505613, 5040636.64944764)",13717,4,487.7210963101981,1489726,2.253993842817912e-9,0,32002.990791694334,3.0673460947180073
"c(286454.903291469, 5041112.50102417)",13725,4,1095.2507390161795,1566516,2.2885761989760294e-9,0,31340.873804992487,3.143470549550495
"c(286778.343742728, 5041346.35564757)",13735,4,490.3076112221938,1550465,2.3096644456555914e-9,0,30927.562407688394,3.2286970336670495
"c(287737.989089659, 5041782.65986455)",13772,4,386.80854469612837,2040837,2.4103951329077234e-9,8.134921299133009e-20,29772.28268772197,3.4535081020209293
"c(288962.285027468, 5042733.79308262)",13895,3,509.8556356272326,38113908,2.5156347673212226e-9,0,28210.811517990354,3.6752793751069026
"c(289144.723129386, 5042847.07128177)",13897,3,481.39500094160053,37151852,2.530611784746643e-9,0,27996.06434735942,3.7163734572000138
"c(283065.25414473, 5040556.23915793)",13985,3,203.43675367191523,41029504,2.0160118989349497e-9,7.230259156090658e-20,34272.01105045911,2.8613599284334565
"c(283009.155873593, 5040527.93123972)",13997,3,385.2451526194251,40656273,2.0115158078819423e-9,1.8025366309305618e-18,34334.88656941765,2.848135398184836
"c(293165.461391523, 5049266.47837571)",14144,4,517.1359593631631,648829,2.2445775772181933e-9,0,34158.00798552717,3.558988233374669
"c(293387.831346127, 5049066.47540326)",14197,4,577.8382740823276,1657908,2.269112460576131e-9,0,34075.99950228673,3.6366321882600405
"c(294230.967228007, 5049928.6042245)",14321,4,325.4986391189512,2528087,2.201008239170639e-9,8.446870928398879e-19,35399.63634189817,3.7144202310001146
"c(293980.174282348, 5050248.399177)",14336,4,275.89237980839783,499329,2.161996579452419e-9,0,35644.683131200065,3.626118379961219
"c(294524.841163563, 5049531.18728414)",14353,3,252.53358709166156,1712885,2.2378714977939626e-9,4.696175292176518e-19,35475.048843147895,3.7275289440370196
"c(294562.085155389, 5049480.64329173)",14354,4,373.5183475113387,1725533,2.2404876806163447e-9,8.4787138843799885e-19,35537.8326794112,3.790115553648378
"c(294666.387132635, 5049343.20131227)",14355,4,346.3111310192485,10357213,2.256152132192584e-9,2.199252704347483e-19,35454.401548793925,4.018225257588955
"c(293926.436294141, 5050321.42316603)",14393,4,347.00082276339765,470433,2.153476744434476e-9,1.989400980246279e-18,35735.34889680723,3.596062731001041
"c(294271.264267304, 5051316.95298063)",14468,4,230.71079755274542,6805684,2.072306992280463e-9,6.413290944414672e-19,36410.80427016364,3.546225667191317
"c(294206.064277618, 5051285.86898823)",14469,4,219.90444081637062,7129190,2.0759039127521656e-9,5.334576390829143e-19,36338.57091659301,3.545656890606601
"c(295032.51317204, 5052432.64176038)",14521,4,387.55414683102515,5527512,1.972220495031238e-9,0,38149.864095816905,3.4437082583519936
"c(294437.062270146, 5052266.9228092)",14575,4,485.0732055617875,8825244,1.9814920324124066e-9,5.333037031927866e-19,37278.82164976566,3.3760541459971
"c(295205.197146252, 5052560.40873229)",14641,4,459.35859844562486,6405705,1.953287747970848e-9,0,38364.67807822022,3.3039874420875854
"c(295664.478033681, 5051584.43588738)",14684,4,447.72948324925164,6182667,2.0618138691825342e-9,1.9891038113527098e-19,37802.53363795492,3.6386892642677102
"c(295740.369017043, 5051481.96890274)",14690,4,484.65327263270626,4553198,2.0744162755210522e-9,1.6844038906799566e-18,37676.822498119705,3.6076458233649706
"c(295640.216050868, 5051972.14582048)",14706,4,319.59658516230996,8247272,2.0251486824383135e-9,1.1053034795266795e-18,37928.805749851796,3.5337927205915736
"c(296165.483607929, 5049685.15450243)",14980,4,510.64163907747616,3085503,2.1858136426258026e-9,0,37651.88142301485,3.8178495626512023
"c(296469.648528412, 5049489.8048514)",15021,4,537.5544299727021,692026,2.198124154943912e-9,0,37782.19467001377,3.8723464049041803
"c(296957.858715309, 5048801.03533044)",15073,4,526.4627294926188,237782,2.2607286148041493e-9,0,37565.76709507315,3.9861194033484577
"c(296851.812737, 5048897.0653172)",15105,4,464.5195154122455,92148,2.2413547510662087e-9,0,37709.57859195292,3.903999073313392
"c(296778.958753603, 5049013.89529922)",15110,4,391.73819768671376,116104,2.227698841533049e-9,0,37842.74712486327,3.896985585199816
"c(296750.879763995, 5049178.25227144)",15111,4,714.2341168495739,103610,2.21535135550507e-9,0,38009.76388635442,3.8662481678840943
"c(297129.506657539, 5047968.6934702)",15157,4,403.6578681227405,6653682,2.36931559364199e-9,0,36737.88064773488,4.2475804860506265
"c(297092.46466482, 5047993.38746712)",15161,4,701.1019822209811,8445972,2.367265638061199e-9,0,36715.18203348996,4.231141454644977
"c(297483.940612618, 5048471.74837038)",15166,4,452.9486178008005,262995,2.3089256339418064e-9,0,37354.744035502394,4.094923715724717
"c(297394.526630083, 5048528.04236354)",15167,4,423.90189552430706,233798,2.3071027910374795e-9,0,37330.786223679264,4.103497118855322
"c(298773.618414732, 5049271.96518727)",15335,4,740.2073555755687,1378817,2.1907118336681645e-9,0,39012.780739353715,3.8980126263990726
"c(298515.924464951, 5049430.64716818)",15338,3,399.5580226269111,9345637,2.1966796727578788e-9,0,38920.64387355639,3.853899488556194
"c(298502.330461435, 5049255.2081993)",15343,4,567.1738458234314,10392111,2.217484151298801e-9,0,38742.06147829537,4.036862520653885
"c(299238.139363252, 5050148.9580184)",15394,3,264.11989304223414,224243,2.0970992474335517e-9,3.502858515516311e-19,40146.30659409453,3.817879803582513
"c(297984.090507373, 5047931.930448)",15508,5,591.6880947304967,9856073,2.3215314759238995e-9,1.2030788807562463e-18,37658.346187580035,3.9815833432532313
"c(298075.422616762, 5048090.30911725)",15509,3,431.15558118971825,11705503,2.304374077692827e-9,0,37839.203786515856,3.9664900989326926
"c(296584.227840144, 5050586.31203097)",15607,4,477.2668659924079,2462892,2.09593591469379e-9,0,38599.37878861825,3.666004360027714
"c(298042.038591852, 5050753.08695299)",15633,4,322.3223175316742,722545,2.0652756808915612e-9,0,39925.46984659891,3.7518258451073905
"c(296321.727891501, 5050754.95101029)",15718,4,499.47442227128306,4591082,2.0940841734556124e-9,0,38290.05585468675,3.6811515448579293
"c(299774.11928601, 5050628.59791658)",15859,3,565.199944663119,1571015,2.0379410597993494e-9,0,40936.57110859098,3.72922554746853
"c(299320.257372477, 5050849.36389326)",15912,3,698.8280511225146,1366201,2.0542552025118754e-9,0,40462.12911855455,3.668355573285377
"c(300159.727221307, 5050701.69489085)",16159,4,808.3610822655029,426566,2.0044949689421824e-9,0,41460.98566037193,3.6570089868302325
"c(300398.846300866, 5050588.9409525)",16174,4,485.59241626584804,2510769,2.0108818273022663e-9,0,41553.4824463083,3.853352929418484
"c(275792.816031559, 5037407.12102149)",19157,4,990.9383477355898,1764509,1.4612766394336303e-9,0,43406.27406984035,2.6243209629677717
"c(276275.055962826, 5037883.98492232)",19181,4,1201.4800086837124,1890293,1.4916669338974942e-9,0,42727.080076284066,2.7289697845992755
"c(276683.582904638, 5038288.64183819)",19240,4,721.5188606333943,7953337,1.523327143591746e-9,0,42151.98821937788,2.780561079286047
"c(276943.117873242, 5038716.98475475)",19284,4,1021.5948525702967,3038222,1.542873018555124e-9,0,41644.67264224319,2.6634895572984467
"c(277446.92180468, 5039313.19763398)",19590,4,1368.0418333970401,2591455,1.5794342231510407e-9,0,40854.275315408435,2.703017093263991
"c(277720.906765711, 5039585.33457742)",19598,4,793.5612698258545,2738684,1.5928004171322382e-9,0,40468.01471462357,2.744374957870836
"c(278351.519673525, 5040134.32246078)",19775,4,443.33248696026874,2671974,1.6376872038786502e-9,0,39628.99581635495,2.9248253526243007
"c(278644.77611742, 5040289.903699)",19789,4,779.4217777291975,2397126,1.6573682756744236e-9,1.2487213394450365e-19,39296.76697830802,2.887577997242533
"c(279672.509471663, 5041012.84626395)",20223,4,548.814926610999,16197901,1.7424874221377893e-9,8.497560499655408e-19,37896.52027119256,2.870513257217903
"c(279805.073442236, 5040819.77829341)",20225,4,342.79511858693104,2713200,1.7384621473185403e-9,0,38016.96663388518,3.033828442832717
"c(276844.564882908, 5038484.87479859)",21019,3,614.5813109291851,2624345,1.5282550560789035e-9,0,41897.31077965424,2.685090859739753
"c(294472.171783178, 5037839.81933203)",21262,4,442.4487592682796,208909,2.43534883135982e-9,0,31568.437025234798,4.073825106805891
"c(288227.536037671, 5042795.11567117)",21266,4,396.4345318386339,6256667,2.433730785490518e-9,1.0957523510603737e-18,28791.933235397257,3.6041203212417035
"c(298771.535146209, 5041252.48559051)",21292,4,221.08330293150453,79371,2.4371531170400507e-9,5.362398618939546e-19,35776.212231604346,4.322774207741245
"c(295744.621801534, 5046401.59479053)",21306,4,488.7374232983807,9740629,2.523970093970234e-9,9.864413708859442e-19,34581.234241586666,4.208844059936651
"c(302418.898719488, 5047489.80337625)",21427,5,690.5773386184677,743776,1.9619168235118673e-9,2.1402362431903836e-18,43001.02966312659,3.209818647337627
"c(288291.525024914, 5042746.79667752)",21461,3,287.12768682653734,6688317,2.4416032038269773e-9,4.963112470707387e-19,28865.144211619823,3.645287685834396
"c(292857.442260941, 5043728.31635443)",21508,4,1249.6987624467863,3169246,2.6510148344331808e-9,0,30274.209061226746,4.002286123010012
"c(298586.774076798, 5038215.84212879)",21549,4,314.81522693914303,1355203,2.309714452864295e-9,8.697317892522012e-19,35413.90992438277,4.2798672484245754
"c(298138.21635616, 5044220.61109205)",21552,5,420.51996370261816,2438294,2.45790989988427e-9,1.0936026327225916e-18,36095.796865541684,4.185862019771635
"c(300032.990171761, 5048571.35426744)",21570,3,228.4728260938462,759390,2.146678929329582e-9,3.7128452784574765e-19,40368.34560812527,3.9221668863477603
"c(293577.143168718, 5044729.4981553)",21604,3,299.2623968096939,2765393,2.6476030030255127e-9,7.41409553966966e-19,31796.449858324242,4.242284253226503
"c(295609.613864348, 5046230.18482502)",21614,4,282.7346331086729,926975,2.535303456158602e-9,0,34417.25922815153,4.276156196327512
"c(294508.928046516, 5045938.52691276)",21663,4,315.74420982145193,2459809,2.5430471168891237e-9,0,33596.77736444634,4.144123916007281
"c(299251.185933068, 5040226.2973542)",21668,4,366.79446632745146,2680113,2.373011621801204e-9,1.8819683975669877e-19,36391.99964487936,4.346161760544156
"c(302291.965742394, 5047512.84837649)",21686,5,374.6804205959723,996282,1.9709657552542216e-9,0,42870.60027674722,3.28398489864031
"c(292582.09373786, 5043845.30394311)",21723,4,664.4354311608801,720921,2.6406335575847053e-9,0,29997.028624266717,4.02593357741542
"c(295490.041951029, 5033507.53985797)",21943,4,287.53556462986427,939301,1.971813196385272e-9,1.458829148244734e-20,33051.41334273462,3.1431724968728245
"c(295535.07306201, 5051757.9528614)",22139,3,324.1594563792635,6339471,2.047693071734096e-9,1.9764555779687911e-19,37844.99008938672,3.6053980609611407
"c(296219.820826996, 5034216.45328426)",22168,4,382.4095759139058,3917294,2.0153536451738507e-9,0,32031.042142238497,3.2673575244499977
"c(289728.932132676, 5041493.48457438)",22590,4,407.6526057704648,2284438,2.531149364509197e-9,2.8532842225367957e-19,29272.86483813597,4.024424905307848
"c(289185.213333489, 5041975.14808305)",22597,5,625.4475963901415,1101036,2.4948522360185257e-9,0,28860.713355260665,3.7294765171950646
"c(291673.990547933, 5046154.72096928)",22630,4,529.6170873560853,4949250,2.482260656268224e-9,0,30497.485331403692,3.716111011097948
"c(291433.007515059, 5043898.57537195)",22631,4,630.8189647311951,6874714,2.5793307731898487e-9,1.2733796195954754e-18,28716.82501774126,3.8888619987529314
"c(291872.992441321, 5043989.1033415)",22632,4,255.99359560824598,5034634,2.6255938897167494e-9,3.1340427047510724e-19,29169.185555389533,4.188814432421732
"c(292251.883370717, 5043853.10335272)",22634,4,588.9114262847899,19501006,2.6322844992210607e-9,0,29573.182654368826,4.05751007011942
"c(299546.174106469, 5040223.93686973)",22696,4,218.7639417428091,1042462,2.3444044439862986e-9,6.300679798806922e-19,36798.37920447383,4.487573990589123
"c(300530.853001043, 5046074.49368737)",22710,4,314.59542772386885,24019046,2.2289936033223317e-9,1.1381202507191781e-18,39916.900523899974,3.983094963725047
"c(294696.199002425, 5045595.43596653)",22739,4,309.093213039565,1490284,2.588799303115402e-9,0,33316.37764480328,4.452353435879794
"c(293832.715254725, 5048649.27746134)",22762,3,279.4370751034491,283678,2.3038570216992795e-9,0,34421.23859800868,3.727443815477886
"c(294506.796263679, 5052436.77477721)",22778,4,288.1061896525735,8791625,1.967389535369634e-9,1.9056157330555705e-19,37462.43147778692,3.475316654280582
"c(299040.202211055, 5044585.98099787)",22903,5,320.08832835756823,8770070,2.3839986486310657e-9,5.291449432161387e-19,37352.36315632356,4.310863249851824
"c(299961.902736869, 5040164.45869121)",22994,4,286.4678999837072,2161531,2.3030635528608418e-9,3.2711399558892447e-19,37256.11840767522,4.303420257674889
"c(299983.022714416, 5040201.34435904)",22997,4,333.82962436574934,2125810,2.3023852496663866e-9,8.002274598101956e-19,37298.65511987033,4.296110114041346
"c(304803.23674296, 5060456.14103167)",23039,3,674.7017386761703,5303056,1.3018546984257498e-9,8.501919011749537e-19,50826.45261715807,1.9593156967872365
"c(300246.879868227, 5040645.05864744)",23155,4,335.38657126684836,2143618,2.2952386804957504e-9,1.5261036517158726e-18,37616.68328296308,4.257327061394212
"c(300175.591151672, 5040525.75607074)",23156,3,251.82545514906775,1690766,2.296775429976021e-9,1.0164726236142719e-18,37537.63907673064,4.230310647816233
"c(300050.65652447, 5040107.90322314)",23157,3,156.08365612272706,69637,2.2891435052532827e-9,8.267740418838865e-19,37358.3899138972,4.306027061406858
"c(299883.883063715, 5040260.484252)",23158,3,225.65400998221003,272678,2.3094803582215734e-9,1.9168832990758346e-19,37245.19018323447,4.283621060921389
"c(293112.14520889, 5043499.22638605)",23881,5,260.7946752783655,1193301,2.684886773195914e-9,1.638995854038135e-18,30504.930178074374,4.336663768856224
"c(299293.263375729, 5050806.2689017)",24040,3,93.98470210029018,1374132,2.0576015726232935e-9,0,40411.27782399493,3.7827324337935555
"c(302882.108619803, 5046928.54445879)",24389,4,580.5555548404732,2142967,1.947236583355384e-9,5.541513927999361e-19,43307.506338361774,3.2386800267951106
"c(298698.961160814, 5041310.19958283)",24399,4,380.91122370851053,5758953,2.4513276640079324e-9,8.809351091634015e-19,35683.24883434257,4.338241851903094
"c(298603.889178835, 5041352.67457858)",24403,4,353.09688516989996,1600846,2.4548046908038564e-9,9.228395284138627e-19,35574.47502747393,4.23051249531031
"c(298646.518167594, 5041239.28659701)",24404,4,201.9245950626468,259929,2.448283909592517e-9,6.894934939853849e-19,35697.37708958018,4.404197617963512
"c(298170.941263912, 5041636.19354342)",24410,3,566.281802331749,8134951,2.4852674717318707e-9,0,35056.878921923526,4.1022971773583805
"c(298379.129222972, 5041498.92356049)",24412,3,428.2826563968333,8730446,2.4737939209538196e-9,0,35306.24871215622,4.16432337726868
"c(300987.58787159, 5041916.38974987)",24483,4,408.8969345068494,4448822,2.2192511558905712e-9,1.5685344246684086e-18,38971.649159189015,3.8065956951336717
"c(293092.111211511, 5043472.89939132)",24583,4,381.5537326530505,1250522,2.6842451945579016e-9,0,30484.008116071676,4.365658690012754
"c(298198.577165107, 5038827.98803449)",24775,4,278.86488805708944,3284695,2.3742764057988458e-9,1.6932397521430197e-19,35248.39763100178,4.400987566201
"c(300447.776797724, 5039589.94482557)",24803,4,669.5368176305142,2550031,2.2237369107693744e-9,0,37738.54840682097,3.978251963403254
"c(295805.610761852, 5044184.06517645)",24891,4,603.5047976430636,15684292,2.637142274959885e-9,0,33495.023906878225,4.258366876993841
"c(299469.43998676, 5040131.16876355)",24901,2,209.71799510672577,1382870,2.3467430363311004e-9,3.9009639960342637e-19,36674.371637924436,4.240613530641289
"c(299820.647967606, 5041388.68253148)",24904,2,313.6239669326501,763721,2.350713445666532e-9,0,37246.086384088434,4.1922512950987745
"c(298146.327175705, 5038871.91002854)",24906,2,135.17853493860503,465126,2.378597748076085e-9,8.792612447554924e-20,35195.86209161422,4.239976153199122
"c(295779.377692513, 5034471.16155425)",24929,5,539.934178074697,3109789,2.013206399593169e-9,0,32543.000252551563,3.0928826333337134
"c(296004.495059199, 5034352.74729252)",24930,3,526.6505296903313,3069687,2.0103363527392607e-9,0,32285.95277622813,3.085986246839145
"c(295393.260475377, 5033429.9900748)",24932,3,315.8624764177827,770269,1.9653591052532037e-9,0,33175.43467763848,3.0799439096508747
"c(295134.892462993, 5031699.34138719)",24980,3,461.3252042713755,47560,1.8505778502510859e-9,0,35201.50412025659,2.975666781234467
"c(299053.606404391, 5050416.85197779)",24988,2,197.99875217951526,984228,2.095403650094617e-9,0,40046.10765118717,3.6842219466139103
"c(299127.282395597, 5050537.0969543)",24989,2,448.38841666156173,961687,2.0815451253872576e-9,1.2793888334912357e-18,40187.12894765351,3.6121798772087996
"c(299339.00474955, 5050115.2761459)",24998,3,198.82212506587672,206909,2.0906017469617e-9,5.408088992534615e-19,40252.64968642877,3.805382720211616
"c(299416.810330095, 5050088.40302298)",24999,3,204.7890395785259,202497,2.088620937981066e-9,4.2837320188030218e-19,40334.96537812414,3.8166174103040116
"c(297766.3816129, 5047561.33507009)",25002,2,142.4041669164572,9316878,2.3560008973662698e-9,5.676751155961662e-19,37337.74568454922,4.0485009889816626
"c(297828.752690417, 5047662.47250032)",25003,2,269.25127612301145,9298175,2.344032928108395e-9,9.947593640558872e-19,37456.574491942905,3.9446581558559908
"c(296995.799493442, 5042365.82445496)",25023,2,413.9218123130928,1382466,2.545023912855347e-9,0,34238.746749686594,4.054370247747147
"c(298929.488126734, 5041494.28954287)",25030,2,189.7494230102593,219920,2.4260933281228025e-9,0,36052.71741487747,4.204637012159586
"c(295353.844705632, 5039235.28600811)",25044,2,318.90594158177925,9076487,2.527557009526708e-9,0,32046.808204523393,3.9347164208360477
"c(295403.952974518, 5039314.46221756)",25045,2,211.26784490702778,9080368,2.5303015987401873e-9,7.882504420561399e-19,32140.509013130682,3.9689661999243455
"c(295730.075116657, 5052014.99655999)",25079,3,212.59644757564288,7362049,2.0156460966808726e-9,5.981375611450172e-19,38028.35911947923,3.462495003040465
"c(282443.166974532, 5040594.14424668)",25116,4,291.1970889007657,40477863,1.9711444926821536e-9,8.019641483733312e-19,34919.23538066286,3.017430250538242
"c(293927.890794275, 5035313.10479316)",25169,2,376.89402303168765,7755284,2.231049309038889e-9,0,31464.693923825504,3.4259946625381015
"c(289390.298521809, 5041796.93235746)",25230,3,509.72283127177127,118746,2.4906346448830144e-9,0,29132.456853266758,3.6563907625332916
"c(289556.935622811, 5041648.19837798)",25290,3,469.33229393661475,127612,2.50297036894705e-9,0,29355.816985041376,3.7075402768860477
"c(302588.330647241, 5046223.06559211)",25347,3,424.4311240025682,4534108,1.9938762990730207e-9,0,42645.783330663086,3.217769586930035
"c(302617.890010112, 5046312.77195042)",25349,4,207.3971254506101,319794,1.994051605744977e-9,2.8989388293796404e-19,42693.75498984772,3.3899184202760675
"c(302816.254623898, 5046709.50549933)",25356,3,296.3142344866938,2109971,1.9633225607116074e-9,0,43078.06511241329,3.3038617437409523
"c(303348.674579964, 5048158.37822796)",25381,3,432.5892214994956,4204099,1.8602323738156205e-9,0,44452.78233774167,3.070273562032965
"c(303519.128559608, 5048435.40017376)",25382,4,429.1753675852227,4275906,1.8418206000685254e-9,3.362742662335424e-19,44680.869018739504,3.145181463065953
"c(303873.826516674, 5048994.51906402)",25395,3,293.3884338085047,196718,1.7968277883901003e-9,2.752757596217645e-19,45204.20510428715,2.952136872309783
"c(303960.134506318, 5049133.14903687)",25407,3,280.16548469642487,173464,1.7849608190885652e-9,6.1743492887522625e-19,45367.52153332643,2.943055398077598
"c(304016.590499562, 5049224.35501901)",25408,3,329.7740131543891,149500,1.7776968127733226e-9,5.910497721476353e-19,45474.79569639934,2.9401493969861594
"c(304130.564485763, 5049403.67598381)",25410,4,314.82080405499363,260136,1.763603770671033e-9,4.450750596204308e-19,45686.86359050788,3.0282595603498663
"c(301141.148859209, 5047696.92993306)",25464,2,210.27652002335668,46484,2.0833367229417217e-9,0,41391.068087062384,3.535701543392462
"c(304856.733741104, 5060675.47399162)",25540,2,479.9245258091003,4646444,1.2900814686592578e-9,0,51052.21549305153,1.9170471536660183
"c(304917.045389002, 5060922.37609655)",25541,2,351.4246036229023,4615429,1.2770949390486663e-9,0,51306.37714296718,1.9154971414060453
"c(287646.159794502, 5043110.59063516)",25666,2,309.387934254936,3617080,2.355611433691052e-9,0,29029.847834380384,3.236188362925338
"c(297966.79942158, 5050801.56274704)",25806,3,141.58453440788213,693014,2.0624912315159783e-9,7.006546541007299e-19,39949.60484459479,3.781631808264145
"c(291667.160380606, 5041077.508858)",26301,2,123.36375157484073,5529044,2.6659622858034727e-9,0,28472.377390905185,4.043313828731884
"c(291724.840544697, 5041052.16758552)",26302,3,484.24106113519866,5851867,2.67376954428025e-9,0,28428.482425996674,4.061478747970237
"c(287857.836073319, 5041921.17383634)",26339,3,348.2639643431172,1993638,2.4218808227804384e-9,2.713518118299725e-19,29588.861411081154,3.437449403833937
"c(289724.196471512, 5033568.24523853)",26434,4,330.21278727985316,2177293,2.0812088021203726e-9,0,35917.759739592555,3.194558202645957
"c(301448.192864335, 5046765.6975356)",26578,3,175.69652124288416,4647906,2.0890190878511446e-9,1.4378720457543007e-19,41456.29850658733,3.6398861768705926
"c(300323.846821585, 5039655.92781817)",26586,4,375.899109166472,1004147,2.239184149695459e-9,0,37598.14016727497,4.068073616510029
"c(300533.07800111, 5046088.01468493)",26722,4,409.266037721756,26577527,2.2290175028373195e-9,2.630618244641756e-19,39915.80056523342,3.985327494905959
"c(282578.443949602, 5040553.75924931)",26796,2,350.18262683115734,40468437,1.9806638515418014e-9,2.833728989068422e-19,34778.05883563963,2.8340323287766083
"c(290683.523575681, 5041783.28576704)",26884,4,299.537550180563,8677093,2.6288185099223805e-9,5.535594834755639e-19,27985.596232439613,4.113370829988324
"c(285395.1812855, 5040020.71330021)",26939,4,598.6866639296074,2138402,2.2081904904073272e-9,8.065243383048338e-19,32862.66325871789,3.023908928790573
"c(301065.270854652, 5042113.46553774)",27152,2,287.576137148035,4322674,2.2083911010773266e-9,0,39183.622534353,3.7147013822230743
"c(296694.991552302, 5042556.15843169)",27154,2,306.38173498184074,1312803,2.57445081106911e-9,0,33883.30220917425,4.087294779069505
"c(295120.188982142, 5040306.6240032)",27156,2,279.8045142324597,413778,2.5948819461889484e-9,0,31835.279328564848,3.940152272405525
"c(295370.899883742, 5038067.70376216)",27157,2,596.5078075338433,4468422,2.442635836658442e-9,0,32032.961283551198,3.9016234523816977
"c(287357.922207031, 5043330.4466062)",27241,4,478.07872201785426,37107546,2.3505833685520707e-9,0,28922.241263375592,3.349649417270871
"c(287451.122187999, 5043246.27561786)",27242,3,656.510864320198,3628756,2.345295432040169e-9,0,29047.85857209818,3.2232459879605795
"c(288019.825077741, 5042911.25865771)",27243,4,368.80401846230814,3741093,2.4133822632573925e-9,0,28606.329424494994,3.4426127395968584
"c(299508.98696159, 5039586.36085769)",29332,4,254.3757242099398,5068760,2.3195376457191667e-9,1.9773984194461867e-20,36517.02539336515,4.265067763801147
"c(293285.680851025, 5033640.51010792)",29472,4,181.6681175148764,8361415,2.129074854601639e-9,5.326524963957967e-19,33606.983903159715,3.73021295313509
"c(292658.866217618, 5045744.86335823)",29652,4,535.9705645773256,9933117,2.5590145034604506e-9,0,31121.61796732662,3.9775647209059013
"c(294305.313036801, 5049830.96886409)",29670,3,256.8822881875476,1617690,2.2139270739346984e-9,1.5864294786166835e-19,35278.56617114346,3.7271401134665343
"c(299245.213245364, 5046674.31262563)",29734,3,349.0078176654986,2325194,2.2943557270015684e-9,9.023280871344152e-19,38515.883390575815,3.9793704425448024
"c(300769.058546256, 5045977.94284625)",29879,4,352.81474772725056,1704163,2.197768463084667e-9,0,40176.27515442731,3.9640151082147383
